Company,Location HQ,# Laid Off,Date,%,Industry,Source,Stage,$ Raised (mm),Country,Date Added,AI
Motive,SF Bay Area,251,2026-08-19,0.05,Transportation,Internal memo,Series F,567,United States,2026-08-20T01:12:18.000Z,No
Tiktok,Los Angeles,75,2026-08-19,,Consumer,https://www.geekwire.com/2026/tiktok-cuts-75-jobs-in-seattle-area-hitting-e-commerce-teams/,Acquired,,United States,2026-08-20T01:09:59.000Z,No
BlocPower,New York City,,2026-08-19,1,Energy,https://www.latitudemedia.com/news/scoop-blocpower-is-shutting-down/,Unknown,268,United States,2026-08-20T20:25:31.000Z,No
Qualtrics,Salt Lake City,,2026-08-19,,Other,https://www.geekwire.com/2026/qualtrics-cuts-jobs-in-seattle-utah-and-overseas-as-it-absorbs-6-75b-acquisition/,Acquired,400,United States,2026-08-20T01:13:30.000Z,No
Pentera,Boston,60,2026-08-17,0.14,Security,https://www.calcalistech.com/ctechnews/article/cri3dnoqo,Series D,249,United States,2026-08-18T00:03:10.000Z,Yes
Relay,SF Bay Area,,2026-08-17,1,Other,https://techcrunch.com/2026/08/17/ai-automation-startup-relay-shuts-down-staff-joins-googles-chrome-team/,Seed,8,United States,2026-08-18T00:07:50.000Z,No
Anaconda,Austin,,2026-08-13,0.14,Data,https://www.anaconda.com/blog/open-letter-to-our-community-customers-and-partners,Series C,233,United States,2026-08-18T22:31:15.000Z,No
Netflix,SF Bay Area,,2026-08-13,,Media,https://www.polygon.com/netflix-shutting-down-game-studios/,Post-IPO,121900,United States,2026-08-18T00:03:59.000Z,No
Bitwise,SF Bay Area,25,2026-08-12,0.14,Crypto,https://www.theblock.co/news/business/2026-08-12-bitwise-layoffs-411522,Unknown,154,United States,2026-08-13T23:53:01.000Z,No
Convictional,"Waterloo, Non-U.S.",,2026-08-12,1,Other,https://betakit.com/convictional-to-shut-down-return-investor-money-after-ai-era-pivot-falls-short/,Series B,49,Canada,2026-08-13T19:30:22.000Z,No
LinkedIn,"Tel Aviv, Non-U.S.",50,2026-08-11,,Recruiting,https://www.calcalistech.com/ctechnews/article/rjrwxydizg,Acquired,154,Israel,2026-08-12T00:08:12.000Z,No
Rapid7,Boston,313,2026-08-10,0.12,Security,https://www.bizjournals.com/boston/news/2026/08/10/rapid7-layoffs-new-ceo.html,Post-IPO,89,United States,2026-08-11T03:42:34.000Z,Yes
Validient,"Sydney, Non-U.S.",,2026-08-10,1,Other,https://www.linkedin.com/posts/ieuanleigh_my-first-startup-validient-has-officially-activity-7492505033595432961-ZHdE,Unknown,,Australia,2026-08-11T03:46:10.000Z,No
ClimateAI,SF Bay Area,,2026-08-08,1,Other,https://agfundernews.com/climate-resilience-platform-climateai-winds-down-operations,Series B,38,United States,2026-08-11T03:47:40.000Z,No
Salesforce,SF Bay Area,133,2026-08-07,,Sales,https://thenextweb.com/news/salesforce-133-layoffs-washington-california-ai-restructuring,Post-IPO,65,United States,2026-08-11T03:48:20.000Z,No
VideoAmp,Los Angeles,50,2026-08-07,0.2,Marketing,https://www.wsj.com/cmo-today/videoamp-cuts-staff-as-ai-agents-take-center-stage-ef6f44d1,Series F,456,United States,2026-08-07T16:17:43.000Z,Yes
TikTok,Nashville,250,2026-08-06,,Consumer,https://www.nytimes.com/2026/08/05/technology/tiktok-layoffs-nashville.html,Acquired,,United States,2026-08-06T17:14:42.000Z,Yes
Infineon,"Munich, Non-U.S.",98,2026-08-06,,Manufacturing,https://www.abc15.com/news/business/german-semiconductor-firm-shutters-mesa-plant-lays-off-workers,Post-IPO,1500,Germany,2026-08-18T00:04:47.000Z,No
Etsy,New York City,220,2026-08-05,0.12,Retail,https://www.cnbc.com/2026/08/05/etsy-layoffs-q2-earnings.html,Post-IPO,97,United States,2026-08-05T22:22:25.000Z,No
Google,SF Bay Area,52,2026-08-05,,Consumer,https://www.geekwire.com/2026/google-to-cut-52-employees-in-washington-state/,Post-IPO,26,United States,2026-08-06T17:15:41.000Z,No
LegalZoom,Austin,,2026-08-05,0.13,Legal,https://finance.yahoo.com/markets/stocks/articles/legalzoom-com-inc-q2-2026-025809440.html,Post-IPO,952,United States,2026-08-07T16:16:36.000Z,Yes
Proof of Play,New York City,,2026-08-05,1,Consumer,https://www.blockchaingamer.biz/amp/news/42740/proof-of-play-shuts-down/,Seed,33,United States,2026-08-13T23:56:32.000Z,No
Zillow,Seattle,500,2026-08-04,0.07,Real Estate,https://www.geekwire.com/2026/zillow-cuts-more-than-500-jobs-in-its-largest-layoff-of-the-year/,Post-IPO,97,United States,2026-08-04T22:20:20.000Z,No
80 Acres Farms,Cincinnati,,2026-08-04,1,Food,https://agfundernews.com/indoor-ag-heavyweight-80-acres-farms-to-cease-operations,Unknown,275,United States,2026-08-04T23:18:47.000Z,No
jalebi.io,"Dubai, Non-U.S.",,2026-08-04,1,Food,https://jawlah.co/en/61711,Seed,,UAE,2026-08-04T23:18:02.000Z,No
Nutanix,SF Bay Area,,2026-08-04,0.05,Infrastructure,https://www.crn.com/news/cloud/2026/nutanix-to-layoff-5-percent-of-global-workforce-here-s-why,Post-IPO,1100,United States,2026-08-04T23:16:45.000Z,No
FalconX,SF Bay Area,,2026-08-03,0.1,Crypto,https://cryptobriefing.com/falconx-cuts-workforce-market-downturn/,Series D,477,United States,2026-08-03T23:09:48.000Z,No
Pump.fun,San Diego,40,2026-08-01,,Crypto,https://www.kucoin.com/news/flash/pump-fun-employees-allegedly-laid-off-before-token-vesting-team-unlocks-102m-in-pump-tokens,Unknown,,United States,2026-08-03T20:36:55.000Z,No
Chime,SF Bay Area,150,2026-07-31,0.1,Finance,https://www.bankingdive.com/news/chime-cut-workforce-10-percent-150-employees-ai-smaller-teams-chris-britt/826730/,Series G,2300,United States,2026-07-31T18:10:58.000Z,Yes
ChargePoint,SF Bay Area,144,2026-07-31,0.1,Manufacturing,https://www.marketwatch.com/story/chargepoint-holdings-to-cut-10-of-workforce-b0dd44f1,Unknown,1400,United States,2026-08-02T21:15:35.000Z,No
Lightspeed Commerce,"Montreal, Non-U.S.",100,2026-07-31,0.03,Retail,https://betakit.com/lightspeed-narrows-net-loss-beats-revenue-expectations-in-fiscal-q1/,Post-IPO,1200,Canada,2026-07-31T18:15:07.000Z,No
Reforged Labs,"Singapore, Non-U.S.",,2026-07-31,1,Marketing,https://www.techinasia.com/ai-ad-startup-reforged-labs-winds-years,Seed,4,Singapore,2026-08-02T04:03:41.000Z,No
GoLemon,"Lagos, Non-U.S.",33,2026-07-30,1,Retail,https://nairametrics.com/2026/07/30/nigerian-startup-golemon-shuts-down-33-jobs-affected/,Unknown,,Nigeria,2026-07-30T23:32:16.000Z,No
Krutrim,"Bengaluru, Non-U.S.",20,2026-07-28,0.5,AI,https://yourstory.com/2026/07/krutrim-lays-off-nearly-half-workforce,Unknown,304,India,2026-07-29T01:40:22.000Z,No
Luno,"London, Non-U.S.",,2026-07-28,0.2,Crypto,https://www.bloomberg.com/news/articles/2026-07-28/cryptocurrency-exchange-luno-to-cut-20-of-global-staff,Acquired,13,United Kingdom,2026-07-29T01:41:18.000Z,No
ServiceNow,SF Bay Area,,2026-07-28,,Support,https://www.businessinsider.com/servicenow-cuts-jobs-amid-global-restructuring-and-ai-focus-2026-7,Post-IPO,84,United States,2026-07-29T01:48:32.000Z,No
BuzzFeed,New York City,180,2026-07-27,0.35,Media,https://www.hollywoodreporter.com/business/business-news/buzzfeed-huffpost-layoffs-1236657384/,Post-IPO,696,United States,2026-07-28T21:32:11.000Z,No
BitMart,New York City,,2026-07-27,1,Crypto,https://decrypt.co/374346/bitmart-becomes-latest-crypto-exchange-to-shut-down,Series B,10,United States,2026-07-29T01:43:48.000Z,No
Nothing,"London, Non-U.S.",100,2026-07-26,0.12,Hardware,https://sifted.eu/articles/nothing-to-cut-around-100-jobs-in-cost-cutting-push-reports-say,Series C,454,United Kingdom,2026-07-29T01:42:18.000Z,No
Papaya Gaming,"Tel Aviv, Non-U.S.",30,2026-07-26,0.07,Consumer,https://www.calcalistech.com/ctechnews/article/hyrsiu7hfg,Unknown,,Israel,2026-07-27T04:13:24.000Z,Yes
Dutch,SF Bay Area,,2026-07-26,,Other,https://startupfortune.com/hims-cofounder-joe-spector-replaced-dutchs-marketing-team-with-ai-and-cut-acquisition-costs-20/,Series B,43,United States,2026-07-27T04:15:53.000Z,Yes
Patreon,SF Bay Area,93,2026-07-23,0.2,Media,https://techcrunch.com/2026/07/23/patreon-lays-off-off-20-of-its-workforce/,Series F,413,United States,2026-07-24T03:26:33.000Z,Yes
BitMEX,Non-U.S.,,2026-07-23,1,Crypto,https://www.cnbc.com/2026/07/23/cryptocurrency-exchange-bitmex-shut-down.html,Seed,0,Seychelles,2026-07-27T04:11:16.000Z,No
Amazon,Port St. Lucie,1110,2026-07-22,,Retail,https://www.msn.com/en-us/money/companies/amazon-to-renovate-two-florida-warehouses-for-400m-cut-1-100-jobs/ar-AA28s48O,Post-IPO,8100,United States,2026-07-24T03:30:59.000Z,No
Monday.com,"Tel Aviv, Non-U.S.",630,2026-07-22,0.2,Product,https://techcrunch.com/2026/07/22/monday-com-lays-off-hundreds-to-focuses-on-ai/,Post-IPO,384,Israel,2026-07-23T04:23:40.000Z,Yes
Amazon,Seattle,,2026-07-22,,Retail,https://www.reuters.com/business/world-at-work/amazon-cuts-jobs-its-artificial-general-intelligence-group-2026-07-22/,Post-IPO,8100,United States,2026-07-24T03:28:35.000Z,No
Uber,SF Bay Area,,2026-07-22,,Transportation,https://www.bloomberg.com/news/articles/2026-07-22/uber-cuts-10-of-customer-service-jobs-citing-embrace-of-ai,Post-IPO,25200,United States,2026-07-24T03:41:44.000Z,Yes
WSC,"Tel Aviv, Non-U.S.",70,2026-07-21,0.1,Media,https://www.calcalistech.com/ctechnews/article/skknlch4zl,Series D,136,Israel,2026-07-27T04:19:47.000Z,No
Movement Labs,New York City,,2026-07-21,1,Crypto,https://www.coindesk.com/policy/2026/07/21/movement-labs-files-for-chapter-11-months-after-token-scandal-and-strategic-overhaul,Series B,141,United States,2026-07-27T04:17:12.000Z,No
Magic Leap,Miami,193,2026-07-20,,Consumer,https://roadtovr.com/magic-leap-lay-off-2026-waveguide-pivot/,Series E,4100,United States,2026-07-27T04:21:53.000Z,No
Intel,Sacramento,,2026-07-20,,Hardware,https://www.oregonlive.com/silicon-forest/2026/07/intel-plans-fresh-layoffs-this-time-in-its-data-center-group.html,Post-IPO,12,United States,2026-07-22T02:54:48.000Z,No
Samsung,New York City,739,2026-07-19,,Hardware,https://www.cnbc.com/2026/07/19/samsung-cuts-us-jobs-offers-relocations-ahead-of-hq-move-reuters.html,Post-IPO,,United States,2026-07-22T02:53:52.000Z,No
Samsung,Dallas,100,2026-07-19,,Hardware,https://www.cnbc.com/2026/07/19/samsung-cuts-us-jobs-offers-relocations-ahead-of-hq-move-reuters.html,Post-IPO,,United States,2026-07-22T02:54:03.000Z,No
Polygon,"Cayman Islands, Non-U.S.",,2026-07-16,,Crypto,https://www.thestreet.com/crypto/markets/polygon-cuts-jobs-for-second-time-this-year-in-a-bold-pivot,Unknown,451,Cayman Islands,2026-07-20T01:50:24.000Z,No
Sprout Social,Chicago,260,2026-07-15,0.2,Marketing,https://www.marketwatch.com/story/sprout-social-to-cut-20-of-workforce-as-ai-fueled-tech-layoffs-continue-7e2b1b17,Post-IPO,111,United States,2026-07-15T15:43:45.000Z,Yes
Rapid7,Boston,21,2026-07-14,0.01,Security,https://www.bostonglobe.com/2026/07/14/business/rapid7-layoffs-snyk-cybersecurity-jobs/,Post-IPO,89,United States,2026-07-27T04:02:52.000Z,No
Redis,SF Bay Area,200,2026-07-13,,Data,https://redis.io/blog/ceo-rowan-trollopes-organizational-announcement-to-redis-employees/,Series G,357,United States,2026-07-13T23:38:37.000Z,No
Gigbanc,"Lagos, Non-U.S.",,2026-07-13,1,Finance,https://africabusinesscommunities.com/tech-24/nigerian-fintech-startup-gigbanc-winds-down-operations/,Seed,1,Nigeria,2026-07-14T00:01:23.000Z,No
Alarum,"Tel Aviv, Non-U.S.",,2026-07-12,,Security,https://www.calcalistech.com/ctechnews/article/4gnx3zo23,Post-IPO,34,Israel,2026-07-13T23:40:19.000Z,No
GoKwik,"New Delhi, Non-U.S.",100,2026-07-11,,Finance,https://inc42.com/buzz/exclusive-gokwik-lays-off-around-120-employees-amid-ai-push/,Unknown,68,India,2026-07-12T01:08:26.000Z,Yes
OpenText,"Waterloo, Non-U.S.",400,2026-07-08,0.02,Data,https://betakit.com/opentext-lays-off-two-percent-of-its-workforce/,Post-IPO,1100,Canada,2026-07-10T15:33:00.000Z,No
MyHeritage,"Tel Aviv, Non-U.S.",75,2026-07-08,0.15,Consumer,https://en.globes.co.il/en/article-myheritage-to-lay-off-15-of-workforce-1001548761,Acquired,49,Israel,2026-07-09T17:00:20.000Z,No
Mews,"Amsterdam, Non-U.S.",200,2026-07-07,0.15,Travel,https://skift.com/2026/07/07/mews-layoffs-restructuring-ai/,Series D,817,Netherlands,2026-07-08T15:01:22.000Z,Yes
Darrow,"Tel Aviv, Non-U.S.",60,2026-07-07,0.33,Legal,https://www.calcalistech.com/ctechnews/article/hy7svt97ge,Series B,63,Israel,2026-07-08T14:59:54.000Z,No
Billion Hearts,"Bengaluru, Non-U.S.",,2026-07-07,1,Consumer,https://inc42.com/buzz/koo-cofounder-mayank-bidawatka-shuts-new-startup-picsee/,Seed,5,India,2026-07-08T14:56:18.000Z,No
PokerStars,"Leeds, Non-U.S.",,2026-07-07,,Consumer,https://sbcamericas.com/2026/07/07/pokerstars-layoffs-fanduel-restructure/,Acquired,,United Kingdom,2026-07-08T16:11:36.000Z,No
Microsoft,Seattle,4800,2026-07-06,0.02,Other,https://www.cnbc.com/2026/07/06/microsoft-cuts-2point1percent-of-employees-as-xbox-unit-plans-to-spin-studios.html,Post-IPO,1,United States,2026-07-06T16:32:44.000Z,No
Amazon,Seattle,57,2026-07-06,,Retail,https://www.geekwire.com/2026/filing-shows-amazon-cut-57-tech-jobs-in-washington-state-in-recent-weeks/,Post-IPO,8100,United States,2026-07-09T16:58:28.000Z,No
Yield Guild Games,New York City,35,2026-07-06,,Crypto,https://cointelegraph.com/news/yield-guild-games-cuts-35-staff-shuts-game-publisher-to-focus-on-ai,Unknown,36,United States,2026-07-08T16:09:58.000Z,No
Coursera,SF Bay Area,,2026-07-06,,Education,https://www.reuters.com/sustainability/coursera-cut-jobs-post-udemy-merger-restructuring-2026-07-06/,Acquired,458,United States,2026-07-08T14:58:15.000Z,No
Hotmart,"Belo Horizonte, Non-U.S.",,2026-07-06,0.1,Marketing,https://g1.globo.com/trabalho-e-carreira/noticia/2026/07/06/hotmart-faz-layoff-e-demite-cerca-de-10percent-dos-funcionarios-em-reestruturacao.ghtml,Series C,127,Brazil,2026-07-11T21:13:29.000Z,No
CorroHealth,"Kochi, Non-U.S.",800,2026-07-03,,Healthcare,https://www.onmanorama.com/news/kerala/2026/07/03/kerala-job-cuts-protest.html,Private Equity,376,India,2026-07-06T17:04:17.000Z,No
TikTok,"Dublin, Non-U.S.",300,2026-07-01,,Consumer,https://startupfortune.com/tiktok-confirms-layoffs-in-singapore-and-three-other-cities-in-one-day/,Acquired,,Ireland,2026-07-05T03:05:13.000Z,Yes
Tokopedia,"Jakarta, Non-U.S.",,2026-07-01,0.9,Retail,https://www.techinasia.com/tiktok-confirms-layoffs-in-indonesia,Acquired,2800,Indonesia,2026-07-03T15:53:00.000Z,No
PlaxidityX,"Tel Aviv, Non-U.S.",80,2026-06-30,,Security,https://www.calcalistech.com/ctechnews/article/rj3q6xzmfg,Acquired,25,Israel,2026-07-01T00:19:03.000Z,No
Elementor,"Tel Aviv, Non-U.S.",100,2026-06-29,0.3,Media,https://www.calcalistech.com/ctechnews/article/sycgn6yxze,Series B,65,Israel,2026-06-30T01:28:53.000Z,Yes
Equip Health,San Diego,,2026-06-29,0.04,Healthcare,https://bhbusiness.com/2026/06/29/digital-eating-disorder-treatment-startup-equip-health-rolls-out-layoffs/,Unknown,164,United States,2026-06-30T01:30:02.000Z,No
SAS,Raleigh,300,2026-06-26,,Data,https://www.newsobserver.com/news/business/article316281262.html,Unknown,,United States,2026-06-27T16:41:37.000Z,No
ADP,Jersey City,76,2026-06-26,,HR,https://www.nj.gov/labor/assets/PDFs/WARN/2026_WARN_Notice_Archive.pdf,Post-IPO,,United States,2026-06-30T17:56:06.000Z,No
Culture Amp,"Melbourne, Non-U.S.",70,2026-06-26,0.09,HR,https://www.capitalbrief.com/article/culture-amp-cuts-70-jobs-9-of-its-workforce-in-third-round-of-layoffs-in-3-years-400d7e8e-c8d8-4c82-b4c2-3bb36bdfb5d5/,Series F,257,Australia,2026-06-27T16:42:13.000Z,Yes
CompanyCam,Lincoln,,2026-06-26,,Recruiting,https://journalstar.com/news/local/business/article_8361d6df-899e-4843-a5ed-634232e5c917.html,Series C,38,United States,2026-06-27T16:51:12.000Z,No
JiviAI,"Gurugram, Non-U.S.",,2026-06-26,1,Healthcare,https://entrackr.com/exclusive/exclusive-jiviai-shuts-down-founder-ankur-jain-may-rejoin-bharatpe-12108207,Seed,,India,2026-06-27T16:54:22.000Z,No
Bungie,Seattle,292,2026-06-25,,Consumer,https://www.geekwire.com/2026/sony-cuts-significant-number-of-jobs-at-bungie-following-end-of-destiny-2-development/,Acquired,100,United States,2026-06-27T16:45:42.000Z,No
BitGo,SF Bay Area,90,2026-06-25,0.15,Crypto,https://x.com/mikebelshe/status/2070240967479996463,Unknown,171,United States,2026-06-26T22:27:15.000Z,Yes
Amperity,Seattle,,2026-06-25,,Marketing,https://www.geekwire.com/2026/amperity-hit-with-layoffs-as-ai-changes-the-shape-of-the-customer-data-startup-and-how-it-operates/,Series D,187,United States,2026-06-26T22:26:19.000Z,Yes
Sonos,Santa Barbara,,2026-06-25,0.03,Consumer,https://www.bloomberg.com/news/articles/2026-06-25/sonos-cuts-3-of-staff-across-user-experience-product-teams,Post-IPO,455.2,United States,2026-06-27T16:42:59.000Z,No
Cyberbit,"Tel Aviv, Non-U.S.",,2026-06-24,,Security,https://www.calcalistech.com/ctechnews/article/r1wrssfffg,Unknown,,Israel,2026-06-25T16:26:31.000Z,No
Elastic,SF Bay Area,,2026-06-24,0.07,Data,https://www.elastic.co/blog/ceo-ash-kulkarni-announcement-to-elastic-employees,Post-IPO,162,United States,2026-06-24T23:17:51.000Z,No
Snyk,Boston,,2026-06-24,,Security,https://snyk.io/blog/a-note-to-our-customers-and-partners/,Series F,849,United States,2026-06-24T21:07:12.000Z,Yes
Oracle,SF Bay Area,21000,2026-06-23,0.13,Other,https://www.cnbc.com/2026/06/23/oracle-ai-job-cuts-layoffs-21000.html,Post-IPO,,United States,2026-03-31T17:01:18.000Z,Yes
Ethereum Foundation,"Zug, Non-U.S.",54,2026-06-23,0.2,Crypto,https://www.coindesk.com/tech/2026/06/23/ethereum-foundation-cuts-20-of-staff-amid-leadership-exodus,Unknown,18,Switzerland,2026-06-23T17:35:50.000Z,No
Lazada Group ,"Singapore, Non-U.S.",,2026-06-23,0.05,Retail,https://www.techinasia.com/lazada-cuts-5-workforce-sea-market-review,Acquired,7200,Singapore,2026-06-23T17:32:37.000Z,No
Lucid Motors,SF Bay Area,1500,2026-06-22,0.18,Transportation,https://arstechnica.com/cars/2026/06/lucid-lays-off-1500-workers-in-second-big-cut-of-the-year/,Post-IPO,8300,United States,2026-06-23T01:29:47.000Z,No
91Trucks,"Gurugram, Non-U.S.",100,2026-06-22,0.7,Transportation,https://entrackr.com/exclusive/exclusive-91trucks-lays-off-nearly-70-workforce-shuts-stores-as-growth-slows-12061133,Series A,5,India,2026-06-23T01:30:54.000Z,No
Tractive,"Vienna, Non-U.S.",,2026-06-22,,Hardware,https://ooe.orf.at/stories/3359562/,Acquired,38,Austria,2026-06-30T17:54:21.000Z,No
Lastminute,"Amsterdam, Non-U.S.",400,2026-06-17,0.25,Travel,https://res.cloudinary.com/lastminute-contenthub/image/upload/v1781669340/DAM/Artwork/lastminute.com/press_release/2026/20260617%20lastminute.com%20Announces%20AI%20Powered%20Transformation%20to%20Drive%20Its%20Next%20Phase%20of%20Growth_EN.pdf,Post-IPO,,Netherlands,2026-06-19T17:49:58.000Z,Yes
Optimove,"Tel Aviv, Non-U.S.",,2026-06-17,0.1,Marketing,https://www.intergameonline.com/igaming/news/optimove-cut-jobs-artificial-intelligence-ai,Series A,20,Israel,2026-06-19T17:48:02.000Z,Yes
Robinhood,SF Bay Area,290,2026-06-16,0.1,Finance,https://www.forbes.com/sites/tylerroush/2026/06/16/robinhood-cuts-10-of-workforce-citing-heavily-layered-operations/,Post-IPO,6200,United States,2026-06-16T20:28:07.000Z,No
Artlist,"Tel Aviv, Non-U.S.",200,2026-06-16,0.4,Media,https://www.calcalistech.com/ctechnews/article/xrqudqiq6,Unknown,48,Israel,2026-06-16T20:39:55.000Z,Yes
FNZ,"London, Non-U.S.",,2026-06-16,,Finance,https://citywire.com/new-model-adviser/news/exclusive-fnz-to-cut-jobs-in-turnaround-plan-after-1-4bn-loss/a2492053,Private Equity,3500,United Kingdom,2026-06-16T20:41:53.000Z,No
Matter Labs,"Berlin, Non-U.S.",,2026-06-16,,Crypto,https://x.com/gluk64/status/2066964567884747146,Unknown,308,Germany,2026-06-19T17:43:04.000Z,No
Rackspace,San Antonio,,2026-06-16,0.15,Data,https://www.bizjournals.com/sanantonio/news/2026/06/16/rackspace-slashes-local-workforce.html,Acquired,17,United States,2026-06-19T17:48:27.000Z,Yes
Rivian,Detroit,,2026-06-16,0.02,Transportation,https://techcrunch.com/2026/06/16/rivian-cuts-hundreds-of-workers-after-r2-deliveries-start/,Post-IPO,10700,United States,2026-06-16T23:11:11.000Z,No
Pleo,"Copenhagen, Non-U.S.",50,2026-06-12,,Finance,https://tech.eu/2026/06/12/pleo-undertakes-fresh-round-of-job-cuts-around-50-laid-off/,Series C,428,Denmark,2026-06-12T14:09:18.000Z,No
ServiceNow,SF Bay Area,54,2026-06-11,,Support,https://www.siliconvalley.com/2026/06/11/tech-servicenow-jobs-salesforce-layoff-ubisoft-santa-clara-work-ai/amp/,Post-IPO,84,United States,2026-06-12T14:08:48.000Z,Yes
Opendoor,"Bengaluru, Non-U.S.",250,2026-06-10,,Real Estate,https://techcrunch.com/2026/06/10/opendoors-india-exit-is-fueling-a-bigger-conversation-about-ai-and-outsourcing/,Post-IPO,1900,India,2026-06-12T04:43:52.000Z,Yes
Veritone,Los Angeles,111,2026-06-10,0.25,AI,https://www.marketwatch.com/story/veritone-to-cut-at-least-25-of-workforce-64eca1cb,Post-IPO,514,United States,2026-06-19T17:41:19.000Z,No
Shopee,"Singapore, Non-U.S.",,2026-06-10,0.08,Food,https://www.straitstimes.com/business/seas-shopee-cuts-hundreds-of-developer-jobs-during-pivot-to-ai,Unknown,,Singapore,2026-06-10T22:19:41.000Z,Yes
Paytm,"Noida, Non-U.S.",400,2026-06-09,0.01,Finance,https://www.moneycontrol.com/news/business/paytm-plans-10-staff-increase-in-ai-pivot-with-some-roles-cut-13944509.html,Subsidiary,,India,2026-06-22T00:18:13.000Z,Yes
Salesforce,SF Bay Area,86,2026-06-09,,Sales,https://www.businessinsider.com/salesforce-cuts-jobs-agentforce-2026-6,Post-IPO,65,United States,2026-06-09T23:08:37.000Z,Yes
Verily,SF Bay Area,58,2026-06-09,,Healthcare,https://www.bizjournals.com/sanfrancisco/news/2026/06/09/sfbt-digest-tuesday-salesforce-layoffs-ucsf-fine.html,Subsidiary,3500,United States,2026-06-10T22:21:11.000Z,Yes
Hailo,"Tel Aviv, Non-U.S.",110,2026-06-08,0.5,Manufacturing,https://www.calcalistech.com/ctechnews/article/3hmpcioxj,Series C,344,Israel,2026-06-08T23:06:39.000Z,No
Tools for Humanity,SF Bay Area,,2026-06-08,,AI,https://africa.businessinsider.com/news/sam-altmans-eye-scanning-startup-is-laying-off-employees/xwm6hxe,Series C,244,United States,2026-06-08T23:07:29.000Z,No
Zencity,"Tel Aviv, Non-U.S.",15,2026-06-07,,Other,https://www.calcalistech.com/ctechnews/article/rkxkiagbgg,Unknown,51,Israel,2026-06-08T01:25:33.000Z,No
Quizlet,SF Bay Area,79,2026-06-05,,Education,https://www.siliconvalley.com/2026/06/11/tech-servicenow-jobs-salesforce-layoff-ubisoft-santa-clara-work-ai/amp/,Series C,62,United States,2026-06-12T13:56:34.000Z,No
FanDuel,New York City,,2026-06-05,,Consumer,https://frontofficesports.com/fanduel-is-latest-gambling-company-to-cut-jobs/,Acquired,416,United States,2026-06-09T23:13:18.000Z,No
Google,SF Bay Area,,2026-06-04,,Consumer,https://www.businessinsider.com/google-clouds-quiet-layoffs-hit-cybersecurity-teams-2026-6,Post-IPO,26,United States,2026-06-07T03:35:11.000Z,No
Dandy,New York City,160,2026-06-03,,Healthcare,Internal memo,Series D,172,United States,2026-06-09T23:18:24.000Z,No
Skai,"Tel Aviv, Non-U.S.",100,2026-06-03,0.2,Marketing,https://www.calcalistech.com/ctechnews/article/jmjuqzfe6,Series E,60,Israel,2026-06-07T03:34:28.000Z,Yes
Uber,SF Bay Area,,2026-06-03,0.01,Transportation,https://www.cnbc.com/2026/06/03/uber-layoffs-people-division-ai.html,Post-IPO,25200,United States,2026-06-04T16:58:03.000Z,No
GitLab,SF Bay Area,350,2026-06-02,0.14,Product,https://www.wsj.com/business/earnings/gitlab-to-cut-14-of-workforce-as-part-of-ai-pivot-493b9813,Post-IPO,413,United States,2026-05-11T23:17:28.000Z,Yes
Aleph Farms,"Tel Aviv, Non-U.S.",10,2026-06-02,,Food,https://www.calcalistech.com/ctechnews/article/ppgzisqav,Unknown,119,Israel,2026-06-03T03:40:19.000Z,No
Manhattan Associates,Atlanta,,2026-06-02,0.06,Logistics,https://www.marketwatch.com/story/manhattan-associates-to-cut-6-of-workforce-1ff43c4a,Post-IPO,,United States,2026-06-03T03:43:08.000Z,No
Lightricks,"Jerusalem, Non-U.S.",75,2026-06-01,0.17,Consumer,https://www.calcalistech.com/ctechnews/article/r1dgjt5gmg,Series D,335,Israel,2026-05-28T23:31:14.000Z,Yes
Credit Karma,SF Bay Area,117,2026-05-30,,Finance,https://www.thestreet.com/employment/credit-karma-lays-off-hundreds-despite-631m-revenue-jump,Acquired,868,United States,2026-06-03T03:44:32.000Z,Yes
SentinelOne,SF Bay Area,230,2026-05-29,0.08,Security,https://www.calcalistech.com/ctechnews/article/r1goyeuxgx,Post-IPO,696,United States,2026-05-29T15:59:58.000Z,Yes
Interview Kickstart,SF Bay Area,50,2026-05-29,,Education,https://inc42.com/buzz/blume-backed-interview-kickstart-lays-off-nearly-50-employees-amid-ai-automation-push/,Unknown,10,United States,2026-06-03T03:36:58.000Z,Yes
BenchSci,"Toronto, Non-U.S.",68,2026-05-28,0.3,Healthcare,https://thelogic.co/briefing/benchsci-lays-off-another-30-of-staff-as-it-embraces-ai-agents/,Series D,164,Canada,2026-07-24T03:40:59.000Z,Yes
Amdocs,St. Louis,,2026-05-28,0.07,Support,https://www.calcalistech.com/ctechnews/article/u4qmp07cv,Post-IPO,,United States,2026-06-12T04:41:42.000Z,No
Rapyd,"Tel Aviv, Non-U.S.",,2026-05-28,,Finance,https://www.calcalistech.com/ctechnews/article/h1r00jfrgzl,Unknown,770,Israel,2026-05-28T23:34:13.000Z,Yes
NetApp,SF Bay Area,77,2026-05-27,,Data,https://hoodline.com/2026/05/san-jose-mainstay-netapp-axes-77-jobs-as-bay-area-tech-cuts-deepen/,Post-IPO,,United States,2026-05-28T23:32:28.000Z,No
Webflow,SF Bay Area,,2026-05-27,,Marketing,https://webflow.com/blog/evolving-webflow-for-the-agentic-web,Series C,335,United States,2026-05-27T20:09:30.000Z,Yes
Groupon,Chicago,400,2026-05-26,0.25,Retail,https://www.wsj.com/business/groupon-to-cut-nearly-a-quarter-of-workforce-in-restructuring-a286bcd5,Post-IPO,1400,United States,2026-05-26T21:57:18.000Z,Yes
BigID,New York City,,2026-05-26,0.2,Security,https://www.calcalistech.com/ctechnews/article/b1lzc87ezl,Series E,306,United States,2026-05-26T23:16:05.000Z,Yes
Picnic,Seattle,,2026-05-26,1,Food,https://www.bizjournals.com/seattle/news/2026/05/26/picnic-works-cmbg-advisors-abc-baer-inting-bridges.html,Unknown,52,United States,2026-05-26T23:14:06.000Z,No
Wix,"Tel Aviv, Non-U.S.",1000,2026-05-25,0.2,Marketing,https://www.calcalistech.com/ctechnews/article/b1oebi11xge,Post-IPO,58,Israel,2026-05-25T17:02:00.000Z,Yes
ClickUp,San Diego,,2026-05-21,0.22,Other,https://x.com/DJ_CURFEW/status/2057522382315929802?s=20,Series C,537,United States,2026-05-21T20:42:29.000Z,Yes
Meta,SF Bay Area,8000,2026-05-20,0.1,Consumer,https://www.cnbc.com/2026/05/20/meta-layoffs-zuckerberg-says-success-isnt-a-given-in-memo.html,Post-IPO,26000,United States,2026-04-20T23:38:53.000Z,Yes
Intuit,SF Bay Area,3000,2026-05-20,0.17,Finance,https://www.reuters.com/business/world-at-work/intuit-cut-17-global-jobs-streamline-operations-memo-shows-2026-05-20/,Post-IPO,18,United States,2026-05-20T15:48:05.000Z,Yes
AI21 Labs,"Tel Aviv, Non-U.S.",110,2026-05-18,0.61,AI,https://en.globes.co.il/en/article-shashuas-ai21-labs-laying-off-60-of-employees-1001543241,Series D,626,Israel,2026-05-20T02:20:30.000Z,No
Kraken,SF Bay Area,150,2026-05-15,,Crypto,https://www.bloomberg.com/news/articles/2026-05-15/kraken-cuts-150-workers-after-deploying-ai-ipo-may-slip-to-2027,Unknown,134,United States,2026-05-15T20:42:54.000Z,Yes
Innovaccer,SF Bay Area,340,2026-05-14,,Healthcare,https://inc42.com/buzz/exclusive-healthtech-unicorn-innovaccer-lays-off-340-employees-in-another-restructuring-round/,Series E,379,United States,2026-05-16T04:52:03.000Z,Yes
Dune,"Oslo, Non-U.S.",,2026-05-14,0.25,Crypto,https://x.com/hagaetc/status/2054937771811192837?s=20,Series B,79,Norway,2026-05-15T20:46:40.000Z,Yes
Gambling.com Group,"Dublin, Non-U.S.",,2026-05-14,,Other,https://finance.yahoo.com/markets/stocks/articles/gambling-com-group-reports-first-200500152.html,Post-IPO,276,Ireland,2026-05-15T20:51:24.000Z,Yes
Cisco,SF Bay Area,4000,2026-05-13,0.05,Infrastructure,https://blogs.cisco.com/news/our-path-forward,Post-IPO,2,United States,2026-05-13T21:59:59.000Z,Yes
LinkedIn,SF Bay Area,875,2026-05-13,0.05,Recruiting,https://www.reuters.com/business/world-at-work/linkedin-is-planning-lay-off-5-staff-latest-tech-sector-cuts-source-says-2026-05-13/,Acquired,154,United States,2026-05-13T16:43:26.000Z,Yes
Jumia,"Lagos, Non-U.S.",200,2026-05-13,,Retail,https://thekenyatimes.com/latest-kenya-times-news/jumia-announces-job-cuts-as-company-expands-ai-use/,Post-IPO,1200,Nigeria,2026-05-15T20:48:41.000Z,Yes
Guesty,"Tel Aviv, Non-U.S.",20,2026-05-13,0.02,Travel,https://www.geektime.co.il/guesty-lays-off-20-employees-in-israel/,Series F,411,Israel,2026-05-13T21:11:26.000Z,Yes
Breadfast,"Cairo, Non-U.S.",58,2026-05-12,,Food,https://www.fwdstart.me/p/egyptian-grocery-delivery-startup-breadfast-cuts-58-tech-staff-months-after-50m-raise,Series C,89,Egypt,2026-05-13T21:12:58.000Z,No
Trend Micro,"Sydney, Non-U.S.",45,2026-05-12,,Security,https://www.itnews.com.au/news/trend-micros-enterprise-unit-shuts-sydney-engineering-team-625788,Post-IPO,,Australia,2026-06-16T20:32:20.000Z,No
MRI Software,Cleveland,200,2026-05-11,,Real Estate,https://propmodo.com/private-equity-backed-proptech-firm-cuts-200-jobs-cites-ai-adoption/,Acquired,16,United States,2026-05-13T21:14:56.000Z,Yes
One Identity,"Dresden, Non-U.S.",41,2026-05-11,,Security,https://www.heise.de/news/Verlagerung-ins-Ausland-One-Identity-schliesst-Entwicklung-in-Deutschland-11287793.html,Unknown,,Germany,2026-05-15T20:43:42.000Z,Yes
MessageBird,"Amsterdam, Non-U.S.",,2026-05-11,0.2,Other,https://www.linkedin.com/posts/robertvis_this-is-a-note-i-sent-earlier-today-to-all-share-7459557337901645826-VIus/,Series C,1100,Netherlands,2026-05-13T20:42:31.000Z,Yes
ZoomInfo,Portland,600,2026-05-10,0.2,Sales,https://finance.yahoo.com/news/zoominfo-stock-plunges-company-slashes-133002815.html,Post-IPO,7,United States,2026-05-11T01:52:20.000Z,Yes
Adda247,"Gurugram, Non-U.S.",200,2026-05-10,0.2,Education,https://www.whalesbook.com/news/English/tech/Adda247-Cuts-Staff-Ahead-of-IPO-Signals-Profitability-Push/6a00cbb0707d23e84421af77,Series B,61,India,2026-05-11T01:54:43.000Z,No
Parker,New York City,,2026-05-09,1,Finance,https://techcrunch.com/2026/05/09/fintech-startup-parker-files-for-bankruptcy/,Series B,57,United States,2026-05-11T01:55:53.000Z,No
Staffbase,"Chemnitz, Non-U.S.",176,2026-05-08,0.22,Other,https://www.msn.com/de-de/finanzen/top-stories/harter-einschnitt-bei-sachsens-einhorn-staffbase-streicht-jede-f%C3%BCnfte-stelle/ar-AA22HHQv,Series E,306,Germany,2026-05-11T23:03:29.000Z,No
Cloudflare,SF Bay Area,1100,2026-05-07,0.2,Security,https://blog.cloudflare.com/building-for-the-future/,Post-IPO,332,United States,2026-05-07T20:53:26.000Z,Yes
Bill.com,SF Bay Area,709,2026-05-07,0.3,Finance,https://www.bill.com/blog/a-message-to-bill-employees,Post-IPO,280,United States,2026-05-07T21:04:50.000Z,No
Ticketmaster,Los Angeles,350,2026-05-07,0.08,Consumer,https://hoodline.com/2026/05/ticketmaster-axes-350-jobs-as-it-fast-tracks-new-tech/,Acquired,,United States,2026-05-09T00:03:19.000Z,Yes
DeepL,"Cologne, Non-U.S.",250,2026-05-07,0.21,AI,https://www.linkedin.com/pulse/important-update-deepl-jarek-kutylowski-66yxe/,Unknown,400,Germany,2026-05-07T20:59:08.000Z,Yes
Upwork,SF Bay Area,151,2026-05-07,0.24,Other,https://www.upwork.com/press/releases/upwork-ceo-hayden-brown-shared-the-following-message-with-employees-on-may-7-2026,Post-IPO,168,United States,2026-05-07T23:01:01.000Z,Yes
Truecaller,"Stockholm, Non-U.S.",70,2026-05-07,,Consumer,https://uk.investing.com/news/earnings/toast-shares-tumble-6-as-q1-earnings-fall-short-of-analyst-expectations-93CH-4660610,Post-IPO,101,Sweden,2026-05-07T20:57:32.000Z,No
Arctic Wolf,Minneapolis,250,2026-05-06,0.1,Security,https://www.theregister.com/ai-and-ml/2026/05/06/arctic-wolf-cuts-250-jobs-in-ai-push/5231213,Unknown,899,United States,2026-05-07T20:55:36.000Z,Yes
Pocket FM,"Bengaluru, Non-U.S.",100,2026-05-06,0.1,Media,https://entrackr.com/exclusive/exclusive-pocket-fm-lets-go-of-over-100-employees-more-job-cuts-may-follow-11806323,Series D,212,India,2026-05-06T16:00:55.000Z,No
LSports,"Tel Aviv, Non-U.S.",40,2026-05-06,0.2,Data,https://www.geektime.co.il/l-sports-lays-off-40-employees-in-israel/,Unknown,,Israel,2026-05-11T01:53:56.000Z,Yes
ApnaMart,"Bengaluru, Non-U.S.",35,2026-05-06,0.1,Food,https://entrackr.com/news/apna-mart-lays-off-10-of-workforce-shifts-base-from-bengaluru-to-gurugram-11805807,Series B,40,India,2026-05-06T16:02:20.000Z,No
reAlpha,Columbus,,2026-05-06,0.25,Real Estate,https://markets.businessinsider.com/news/stocks/realpha-reduces-workforce-by-approximately-25-and-consolidates-vendor-spend-targeting-2-million-in-annualized-savings-as-ai-advancements-drive-organizational-efficiency-1036115751,Post-IPO,229,United States,2026-05-10T13:56:31.000Z,Yes
PayPal,SF Bay Area,4760,2026-05-05,0.2,Finance,https://www.wsj.com/business/earnings/paypal-to-cut-costs-after-profit-falls-dc42baf9,Post-IPO,216,United States,2026-05-06T16:03:28.000Z,Yes
Coinbase,SF Bay Area,700,2026-05-05,0.14,Crypto,https://techcrunch.com/2026/05/05/coinbase-to-lay-off-14-of-staff-as-part-of-broader-restructuring/,Post-IPO,549,United States,2026-05-05T15:51:36.000Z,Yes
Freshworks,SF Bay Area,500,2026-05-05,0.11,Support,https://www.reuters.com/business/freshworks-cut-11-jobs-ai-reshapes-software-sector-2026-05-05/,Post-IPO,484,United States,2026-05-06T15:59:37.000Z,Yes
0G,SF Bay Area,,2026-05-05,0.25,Crypto,https://www.businessinsider.com/0g-labs-layoffs-ai-integration-2026-5,Unknown,,United States,2026-05-07T21:09:20.000Z,Yes
Careem,"Dubai, Non-U.S.",,2026-05-05,,Transportation,https://en.dailypakistan.com.pk/05-May-2026/careem-layoffs-intensify-after-exit-from-ride-hailing-services-in-pakistan,Acquired,771,United Arab Emirates,2026-05-07T21:08:13.000Z,No
Shopify,"Ottawa, Non-U.S.",30,2026-05-04,,Retail,https://thelogic.co/news/exclusive/shopify-layoffs-revenue-operations-restructure/,Post-IPO,122,Canada,2026-05-07T21:00:47.000Z,Yes
Pentera,Boston,40,2026-04-27,0.08,Security,https://www.calcalistech.com/ctechnews/article/b1ioncnpzl,Series D,249,United States,2026-04-30T23:39:55.000Z,Yes
SuperOps,"Chennai, Non-U.S.",60,2026-04-24,0.3,Other,https://inc42.com/buzz/superops-lays-off-30-staff-in-ai-led-restructuring-push/,Series C,54,India,2026-04-30T23:42:21.000Z,Yes
Remarkable,"Oslo, Non-U.S.",200,2026-04-22,,Hardware,https://goodereader.com/blog/remarkable-news/remarkable-is-firing-hundreds-of-staff,Unknown,104,Norway,2026-05-20T02:21:29.000Z,No
Noa Technologies,SF Bay Area,69,2026-04-22,,Other,https://www.bizjournals.com/sanjose/news/2026/04/22/noa-technologies-gbike-layoffs.html,Unknown,,United States,2026-06-19T17:45:38.000Z,No
Epidemic Sound,"Stockholm, Non-U.S.",150,2026-04-21,0.33,Media,https://www.marketscreener.com/news/eqt-backed-epidemic-sound-to-cut-150-jobs-in-ai-pivot-di-ce7f59dad18efe20,Private Equity,509,Sweden,2026-05-07T21:03:10.000Z,Yes
GeoComply,"Vancouver, Non-U.S.",68,2026-04-21,0.15,Security,https://www.casino.org/news/canadian-gaming-geocomply-workforce-layoffs/,Private Equity,,United States,2026-05-11T01:50:25.000Z,Yes
Zondacrypto,"Tallinn, Non-U.S.",,2026-04-21,,Crypto,https://tvpworld.com/92834466/zonadcrypto-staff-report-chaos-and-mass-layoffs,,,Estonia,2026-07-13T23:41:05.000Z,No
Qt Company,"Oslo, Non-U.S.",200,2026-04-20,,Product,https://www.qt.io/releases/release?slug=insider-information-qt-group-launches-operational-reorganization-to-improve-efficiency,Series B,7,Norway,2026-06-09T23:15:43.000Z,No
Acko,"Mumbai, Non-U.S.",60,2026-04-20,0.05,Finance,https://inc42.com/buzz/acko-cuts-5-workforce-in-pre-ipo-restructuring/,Unknown,143,India,2026-04-20T23:39:50.000Z,Yes
Sama,"Nairobi, Non-U.S.",1108,2026-04-16,,AI,https://thekenyatimes.com/latest-kenya-times-news/nairobi-based-data-firm-announces-lay-off-of-1108-employees/,Series B,85,Kenya,2026-05-15T20:52:34.000Z,No
Shutterfly,"Haifa, Non-U.S.",80,2026-04-16,,Manufacturing,https://www.calcalistech.com/ctechnews/article/rkx2avanzg,Post-IPO,50,United States,2026-04-17T03:48:04.000Z,No
Quora,SF Bay Area,,2026-04-16,,Consumer,https://quorablog.quora.com/Update?ch=10&oid=246876762&share=572b9cd0&srid=57WTZa&target_type=post,Series D,226,United States,2026-04-20T23:39:20.000Z,No
Snap,Los Angeles,1000,2026-04-15,0.16,Consumer,https://www.cnbc.com/2026/04/15/snap-stock-layoffs-16-percent-workforce.html,Post-IPO,4900,United States,2026-04-15T14:56:21.000Z,Yes
UKG,Boston,950,2026-04-15,,HR,https://www.sun-sentinel.com/2026/04/16/ukg-formerly-ultimate-software-lays-off-950-employees-many-from-south-florida-offices/,Unknown,,United States,2026-04-17T03:43:46.000Z,Yes
Taboola,New York City,100,2026-04-15,0.05,Marketing,https://www.calcalistech.com/ctechnews/article/hku03an3bg,Post-IPO,445,United States,2026-05-05T17:27:58.000Z,No
Swyftx,"Brisbane, Non-U.S.",37,2026-04-15,0.15,Crypto,https://finance.yahoo.com/markets/crypto/articles/major-crypto-firm-replaces-ceo-233517857.html,Unknown,,Australia,2026-05-21T20:46:18.000Z,No
Nayax,"Tel Aviv, Non-U.S.",32,2026-04-15,0.03,Finance,https://www.calcalistech.com/ctechnews/article/h1edoi6nbl,Post-IPO,245,Israel,2026-05-05T17:29:19.000Z,No
Productboard,SF Bay Area,,2026-04-15,0.3,Product,https://www.linkedin.com/pulse/productboard-going-ai-only-heres-what-means-hubert-palan-h1ozc/?trackingId=xrFN60pCTAaxJwMPkmzg1Q%3D%3D,Series D,,United States,2026-04-16T04:41:44.000Z,Yes
GoCardless,"London, Non-U.S.",90,2026-04-14,,Finance,https://www.cityam.com/gocardless-to-axe-90-jobs-as-uk-fintech-eyes-profitability/,Series G,529,United Kingdom,2026-04-30T23:44:30.000Z,No
Eventbrite,SF Bay Area,,2026-04-13,,Consumer,https://www.reuters.com/technology/bending-spoons-cuts-eventbrite-staff-rolls-out-product-changes-after-takeover-2026-04-13/,Acquired,290,United States,2026-04-17T03:55:27.000Z,No
StarkWare,"Tel Aviv, Non-U.S.",,2026-04-13,,Crypto,https://www.calcalistech.com/ctechnews/article/sy7u2uq3wx,Series D,273,Israel,2026-04-17T03:56:10.000Z,No
Esh Group,"Tel Aviv, Non-U.S.",,2026-04-12,,Finance,https://www.calcalistech.com/ctechnews/article/rjyjkbf2zl,Acquired,,Israel,2026-05-05T17:32:16.000Z,No
Life360,SF Bay Area,,2026-04-10,,Consumer,https://www.9news.com.au/national/life360-culls-jobs-in-restructure-to-ainative-company/17cc5c9f-d081-44fc-95e2-970e4f36a89b,Post-IPO,158,United States,2026-04-30T23:38:28.000Z,Yes
Qualcomm,San Diego,104,2026-04-09,,Hardware,https://www.sandiegouniontribune.com/2026/04/09/qualcomm-lays-off-dozens-of-senior-positions-in-san-diego/,Post-IPO,,United States,2026-06-09T23:11:40.000Z,No
Cars.com,Chicago,,2026-04-09,0.11,Transportation,https://www.marketwatch.com/story/cars-com-to-lay-off-11-of-full-time-workforce-amid-ai-push-update-bb0c9f35,Acquired,,United States,2026-04-17T03:52:12.000Z,No
Pepper Pay,Miami,,2026-04-09,1,Finance,https://www.americanbanker.com/news/payments-fintech-pepper-pay-declares-bankruptcy,Unknown,,United States,2026-04-17T03:57:45.000Z,No
IAC,New York City,77,2026-04-08,0.02,Consumer,https://variety.com/2026/digital/news/barry-diller-iac-name-people-incorporated-layoffs-1236732057/,Post-IPO,,United States,2026-05-07T21:01:56.000Z,No
GoPro,SF Bay Area,145,2026-04-07,0.23,Consumer,https://www.wsj.com/business/gopro-to-eliminate-23-of-workforce-in-cost-cutting-move-ca5ba06b,Post-IPO,288,United States,2026-04-08T17:31:12.000Z,No
Pendo,Raleigh,90,2026-04-07,0.1,Product,https://www.axios.com/local/raleigh/2026/04/07/raleigh-software-unicorn-pendo-layoffs-jobs,Series F,469,United States,2026-04-08T17:29:26.000Z,Yes
Bolt,SF Bay Area,,2026-04-05,0.33,Finance,https://www.pymnts.com/digital-payments/2026/bolt-cuts-third-of-staff-amid-new-ai-focus/,Series E,1300,United States,2026-04-07T03:54:22.000Z,Yes
Welltech,"Limassol, Non-U.S.",225,2026-04-03,0.3,Fitness,https://dev.ua/en/news/potentsiini-zvilnennia-u-welltech-1775220022,Unknown,,Cyprus,2026-05-07T21:05:55.000Z,No
NeuroPixel.AI,"Bengaluru, Non-U.S.",,2026-04-03,1,Retail,https://entrackr.com/news/flipkart-backed-neuropixelai-shuts-operations-amid-financial-strain-11448982,Seed,1,India,2026-04-07T03:52:59.000Z,No
Vimeo,New York City,,2026-04-03,,Consumer,https://hoodline.com/2026/04/vimeo-axes-quarter-of-midtown-staff-after-billion-dollar-takeover/,Post-IPO,450,United States,2026-04-04T00:04:01.000Z,No
Meta,SF Bay Area,200,2026-04-02,,Consumer,https://www.sfchronicle.com/tech/article/meta-layoffs-silicon-valley-22186184.php,Post-IPO,26000,United States,2026-04-07T03:54:58.000Z,Yes
MARA,Miami,,2026-04-02,0.15,Crypto,https://blockspace.media/insight/bitcoin-miner-mara-conducts-company-wide-layoffs/,Post-IPO,4100,United States,2026-05-10T13:59:19.000Z,Yes
Sonos,Santa Barbara,,2026-04-01,,Consumer,https://www.bloomberg.com/news/articles/2026-04-01/sonos-makes-marketing-cuts-as-new-cmo-reshapes-division,Post-IPO,455.2,United States,2026-04-07T03:55:52.000Z,No
Monzo,"London, Non-U.S.",50,2026-03-31,,Finance,https://www.bloomberg.com/news/articles/2026-03-31/fintech-monzo-shutting-down-us-operations-to-focus-on-uk-europe,Series F,324,United Kingdom,2026-03-31T18:54:20.000Z,No
SoundThinking,SF Bay Area,15,2026-03-31,,Security,https://ir.soundthinking.com/sec-filings/all-sec-filings/content/0001351636-26-000006/0001351636-26-000006.pdf,Unknown,68,United States,2026-08-03T20:38:04.000Z,No
Covrzy,"Bengaluru, Non-U.S.",,2026-03-31,1,Finance,https://inc42.com/buzz/antler-backed-covrzy-shuts-down-due-to-cash-crunch/,Seed,,India,2026-04-04T00:07:31.000Z,No
Rec Room,Seattle,,2026-03-31,1,Consumer,https://techcrunch.com/2026/03/31/social-gaming-platform-rec-room-once-valued-at-3-5b-is-shutting-down/,Series F,294,United States,2026-04-01T00:29:07.000Z,No
Yupp,SF Bay Area,,2026-03-31,1,AI,https://techcrunch.com/2026/03/31/yupp-ai-shuts-down-33m-a16z-crypto-chris-dixon/,Seed,33,United States,2026-04-01T00:30:06.000Z,No
Enpal,"Berlin, Non-U.S.",100,2026-03-27,,Energy,https://www.businessinsider.de/gruenderszene/business/enpal-alle-zugaenge-kurz-nach-bekanntgabe-gesperrt-fast-100-mitarbeiter-entlassen/,Series E,3500,Germany,2026-03-31T18:54:57.000Z,No
Monte Carlo,SF Bay Area,,2026-03-26,0.3,Data,https://www.linkedin.com/feed/update/urn:li:activity:7442678720647184385/,Series D,236,United States,2026-03-31T17:07:12.000Z,Yes
Quandoo,"Berlin, Non-U.S.",,2026-03-26,1,Food,https://finance.yahoo.com/markets/stocks/articles/quandoo-shut-restaurant-booking-platform-112913577.html,Acquired,39,Germany,2026-04-17T03:50:50.000Z,No
Meta,SF Bay Area,700,2026-03-25,0.01,Consumer,https://www.nytimes.com/2026/03/25/technology/meta-layoffs-ai-executives.html?unlocked_article_code=1.V1A.GoAa.Bb73ytbBTorE,Post-IPO,26000,United States,2026-03-25T20:07:57.000Z,Yes
Epic Games,Raleigh,1000,2026-03-24,,Consumer,https://www.epicgames.com/site/en-US/news/todays-layoffs,Unknown,6400,United States,2026-03-24T18:32:58.000Z,No
Zendesk,SF Bay Area,100,2026-03-24,,Support,Internal memo,Acquired,85,United States,2026-03-31T17:02:39.000Z,No
Flex AI,"Vancouver, Non-U.S.",,2026-03-24,1,Fitness,https://betakit.com/personal-training-app-flex-ai-is-shutting-down/,,,Canada,2026-07-27T04:22:57.000Z,No
OpenText,"Waterloo, Non-U.S.",,2026-03-24,,Data,https://betakit.com/opentext-employees-report-job-cuts-tied-to-apparent-restructuring/,Post-IPO,1100,Canada,2026-03-25T05:30:05.000Z,No
Spotify,"Stockholm, Non-U.S.",15,2026-03-23,,Media,https://variety.com/2026/digital/news/spotify-podcast-layoffs-the-ringer-spotify-studios-1236697019/,Post-IPO,2100,Sweden,2026-03-25T05:29:10.000Z,No
Gemini,New York City,,2026-03-20,0.3,Crypto,https://www.bloomberg.com/news/articles/2026-03-19/winklevosses-says-jobs-cuts-at-gemini-exchange-reach-30?embedded-checkout=true,Unknown,423,United States,2026-03-22T13:50:47.000Z,Yes
Snowflake,SF Bay Area,70,2026-03-19,,Data,https://www.businessinsider.com/snowflake-layoffs-strategy-ai-growth-2026-3,Post-IPO,2900,United States,2026-03-24T13:26:19.000Z,Yes
Crypto.com,"Singapore, Non-U.S.",,2026-03-19,0.12,Crypto,https://www.cnbc.com/2026/03/19/crypto-com-layoffs-12percent-ai-job-loss.html,Unknown,,Singapore,2026-03-22T13:51:38.000Z,Yes
Algorand Foundation,"Singapore, Non-U.S.",,2026-03-18,0.25,Crypto,https://x.com/AlgoFoundation/status/2034298850878652616,Unknown,,Singapore,2026-07-06T17:05:26.000Z,No
FranShares,Chicago,,2026-03-17,1,Finance,https://www.bizjournals.com/chicago/news/2026/03/17/franshares-chicago-startup-shuts-down.html,Seed,6,United States,2026-03-22T13:54:08.000Z,No
Dell,Austin,11000,2026-03-16,0.1,Hardware,https://www.reuters.com/business/world-at-work/dell-workforce-drops-10-fiscal-2026-filing-shows-2026-03-16/,Post-IPO,,United States,2026-04-22T23:39:31.000Z,Yes
Stone,"Sao Paulo, Non-U.S.",400,2026-03-13,0.03,Finance,https://jovempan.com.br/noticias/economia/stone-faz-demissao-em-massa-e-desliga-cerca-de-400-funcionarios.html,Post-IPO,521,Brazil,2026-03-17T23:18:26.000Z,No
Loopio,"Toronto, Non-U.S.",36,2026-03-13,0.12,Sales,https://betakit.com/citing-market-conditions-loopio-cuts-12-percent-of-staff/,Private Equity,263,Canada,2026-05-10T13:55:44.000Z,No
Digg,New York City,,2026-03-13,,Consumer,https://techcrunch.com/2026/03/13/digg-lays-off-staff-and-shuts-down-app-as-company-retools/,Acquired,49,United States,2026-03-13T23:33:38.000Z,No
OP Labs,New York City,20,2026-03-12,,Crypto,https://www.cryptotimes.io/2026/03/12/op-labs-lays-off-employees/,,,United States,2026-07-13T23:36:36.000Z,No
Atlassian,"Sydney, Non-U.S.",1600,2026-03-11,0.1,Other,https://au.finance.yahoo.com/news/atlassian-lay-off-1-600-212610757.html?guccounter=1,Post-IPO,210,Australia,2026-03-11T22:11:28.000Z,Yes
InvestCloud,Los Angeles,150,2026-03-10,,Finance,https://citywire.com/ria/news/investcloud-lays-off-150-sources/a2485606,Private Equity,54,United States,2026-03-17T23:17:37.000Z,Yes
Flipkart,"Bengaluru, Non-U.S.",500,2026-03-06,,Retail,https://inc42.com/buzz/flipkart-lays-off-about-500-employees-post-annual-performance-review/,Acquired,12900,India,2026-03-07T00:50:21.000Z,No
SSense,"Montreal, Non-U.S.",215,2026-03-05,,Retail,https://betakit.com/ssense-cut-more-than-200-jobs-days-after-founders-won-bid-to-buy-back-company/,Series A,,Canada,2026-03-07T00:49:48.000Z,Yes
Marketsource,Atlanta,57,2026-03-05,0.11,Sales,https://www.bizjournals.com/atlanta/news/2026/03/05/sales-accelerator-to-lay-off-dozens.html,Unknown,,United States,2026-06-09T23:09:34.000Z,No
Supernal,Los Angeles,296,2026-03-04,0.8,Transportation,https://www.latimes.com/business/story/2026-03-04/irvine-startup-lays-off-close-to-300-employees,Unknown,,United States,2026-03-07T00:44:30.000Z,No
Envato,"Melbourne, Non-U.S.",200,2026-03-04,0.3,Marketing,https://www.startupdaily.net/advice/business-strategy/shutterstock-owned-envato-is-slashing-its-workforce/,Unknown,,Australia,2026-03-07T00:47:50.000Z,Yes
Amazon,Seattle,100,2026-03-04,,Retail,https://finance.yahoo.com/news/amazon-cuts-more-jobs-time-212928090.html,Post-IPO,8100,United States,2026-03-17T23:10:49.000Z,No
At-Bay,"Tel Aviv, Non-U.S.",25,2026-03-04,,Security,https://www.calcalistech.com/ctechnews/article/bye11uubkwe,Unknown,296,United States,2026-03-07T00:47:07.000Z,No
MicroVision,Seattle,49,2026-03-03,,Other,https://www.bizjournals.com/seattle/news/2026/03/03/microvision-lidar-redmond-layoffs-warn-cars.html,Post-IPO,415,United States,2026-03-07T00:45:45.000Z,No
Verint Systems,New York City,,2026-03-02,,Security,https://www.calcalistech.com/ctechnews/article/rjpmvvqf11l,Acquired,213,United States,2026-03-07T00:55:53.000Z,No
Zap Africa,"Lagos, Non-U.S.",,2026-02-28,0.44,Finance,https://techcabal.com/2026/02/28/zap-africa-layoffs/,Seed,,Nigeria,2026-03-03T23:33:17.000Z,Yes
Block,SF Bay Area,4000,2026-02-26,0.4,Finance,https://www.cnbc.com/2026/02/26/block-laying-off-about-4000-employees-nearly-half-of-its-workforce.html,Post-IPO,150,United States,2026-02-26T21:58:23.000Z,Yes
Ocado,"London, Non-U.S.",1000,2026-02-26,0.05,Food,https://www.theguardian.com/business/2026/feb/26/ocado-to-cut-1000-jobs-in-150m-cost-cutting-drive,Post-IPO,2000,United Kingdom,2026-03-03T23:32:23.000Z,Yes
eBay,SF Bay Area,800,2026-02-26,0.06,Retail,https://www.cnbc.com/2026/02/26/ebay-layoffs-800-workforce.html,Post-IPO,1200,Israel,2026-02-26T21:59:33.000Z,No
C3.ai,SF Bay Area,280,2026-02-25,0.26,AI,https://www.morningstar.com/stocks/xnys/ai/earnings-transcript,Series F,228,United States,2026-02-26T22:01:13.000Z,No
Deliveroo,"London, Non-U.S.",187,2026-02-25,,Food,https://in.investing.com/news/company-news/doordash-closes-deliveroo-operations-in-qatar-and-singapore-93CH-5256077,Post-IPO,1700,United Kingdom,2026-03-17T23:15:21.000Z,No
WiseTech,"Sydney, Non-U.S.",2000,2026-02-24,0.3,Logistics,https://www.bloomberg.com/news/articles/2026-02-24/wisetech-to-cut-2-000-jobs-as-ai-ends-era-of-manual-coding,Post-IPO,3000,Australia,2026-02-25T04:46:46.000Z,Yes
TrueCar,Los Angeles,100,2026-02-24,0.3,Transportation,https://aimgroup.com/2026/02/24/truecar-cuts-30-of-staff/,Post-IPO,340,United States,2026-02-25T04:47:21.000Z,No
DraftKings,Boston,,2026-02-24,,Consumer,https://next.io/news/people/draftkings-reduces-workforce-company-embraces-ai/,Post-IPO,719,United States,2026-02-25T04:48:13.000Z,Yes
Livspace,"Bengaluru, Non-U.S.",1000,2026-02-20,0.12,Consumer,https://inc42.com/buzz/livspace-fires-1000-employees-cofounder-quits/,Series F,482,India,2026-02-22T01:34:30.000Z,Yes
Lucid Motors,SF Bay Area,,2026-02-20,0.12,Transportation,https://techcrunch.com/2026/02/20/lucid-motors-slashes-12-of-its-workforce-as-it-seeks-profitability/,Post-IPO,8300,United States,2026-02-22T01:32:12.000Z,No
Codecademy,New York City,,2026-02-19,,Education,https://www.edtechinnovationhub.com/news/skillsoft-lays-off-entire-codecademy-curriculum-team-senior-leader-confirms,Acquired,87,United States,2026-03-17T23:11:52.000Z,No
Xero,"Wellington, Non-U.S.",250,2026-02-18,,Finance,https://businessdesk.co.nz/article/markets/xero-restructures-with-250-jobs-on-the-line,Post-IPO,681,New Zealand,2026-06-10T22:18:35.000Z,No
Cyberark,Boston,500,2026-02-17,0.12,Security,https://www.calcalistech.com/ctechnews/article/hy707511ube,Acquired,1700,United States,2026-02-18T03:36:28.000Z,No
Huawei,"Tel Aviv, Non-U.S.",50,2026-02-15,,Hardware,https://www.calcalistech.com/ctechnews/article/bkmmdojuwx,Unknown,,Israel,2026-02-18T03:44:10.000Z,No
Axonius,New York City,40,2026-02-15,0.04,Security,https://www.calcalistech.com/ctechnews/article/s1xchi1oze,Series E,865,United States,2026-02-18T03:37:56.000Z,No
Firebolt,"Tel Aviv, Non-U.S.",,2026-02-15,,Data,https://www.calcalistech.com/ctechnews/article/r1cj0csuwl,Series C,264,Israel,2026-03-07T00:52:19.000Z,Yes
Clari,SF Bay Area,76,2026-02-12,,Sales,https://www.bizjournals.com/sanjose/news/2026/02/12/clari-salesloft-merger-ai-investments-layoffs.html,Acquired,496,United States,2026-02-18T03:41:02.000Z,Yes
Glossier,New York City,50,2026-02-11,0.33,Retail,https://www.businessoffashion.com/news/cosmetics/glossier-layoffs-2026/,Series E,266,United States,2026-02-13T03:25:10.000Z,No
Dayforce,"Toronto, Non-U.S.",,2026-02-11,0.05,HR,Internal memo,Post-IPO,40,Canada,2026-02-18T03:34:29.000Z,No
Fi.Money,"Bengaluru, Non-U.S.",,2026-02-10,0.4,Finance,https://www.moneycontrol.com/technology/neobanking-fintech-fimoney-pivots-to-b2b-lays-off-staff-in-consumer-business-article-13822324.html#goog_rewarded,Series C,,India,2026-03-17T23:14:34.000Z,No
Salesforce,SF Bay Area,,2026-02-09,,Sales,https://www.businessinsider.com/salesforce-cuts-jobs-executive-changes-2026-2,Post-IPO,65,United States,2026-02-11T23:31:19.000Z,Yes
Workday,SF Bay Area,400,2026-02-04,0.02,HR,https://www.bloomberg.com/news/articles/2026-02-04/workday-to-cut-about-400-employees-focused-on-customer-support,Post-IPO,230,United States,2026-02-05T05:09:48.000Z,No
Rewire,"Tel Aviv, Non-U.S.",110,2026-02-04,,Finance,https://www.calcalistech.com/ctechnews/article/bkxy2fwv11g,Acquired,57,Israel,2026-02-18T03:39:03.000Z,No
Smartsheet,Seattle,,2026-02-04,,Other,https://www.geekwire.com/2026/smartsheet-layoffs-enterprise-software-giant-cuts-staff/,Post-IPO,152,United States,2026-02-07T04:43:12.000Z,No
Zillow,Seattle,200,2026-02-02,,Real Estate,https://www.seattletimes.com/business/real-estate/seattle-based-zillow-lays-off-200-employees/,Post-IPO,97,United States,2026-02-05T05:10:33.000Z,No
Zipcar,Boston,126,2026-02-02,,Transportation,https://www.boston.com/news/business/2026/02/02/zipcar-to-close-seaport-headquarters-cut-more-than-100-jobs/,Acquired,107,United States,2026-02-10T00:01:26.000Z,No
Expedia,Seattle,100,2026-02-01,,Travel,https://finance.yahoo.com/news/expedia-cut-100-jobs-austin-161917994.html?guccounter=1,Post-IPO,3300,United States,2026-02-07T04:44:14.000Z,No
Zupee,"New Delhi, Non-U.S.",200,2026-01-30,,Consumer,https://yourstory.com/2026/01/zupee-cuts-about-200-jobs-in-second-layoff-after-money-gaming-ban,Series B,121,India,2026-02-03T01:22:25.000Z,No
Peloton,New York City,,2026-01-30,0.11,Fitness,https://www.reuters.com/business/peloton-cuts-11-staff-including-engineering-teams-bloomberg-news-reports-2026-01-30/,Post-IPO,1900,United States,2026-02-03T00:20:28.000Z,No
Kiwi.com,"Brno, Non-U.S.",250,2026-01-29,0.36,Travel,https://forbes.cz/kiwi-pokracuje-v-propousteni-odchazi-tretina-zamestnancu/,Unknown,107,Czech Republic,2026-02-03T01:27:50.000Z,No
Gloo,Boulder,,2026-01-29,,Consumer,https://www.bizjournals.com/denver/news/2026/01/29/ai-company-cuts-staff-reduces-executive-salaries.html,Post-IPO,152,United States,2026-02-18T03:35:30.000Z,No
Amazon,Seattle,16000,2026-01-28,,Retail,https://www.aboutamazon.com/news/company-news/amazon-layoffs-corporate-jan-2026,Post-IPO,8100,United States,2026-01-28T19:41:20.000Z,Yes
ASML,"Veldhoven, Non-U.S.",1700,2026-01-28,,Hardware,https://www.asml.com/en/news/press-releases/2026/strengthening-focus-on-engineering-and-innovation,Post-IPO,,Netherlands,2026-02-03T01:23:07.000Z,No
Pinterest,SF Bay Area,700,2026-01-27,0.15,Consumer,https://www.theverge.com/news/868531/pinterest-layoffs-cuts-15-percent-ai-transformation,Post-IPO,1500,United States,2026-01-27T21:25:35.000Z,Yes
Moon Active,"Tel Aviv, Non-U.S.",110,2026-01-27,0.05,Consumer,https://www.calcalistech.com/ctechnews/article/jvbqyjznm,Unknown,425,Israel,2026-03-07T00:54:40.000Z,No
Expedia,Seattle,,2026-01-26,,Travel,https://www.bizjournals.com/seattle/news/2026/01/26/expedia-layoffs-tech-team-interbay-travel.html,Post-IPO,3300,United States,2026-01-28T19:49:21.000Z,No
Entropy,New York City,,2026-01-25,1,Crypto,https://www.theblock.co/post/386942/entropy-a16z-backed-decentralized-custody-startup-is-winding-down-and-returning-capital-to-investors,Seed,27,United States,2026-01-26T00:29:45.000Z,No
Roof Stacks,"Istanbul, Non-U.S.",220,2026-01-24,,Consumer,https://www.yenicaggazetesi.com/erdoganin-mektup-arkadasinin-sirketinde-skandal-olay-yuzlerce-kisi-isten-cikarildi-995293h.htm,Seed,1,Turkey,2026-05-25T17:05:25.000Z,No
Autodesk,SF Bay Area,1000,2026-01-22,0.07,Other,https://www.reuters.com/business/world-at-work/autodesk-lay-off-about-7-workforce-2026-01-22/,Post-IPO,,United States,2026-01-23T00:24:52.000Z,Yes
Shopify,"Ottawa, Non-U.S.",,2026-01-22,,Retail,https://betakit.com/shopify-makes-more-job-cuts-this-time-targeting-partnerships-division/,Post-IPO,122,Canada,2026-01-26T00:29:13.000Z,No
Vimeo,New York City,,2026-01-21,,Consumer,https://www.businessinsider.com/vimeo-laying-off-staff-after-billion-sale-to-bending-spoons-2026-1,Post-IPO,450,United States,2026-01-23T00:27:28.000Z,No
Polygon,"Cayman Islands, Non-U.S.",60,2026-01-16,,Crypto,https://www.coindesk.com/business/2026/01/16/polygon-labs-said-to-have-laid-off-60-staff-following-new-usd250-million-acquisition,Unknown,451,Cayman Islands,2026-01-16T23:11:47.000Z,No
Ericsson,"Stockholm, Non-U.S.",1600,2026-01-15,,Other,https://www.reuters.com/business/world-at-work/ericsson-shed-1600-jobs-sweden-2026-01-15/,Post-IPO,663,Sweden,2026-01-16T22:42:10.000Z,No
Tipalti,SF Bay Area,100,2026-01-15,,Finance,https://en.globes.co.il/en/article-tipalti-laying-off-dozens-of-employees-1001532153,Series F,565,United States,2026-01-19T03:31:14.000Z,No
Informatica,SF Bay Area,35,2026-01-15,,Data,https://www.bizjournals.com/sanjose/news/2026/01/15/informatica-acquisition-layoffs-redwood-ity-salesf.html,Post-IPO,,United States,2026-06-19T17:46:40.000Z,No
Playtika,"Tel Aviv, Non-U.S.",500,2026-01-14,0.15,Consumer,https://www.calcalistech.com/ctechnews/article/bkl6xzhswe,Post-IPO,,Israel,2026-01-15T04:23:31.000Z,No
Aleph Alpha,"Frankfurt, Non-U.S.",50,2026-01-14,0.16,AI,https://www.startbase.com/news/aleph-alpha-baut-rund-50-stellen-ab/,Series B,534,Germany,2026-01-19T03:29:59.000Z,No
Meta,SF Bay Area,1500,2026-01-13,0.02,Consumer,https://www.nytimes.com/2026/01/12/technology/meta-layoffs-reality-labs.html?unlocked_article_code=1.D1A.ckee.3ANQhKMxi5Ld&smid=url-share,Post-IPO,26000,United States,2026-01-14T01:04:03.000Z,Yes
eToro,"Tel Aviv, Non-U.S.",105,2026-01-13,0.07,Finance,https://www.calcalistech.com/ctechnews/article/sjedi1vh11x,Unknown,322,Israel,2026-01-14T01:05:16.000Z,No
Alle,"Bengaluru, Non-U.S.",,2026-01-13,1,Retail,https://yourstory.com/2026/01/elevation-capital-backed-ai-stylist-alle-shuts-shop,Seed,3,India,2026-06-09T23:17:09.000Z,No
StoreDot,"Tel Aviv, Non-U.S.",,2026-01-13,,Other,https://www.calcalistech.com/ctechnews/article/sjkqkmeb11x,Series D,184,Israel,2026-01-14T01:06:12.000Z,No
MercadoLibre,"Buenos Aires, Non-U.S.",116,2026-01-12,,Retail,https://eleconomista.com.ar/economia/despidos-mercado-libre-entrenamos-ia-nos-reemplazo-n91871,Post-IPO,5100,Brazil,2026-01-14T01:07:40.000Z,Yes
FormFactor,SF Bay Area,220,2026-01-09,0.11,Manufacturing,https://www.latimes.com/business/story/2026-01-09/bay-area-semiconductor-testing-company-to-lay-off-more-than-200-workers,Post-IPO,15,United States,2026-01-13T01:29:47.000Z,No
Kaseya,Miami,250,2026-01-08,0.05,Security,https://www.crn.com/news/channel-news/2026/kaseya-lays-off-5-percent-of-workforce-to-align-our-go-to-market-teams?itc=refresh,Private Equity,547,United States,2026-01-13T01:35:25.000Z,No
Hailo,"Tel Aviv, Non-U.S.",30,2026-01-08,0.1,Manufacturing,https://www.calcalistech.com/ctechnews/article/hyzk11etvwx,Series C,344,Israel,2026-01-13T01:17:03.000Z,No
Foretellix,"Tel Aviv, Non-U.S.",29,2026-01-08,0.18,Transportation,https://www.calcalistech.com/ctechnews/article/hjjj7b6vzx,Series C,132,Israel,2026-01-13T01:32:36.000Z,Yes
Tailwind Labs,Oklahoma City,3,2026-01-08,,Product,https://www.businessinsider.com/tailwind-engineer-layoffs-ai-github-2026-1,Unknown,,United States,2026-01-13T01:27:18.000Z,Yes
Angi,Indianapolis,350,2026-01-07,,Consumer,https://ir.angi.com/node/12951/html,Post-IPO,180,United States,2026-01-13T01:46:28.000Z,Yes
Multiverse,"London, Non-U.S.",55,2026-01-05,,Education,https://sifted.eu/articles/multiverse-job-cuts-euan-blair,Series D,414,United Kingdom,2026-01-13T01:15:52.000Z,Yes
Sapiens,"Tel Aviv, Non-U.S.",700,2025-12-28,0.15,Finance,https://www.calcalistech.com/ctechnews/article/r1oyau0mzl,Acquired,88,Israel,2025-12-31T23:06:15.000Z,No
Yellow.ai,SF Bay Area,100,2025-12-23,0.3,Support,https://inc42.com/buzz/exclusive-yellow-ai-lays-off-over-100-employees-amid-automation-push/,Series C,102,United States,2025-12-26T22:40:12.000Z,Yes
The Trade Desk,Los Angeles,,2025-12-17,,Marketing,https://www.adexchanger.com/platforms/the-trade-desk-lays-off-staff-one-year-after-its-last-major-reorg/,Post-IPO,257,United States,2025-12-19T18:28:51.000Z,No
Amazon,Seattle,84,2025-12-15,,Retail,https://www.bizjournals.com/seattle/news/2025/12/15/amazon-layoffs-84-february.html,Post-IPO,8100,United States,2025-12-19T22:06:44.000Z,No
PowerSchool,Sacramento,,2025-12-12,,Education,https://www.bizjournals.com/sacramento/news/2025/12/12/powerschool-restructuring-layoffs.html,Acquired,31,United States,2025-12-15T02:11:21.000Z,No
Zebra Technologies,Chicago,,2025-12-12,,Manufacturing,https://www.therobotreport.com/zebra-technologies-winding-down-fetch-based-mobile-robot-group/,Post-IPO,2000,United States,2025-12-19T18:29:54.000Z,No
Believer Meats,"Jerusalem, Non-U.S.",,2025-12-11,,Food,https://www.calcalistech.com/ctechnews/article/bknaajdzbe,Series B,389,Israel,2025-12-12T05:38:27.000Z,No
EyeEm,"Berlin, Non-U.S.",,2025-12-11,1,Other,https://petapixel.com/2025/12/11/eyeem-is-shutting-down/,Acquired,24,Germany,2025-12-12T05:36:21.000Z,No
Lusha,Boston,24,2025-12-10,0.08,Sales,https://www.calcalistech.com/ctechnews/article/sybqqlwm11g,Series B,245,United States,2025-12-12T05:37:31.000Z,No
Tenstorrent,"Toronto, Non-U.S.",80,2025-12-09,0.07,Hardware,https://www.eetimes.com/layoffs-at-tenstorrent-as-startup-pivots-towards-developer-sales/,Series D,1000,Canada,2025-12-12T05:39:27.000Z,No
Whatfix,"Bengaluru, Non-U.S.",60,2025-12-09,0.06,AI,https://inc42.com/buzz/softbank-backed-whatfix-fires-60-employees/,Series E,265,India,2026-02-07T04:39:00.000Z,Yes
VSCO,SF Bay Area,24,2025-12-09,,Consumer,https://techcrunch.com/2025/12/09/vsco-lays-off-24-staff-as-its-consumer-business-suffers/,Series B,90,United States,2025-12-10T20:59:10.000Z,Yes
GenWise,"New Delhi, Non-U.S.",,2025-12-09,1,Other,https://inc42.com/buzz/exclusive-kunal-shah-backed-genwise-shuts-down-operations/,Seed,3,India,2025-12-10T21:09:00.000Z,No
Mobileye,"Jerusalem, Non-U.S.",200,2025-12-08,0.04,Transportation,https://www.calcalistech.com/ctechnews/article/hjznnzvzzl,Post-IPO,2100,Israel,2025-12-08T23:31:26.000Z,No
Payoneer,New York City,60,2025-12-08,0.06,Finance,https://www.calcalistech.com/ctechnews/article/s1fu4c4zzg,Post-IPO,,United States,2025-12-08T23:36:48.000Z,No
Teads,New York City,180,2025-12-04,0.1,Marketing,https://www.calcalistech.com/ctechnews/article/skb9q0lgwl,Unknown,123,United States,2025-12-10T21:09:40.000Z,No
Discourse,Dover,,2025-12-04,,Consumer,https://blog.discourse.org/2025/12/our-commitment-to-your-ongoing-success-with-discourse/,Series A,20,United States,2026-07-09T17:43:56.000Z,No
Cellebrite,"Tel Aviv, Non-U.S.",20,2025-12-03,0.01,Other,https://www.calcalistech.com/ctechnews/article/izmghyvm1,Post-IPO,410,Israel,2025-12-08T23:39:30.000Z,No
Modern Hydrogen,Seattle,,2025-12-03,,Energy,https://fuelcellsworks.com/2025/12/03/green-investment/bill-gates-backed-modern-hydrogen-lays-off-most-of-its-employees-after-decade-long-pursuit-of-clean-energy,Series B,99,United States,2025-12-04T02:52:06.000Z,No
Aqua Security,"Tel Aviv, Non-U.S.",20,2025-12-01,,Security,https://www.calcalistech.com/ctechnews/article/4bzp62ggf,Series E,325,United States,2025-12-02T00:29:11.000Z,No
Inbound Health,Minneapolis,,2025-12-01,1,Healthcare,https://www.axios.com/pro/health-tech-deals/2025/12/01/inbound-health-closing-home-care-waiver,Series B,50,United States,2025-12-02T00:28:13.000Z,No
Junglee Games,"New Delhi, Non-U.S.",350,2025-11-26,,Consumer,https://inc42.com/buzz/junglee-games-parent-flutter-sheds-350-jobs-in-post-rmg-ban-recast/,Seed,3,India,2025-12-09T00:03:40.000Z,No
Shopify,"Ottawa, Non-U.S.",,2025-11-26,,Retail,https://www.thecanadianpressnews.ca/business/shopify-lays-off-staff-to-keep-team-fast-sharp-and-focused/article_2b3b4e8c-4531-5e36-a0ad-b02a9f8e6b6a.html,Post-IPO,122,Canada,2025-12-04T02:50:18.000Z,No
HP,SF Bay Area,4000,2025-11-25,,Hardware,https://www.wsj.com/tech/hp-to-cut-up-to-10-of-workforce-as-part-of-ai-push-a2c198da?mod=hp_lead_pos4,Post-IPO,,United States,2025-03-01T00:00:40.000Z,Yes
ezCater,Boston,40,2025-11-21,0.04,Food,https://www.bizjournals.com/boston/news/2025/11/21/ezcater-tech-layoffs.html,Series D,319,United States,2025-11-23T10:47:22.000Z,No
Monarch Tractor,SF Bay Area,102,2025-11-19,,Other,https://techcrunch.com/2025/11/19/monarch-tractor-preps-for-layoffs-and-warns-employees-it-may-shut-down/,Unknown,214,United States,2025-11-23T10:42:28.000Z,No
Pleo,"Copenhagen, Non-U.S.",100,2025-11-19,0.12,Finance,https://tech.eu/2025/11/19/expense-management-firm-pleo-hit-by-layoffs/,Series C,428,Denmark,2025-11-23T10:40:46.000Z,No
UKG,"Montevideo, Non-U.S.",300,2025-11-18,,HR,https://www.elobservador.com.uy/cafe-y-negocios/la-multinacional-ukg-cierra-sus-operaciones-uruguay-y-despide-300-profesionales-n6025098,Unknown,,Uruguay,2025-11-23T10:44:33.000Z,No
Culture Amp,"Melbourne, Non-U.S.",60,2025-11-18,0.06,HR,https://www.capitalbrief.com/article/culture-amp-lays-off-6-of-its-staff-globally-as-it-focuses-on-new-ai-products-3d5073ac-879a-4e01-9a08-a513ead8834b/,Series F,257,Australia,2025-11-23T10:40:02.000Z,Yes
Veson Nautical,Boston,,2025-11-18,0.2,Other,https://www.tradewindsnews.com/technology/veson-nautical-acknowledges-staff-cuts-after-growth-spurt/2-1-1902984,Private Equity,,United States,2025-11-23T10:45:34.000Z,No
Playtika,"Tel Aviv, Non-U.S.",700,2025-11-17,0.2,Consumer,https://www.calcalistech.com/ctechnews/article/h1y4ejyg11g,Post-IPO,,Israel,2025-11-23T10:39:24.000Z,No
Pipe,SF Bay Area,200,2025-11-16,0.5,Finance,https://fintechbusinessweekly.substack.com/p/celtic-bank-faces-another-lawsuit,Series D,453,United States,2025-11-17T03:35:02.000Z,No
Flipkart,"Bengaluru, Non-U.S.",40,2025-11-16,,Retail,https://www.calcalistech.com/ctechnews/article/sk7ktewxwg,Acquired,12900,India,2025-11-17T03:33:55.000Z,No
BharatAgri,"Mumbai, Non-U.S.",37,2025-11-13,1,Food,https://inc42.com/buzz/agritech-startup-bharatagri-shuts-operations-due-to-funding-crunch/,Series A,21,India,2025-12-09T00:10:12.000Z,No
AI Fleet,Austin,,2025-11-13,,Transportation,https://www.bizjournals.com/austin/news/2025/11/13/layoffs-hit-at-austin-ai-startup.html,Series B,56,United States,2025-11-14T02:53:23.000Z,No
Synopsys,SF Bay Area,2000,2025-11-12,0.1,Other,https://www.reuters.com/business/world-at-work/synopsys-cut-about-10-its-workforce-2025-11-12/,Post-IPO,,United States,2025-11-14T02:50:37.000Z,No
Deepwatch,Tampa Bay,80,2025-11-12,0.32,Security,https://techcrunch.com/2025/11/12/cybersecurity-firm-deepwatch-lays-off-dozens-citing-move-to-accelerate-ai-investment/,Series C,256,United States,2025-11-14T02:51:58.000Z,Yes
GamesKraft,"Bengaluru, Non-U.S.",280,2025-11-10,,Consumer,https://inc42.com/buzz/real-money-gaming-ban-gameskrafts-layoff-count-climbs-to-400/,Unknown,,India,2025-11-11T19:39:10.000Z,No
FNZ,"London, Non-U.S.",,2025-11-10,0.03,Finance,https://citywire.com/new-model-adviser/news/exclusive-fnz-to-cut-3-of-global-workforce-accenture-operations-frontrunner/a2478068,Private Equity,3500,United Kingdom,2026-06-16T20:43:09.000Z,No
Sonder,SF Bay Area,,2025-11-10,1,Travel,https://skift.com/2025/11/10/sonder-shuts-down-after-marriott-termination-marking-the-end-of-a-hospitality-experiment/,Post-IPO,839,United States,2025-11-10T21:40:49.000Z,No
Axonius,New York City,100,2025-11-06,0.11,Security,https://www.calcalistech.com/ctechnews/article/sj0syry1wg,Series E,865,United States,2025-11-07T04:50:55.000Z,No
MyBambu,Memphis,141,2025-11-05,1,Finance,https://cbs12.com/news/local/new-west-palm-beach-fintech-firm-to-lay-off-141-employees-amid-funding-collapse-layoff-south-florida-palm-beach-county-downtown-west-palm-beach-news-mybambu-a-fintech-startup-2751-s-dixie-hwy-420-november-5-2025,Unknown,15,United States,2025-11-07T01:18:24.000Z,No
Hewlett Packard Enterprise,SF Bay Area,52,2025-11-05,,Hardware,https://www.sfchronicle.com/tech/article/layoffs-hpe-hitachi-vantara-21140900.php,Post-IPO,1400,United States,2025-11-07T14:27:40.000Z,No
Indeed,Austin,,2025-11-05,,HR,https://www.businessinsider.com/indeed-layoffs-job-cuts-after-summer-reorg-2025-11,Acquired,5,United States,2025-11-08T11:02:48.000Z,No
TripAdvisor,Boston,,2025-11-05,0.2,Travel,https://skift.com/2025/11/05/layoffs-hit-20-of-tripadvisor-viator-and-administrative-staff-scoop/,Post-IPO,3,United States,2025-11-07T04:52:44.000Z,No
Porter,"Bengaluru, Non-U.S.",350,2025-11-04,0.18,Logistics,https://inc42.com/buzz/exclusive-porter-lays-off-over-350-employees/,Series F,357,India,2025-11-07T01:17:28.000Z,No
Personio,"Munich, Non-U.S.",165,2025-10-29,0.1,HR,Internal memo,Series E,724,Germany,2025-10-31T03:25:02.000Z,No
Amazon,Seattle,14000,2025-10-27,0.01,Retail,https://www.cnbc.com/2025/10/28/amazon-layoffs-corporate-workers-ai.html,Post-IPO,8100,United States,2025-10-28T03:39:50.000Z,Yes
Chegg,SF Bay Area,388,2025-10-27,0.45,Education,https://www.reuters.com/sustainability/boards-policy-regulation/hit-by-ai-edtech-firm-chegg-slashes-jobs-names-new-ceo-major-overhaul-2025-10-27/,Post-IPO,227,United States,2025-10-28T03:38:56.000Z,Yes
Lightricks,"Jerusalem, Non-U.S.",85,2025-10-27,0.15,Consumer,https://www.calcalistech.com/ctechnews/article/byvtpanceg,Series D,335,Israel,2025-11-07T04:51:52.000Z,Yes
Medtronic,"Jerusalem, Non-U.S.",60,2025-10-27,,Healthcare,https://www.calcalistech.com/ctechnews/article/s1g3z02cgg,Post-IPO,5900,United States,2025-12-08T23:42:27.000Z,No
Hootsuite,"Vancouver, Non-U.S.",,2025-10-27,0.2,Marketing,https://www.biv.com/news/technology/hootsuite-laying-off-hundreds-of-staff-20-of-workforce-11405954,Series C,300,Canada,2025-10-28T03:40:58.000Z,No
Robin AI,"London, Non-U.S.",,2025-10-24,0.33,Legal,https://sifted.eu/articles/robin-ai-cuts-a-third-of-staff,Series B,68,United Kingdom,2025-10-28T03:41:57.000Z,No
Applied Material,SF Bay Area,1400,2025-10-23,0.04,Manufacturing,https://www.bloomberg.com/news/articles/2025-10-23/applied-materials-to-cut-4-of-global-staff-after-sales-slow,Post-IPO,2100,United States,2025-10-25T01:14:23.000Z,No
Rivian,Los Angeles,600,2025-10-23,0.04,Transportation,https://www.reuters.com/business/autos-transportation/rivian-lay-off-more-than-600-workers-amid-ev-pullback-wsj-reports-2025-10-23/,Post-IPO,10700,United States,2025-10-25T01:12:17.000Z,No
Kaseya,Miami,200,2025-10-23,,Security,https://www.crn.com/news/channel-news/2026/kaseya-lays-off-5-percent-of-workforce-to-align-our-go-to-market-teams?itc=refresh,Private Equity,547,United States,2026-01-13T01:36:45.000Z,No
AirSlate,Boston,170,2025-10-23,,Other,https://www.bizjournals.com/boston/news/2025/10/23/airslate-layoffs-2025.html,Series B,181,United States,2026-07-11T21:11:47.000Z,No
Altruist,SF Bay Area,50,2025-10-23,0.15,Finance,https://www.investmentnews.com/ria-news/altruist-lays-off-50-employees-but-ceo-says-profitability-is-in-sight/262681,Series E,449,United States,2025-10-25T01:11:50.000Z,Yes
Meta,SF Bay Area,600,2025-10-22,,Consumer,https://www.cnbc.com/2025/10/22/meta-layoffs-ai.html,Post-IPO,26000,United States,2025-10-22T15:37:39.000Z,No
Ludeo,Los Angeles,25,2025-10-20,0.5,Consumer,https://www.calcalistech.com/ctechnews/article/bjukuox0xe,Series A,42,United States,2025-10-25T01:13:13.000Z,Yes
Zepto,"Mumbai, Non-U.S.",300,2025-10-18,0.05,Retail,https://www.moneycontrol.com/news/business/startup/around-300-employees-impacted-at-zepto-amid-cost-efficiency-drive-at-the-quick-commerce-company-13622853.html,Series H,2600,India,2025-12-02T00:26:57.000Z,No
Broadcom,SF Bay Area,247,2025-10-17,,Hardware,https://www.businessinsider.com/broadcom-layoffs-rifs-cuts-sales-staff-ai-expansion-2025-10,Post-IPO,,United States,2025-11-11T02:52:14.000Z,Yes
Tia,New York City,,2025-10-17,0.23,Healthcare,https://www.businessinsider.com/womens-health-startup-tia-cut-23-of-workforce-layoff-2025-10,Series B,133,United States,2025-10-25T01:16:12.000Z,No
Bill.com,SF Bay Area,,2025-10-15,0.06,Finance,https://www.bill.com/blog/a-message-to-bill-employees,Post-IPO,280,United States,2025-10-15T20:03:38.000Z,No
OfferUp,Seattle,,2025-10-15,,Retail,https://www.geekwire.com/2025/offerup-hit-with-new-round-of-layoffs-as-marketplace-plans-to-simplify-its-offerings/,Unknown,381,United States,2025-10-22T15:49:05.000Z,No
Handshake,SF Bay Area,100,2025-10-14,0.15,Recruiting,https://www.upstartsmedia.com/p/handshake-refounding-layoff-ai,Series F,434,United States,2025-10-15T20:35:53.000Z,Yes
Smartsheet,Seattle,120,2025-10-02,,Other,https://www.geekwire.com/2025/smartsheet-cuts-jobs-shortly-after-departure-of-longtime-ceo/,Post-IPO,152,United States,2025-10-06T14:50:37.000Z,No
Google,SF Bay Area,50,2025-10-02,,Consumer,https://www.sfchronicle.com/tech/article/google-bay-area-layoffs-21081705.php,Post-IPO,26,United States,2025-10-06T14:52:29.000Z,Yes
Paycom,Oklahoma City,500,2025-10-01,,HR,https://www.oklahoman.com/story/business/information-technology/2025/10/01/paycom-layoffs-2025-workers-replaced-with-ai/86448337007/,Post-IPO,,United States,2025-10-01T23:12:50.000Z,Yes
Google,SF Bay Area,100,2025-10-01,,Consumer,https://www.cnbc.com/2025/10/01/google-cloud-unit-layoffs.html,Post-IPO,26,United States,2025-10-06T14:51:32.000Z,Yes
Simpl,"Bengaluru, Non-U.S.",80,2025-10-01,,Finance,https://inc42.com/buzz/bnpl-startup-simpl-lays-off-80-employees-after-rbi-whiplash/,Series B,72,India,2025-10-01T23:13:44.000Z,No
Just Eat,"Amsterdam, Non-U.S.",450,2025-09-25,0.05,Food,https://www.reuters.com/business/world-at-work/just-eat-lay-off-around-450-employees-partly-automating-operations-2025-09-25/,Acquired,129,Netherlands,2025-09-29T22:34:02.000Z,Yes
Yolo Group,"Tallinn, Non-U.S.",280,2025-09-23,,Finance,https://news.err.ee/1609809363/yolo-group-to-lay-off-280-staff-in-estonia,Unknown,,Estonia,2026-05-20T02:22:47.000Z,No
GamesKraft,"Bengaluru, Non-U.S.",120,2025-09-18,,Consumer,https://inc42.com/buzz/now-gameskraft-lays-off-120-employees/,Unknown,,India,2025-09-25T01:14:59.000Z,No
ZipRecruiter,"Tel Aviv, Non-U.S.",80,2025-09-16,,Recruiting,https://www.calcalistech.com/ctechnews/article/pwjukv20s,Post-IPO,769,United States,2025-09-16T23:30:33.000Z,No
Fiverr,"Tel Aviv, Non-U.S.",250,2025-09-15,0.3,Other,https://www.wsj.com/business/fiverr-to-cut-about-250-jobs-in-refocusing-effort-reiterates-guidance-8f15ee4b,Post-IPO,111,Israel,2025-09-16T23:33:07.000Z,Yes
Sorbet,"Tel Aviv, Non-U.S.",,2025-09-14,,Finance,https://www.calcalistech.com/ctechnews/article/syhzsenjxl,Series A,58,Israel,2025-12-08T23:53:06.000Z,No
Hike,"New Delhi, Non-U.S.",,2025-09-13,1,Consumer,https://techcrunch.com/2025/09/13/hike-once-a-unicorn-shuts-down-as-india-cracks-down-on-real-money-gaming/,Unknown,261,India,2025-09-15T03:31:21.000Z,No
xAI,SF Bay Area,500,2025-09-12,,AI,https://www.businessinsider.com/elon-musk-xai-layoffs-data-annotators-2025-9,Unknown,22700,United States,2025-09-15T03:19:41.000Z,No
Zupee,"New Delhi, Non-U.S.",170,2025-09-11,0.3,Consumer,https://yourstory.com/2025/09/zupee-employees-real-money-gaming-ban-layoffs,Series B,121,India,2025-09-15T03:33:40.000Z,No
Atlassian,"Sydney, Non-U.S.",200,2025-09-10,,Other,https://www.ziptone.nl/en/nieuws/atlassian-schrapt-200-customerservicebanen-in-nederland-en-frankrijk/,Post-IPO,210,Australia,2025-09-18T23:07:30.000Z,Yes
Verbit,New York City,22,2025-09-10,,Data,https://www.calcalistech.com/ctechnews/article/r19t0xjixg,Series E,569,United States,2025-12-08T23:54:34.000Z,Yes
Microsoft,Seattle,42,2025-09-08,,Other,https://www.bizjournals.com/seattle/news/2025/09/08/microsoft-lays-off-dozens-more-employees-in-wa.html,Post-IPO,1,United States,2025-09-08T23:06:16.000Z,No
Rivian,Los Angeles,200,2025-09-05,0.01,Transportation,https://www.latimes.com/business/story/2025-09-08/rivian-lays-off-employees-new-suv-tax-credits,Post-IPO,10700,United States,2025-09-08T19:40:42.000Z,No
Scope3,New York City,,2025-09-05,,Energy,https://www.adweek.com/media/scope3-lays-off-sales-staff-ai-agentic-advertising-restructuring/,Series B,45,United States,2025-09-08T20:05:51.000Z,No
Head Digital Works,"Hyderabad, Non-U.S.",500,2025-09-04,,Consumer,https://entrackr.com/news/a23-parent-lays-off-500-employees-following-rmg-ban-report-9901016,Private Equity,74,India,2025-09-08T23:07:43.000Z,No
Salesforce,SF Bay Area,262,2025-09-04,,Sales,https://www.kron4.com/news/bay-area/salesforce-laying-off-262-employees-in-san-francisco-after-ceo-praises-ai/,Post-IPO,65,United States,2025-09-08T23:12:45.000Z,Yes
Oracle,SF Bay Area,254,2025-09-04,,Other,https://www.kron4.com/news/technology-ai/oracle-bay-area-layoffs/,Post-IPO,,United States,2025-09-08T23:17:29.000Z,No
GupShup,SF Bay Area,100,2025-09-04,,Other,https://inc42.com/buzz/exclusive-gupshup-lays-off-100-employees-in-cost-cutting-exercise/,Series F,484,United States,2025-09-08T16:09:43.000Z,No
Bobble AI,"New Delhi, Non-U.S.",50,2025-09-04,,Consumer,https://entrackr.com/exclusive/exclusive-bobble-ai-lays-off-50-employees-amid-organizational-redesign-9888363,Unknown,59,India,2025-09-08T23:01:56.000Z,No
Oracle,Seattle,101,2025-09-03,,Other,https://www.seattletimes.com/business/cloud-computing-giant-oracle-lays-off-more-seattle-workers/,Post-IPO,,United States,2025-09-08T23:14:45.000Z,No
Salesforce,Seattle,93,2025-09-03,,Sales,https://www.seattletimes.com/business/seattle-area-tech-layoffs-mount-with-salesforce-and-oracle-job-cuts/,Post-IPO,65,United States,2025-09-08T23:15:49.000Z,Yes
Salesforce,"Dublin, Non-U.S.",30,2025-09-03,,Sales,https://www.thejournal.ie/salesforce-ireland-redundancies-6806486-Sep2025/,Post-IPO,65,United States,2025-09-08T23:09:35.000Z,Yes
The Gist,"Tel Aviv, Non-U.S.",,2025-09-03,1,Other,https://www.calcalistech.com/ctechnews/article/jeyngl375,Seed,7,Israel,2025-09-08T16:10:30.000Z,No
theGist,"Tel Aviv, Non-U.S.",,2025-09-03,1,Other,https://www.calcalistech.com/ctechnews/article/jeyngl375,Seed,7,Israel,2025-12-08T23:55:03.000Z,No
Vimeo,New York City,,2025-09-03,0.1,Consumer,https://www.linkedin.com/posts/phmoyer_today-we-announced-that-we-will-be-reducing-activity-7369003115422851074-qHt-/,Post-IPO,450,United States,2025-09-08T19:41:18.000Z,No
Oracle,Kansas City,,2025-09-02,,Other,https://www.kmbc.com/article/oracle-layoffs-kansas-city-cerner-employees/65961940,Post-IPO,,United States,2025-09-08T23:22:12.000Z,No
Games 24x7,"Mumbai, Non-U.S.",400,2025-09-01,,Consumer,https://www.peoplematters.in/news/strategic-hr/after-mpl-games24x7-lays-off-400-employees-govt-steps-in-43232,Unknown,75,India,2025-09-02T04:01:22.000Z,No
Mobile Premier League,"Bengaluru, Non-U.S.",300,2025-09-01,,Consumer,https://timesofindia.indiatimes.com/technology/tech-news/online-gaming-app-ban-mpl-to-layoff-60-of-india-staff/articleshow/123618820.cms,Series E,375,India,2025-09-02T03:58:35.000Z,No
Krutrim,"Bengaluru, Non-U.S.",50,2025-09-01,,AI,https://www.techinasia.com/news/olas-krutrim-cuts-nearly-50-linguistics-staff-in-third-layoff,Unknown,304,India,2025-09-02T03:58:00.000Z,No
Salesforce,SF Bay Area,4000,2025-08-31,,Sales,https://www.businessinsider.com/marc-benioff-says-salesforce-cut-4000-roles-because-of-agents-2025-9,Post-IPO,65,United States,2025-09-02T23:14:02.000Z,Yes
Flip,SF Bay Area,,2025-08-29,1,Consumer,https://www.sfgate.com/tech/article/flip-startup-shuts-down-billion-21022297.php,Series C,294,United States,2025-08-30T22:28:28.000Z,No
Rec Room,Seattle,141,2025-08-27,,Consumer,https://www.geekwire.com/2025/filing-rec-room-layoffs-impact-141-employees-at-seattle-gaming-startup/,Series F,294,United States,2025-08-30T22:12:42.000Z,No
Verily,SF Bay Area,,2025-08-26,,Healthcare,https://www.businessinsider.com/alphabets-verily-lays-off-staff-cuts-its-devices-program-2025-8,Subsidiary,3500,United States,2025-08-30T22:09:06.000Z,Yes
Klaviyo,Boston,,2025-08-25,,Marketing,https://www.theinformation.com/briefings/klaviyo-restructures-r-d-teams-emphasizes-ai-technical-skills,Unknown,778,United States,2025-08-25T19:20:47.000Z,Yes
BeepKart,"Bengaluru, Non-U.S.",150,2025-08-23,1,Retail,https://inc42.com/buzz/exclusive-stellaris-backed-beepkart-shuts-down/,Series A,19,India,2025-08-23T23:14:01.000Z,No
TikTok,"London, Non-U.S.",,2025-08-22,,Consumer,https://www.wsj.com/tech/tiktok-to-lay-off-hundreds-of-u-k-content-moderators-in-ai-push-d040ae21,Acquired,,United Kingdom,2025-08-23T23:15:46.000Z,No
Cisco,SF Bay Area,221,2025-08-19,,Infrastructure,https://www.sfchronicle.com/tech/article/cisco-oracle-layoffs-bay-area-20824135.php,Post-IPO,2,United States,2025-08-23T23:07:05.000Z,No
Oracle,SF Bay Area,101,2025-08-19,,Other,https://www.sfchronicle.com/tech/article/cisco-oracle-layoffs-bay-area-20824135.php,Post-IPO,,United States,2025-08-23T23:07:46.000Z,No
Kyte,SF Bay Area,,2025-08-15,1,Transportation,https://techcrunch.com/2025/08/15/kyte-which-billed-itself-as-the-best-competitor-to-hertz-shuts-down/,Unknown,548,United States,2025-08-18T17:49:20.000Z,No
Restaurant365,Los Angeles,100,2025-08-14,0.09,Food,https://www.restaurantbusinessonline.com/technology/tech-supplier-restaurant365-lays-9-staff,Series C,127,United States,2025-08-18T18:51:46.000Z,No
Oracle,SF Bay Area,289,2025-08-13,,Other,https://www.pleasantonweekly.com/business/2025/08/19/dozens-of-pleasanton-workers-hit-by-wave-of-oracle-layoffs/,Post-IPO,,United States,2025-09-08T23:21:08.000Z,No
Oracle,SF Bay Area,188,2025-08-13,,Other,https://www.sfchronicle.com/tech/article/oracle-tech-layoffs-20818166.php,Post-IPO,,United States,2025-08-18T18:00:43.000Z,No
Oracle,Seattle,161,2025-08-13,,Other,https://www.geekwire.com/2025/oracle-lays-off-161-employees-in-seattle-as-part-of-broader-reported-cuts-impacting-cloud-business/,Post-IPO,,United States,2025-08-18T17:55:06.000Z,No
F5,Seattle,106,2025-08-13,0.02,Security,https://www.geekwire.com/2024/f5-confirms-new-round-of-job-cuts-continuing-annual-pattern-of-workforce-reductions/,Post-IPO,,United States,2025-08-18T17:53:31.000Z,No
Micron,Boise,300,2025-08-12,,Hardware,https://www.scmp.com/tech/big-tech/article/3321613/micron-starts-lay-offs-china-us-memory-chipmaker-retreats-mobile-nand-market,Post-IPO,50,United States,2025-11-11T02:55:31.000Z,No
BenchSci,"Toronto, Non-U.S.",83,2025-08-12,0.23,Healthcare,https://www.theglobeandmail.com/business/article-benchsci-job-cuts-replace-humans-with-ai/?intcmp=gift_share,Series D,164,Canada,2025-08-23T23:09:08.000Z,Yes
Amdocs,St. Louis,,2025-08-12,,Support,https://www.calcalistech.com/ctechnews/article/legpd5dv7,Post-IPO,,United States,2025-08-18T17:50:27.000Z,Yes
Crunchyroll,"Tokyo, Non-U.S.",,2025-08-12,,Media,https://www.thewrap.com/crunchyroll-restructuring-layoffs/,Acquired,26,Japan,2025-08-18T17:52:05.000Z,No
Kaltura,New York City,70,2025-08-07,0.1,Media,https://www.calcalistech.com/ctechnews/article/6a8duhohw,Post-IPO,166,United States,2025-08-10T03:22:18.000Z,No
Nextdoor,SF Bay Area,67,2025-08-07,0.12,Consumer,https://www.bloomberg.com/news/articles/2025-08-07/nextdoor-cuts-12-of-workforce-in-quest-for-profitability,Post-IPO,736,United States,2025-08-18T18:51:03.000Z,No
Peloton,New York City,,2025-08-07,0.06,Fitness,https://www.reuters.com/technology/peloton-cut-more-jobs-forecasts-strong-2026-revenue-shares-rise-2025-08-07/,Post-IPO,1900,United States,2025-08-10T03:21:41.000Z,No
Yotpo,New York City,200,2025-08-05,0.34,Marketing,https://www.calcalistech.com/ctechnews/article/s1cc5uk00xx,Unknown,436,United States,2025-08-05T20:47:57.000Z,Yes
Windsurf,SF Bay Area,30,2025-08-05,,AI,https://techcrunch.com/2025/08/05/three-weeks-after-acquiring-windsurf-cognition-offers-staff-the-exit-door/,Acquired,243,United States,2025-08-10T03:20:50.000Z,No
Wondery,Los Angeles,100,2025-08-04,,Media,https://variety.com/2025/biz/news/amazon-reorganizes-audio-wondery-audible-jen-sargent-exit-1236477796/,Acquired,15,United States,2025-08-05T20:50:53.000Z,No
Clear,"Bengaluru, Non-U.S.",145,2025-08-01,0.16,Finance,https://entrackr.com/news/clear-cuts-16-of-workforce-amid-peak-tax-filing-season-9628272,Series C,140,India,2025-08-05T20:47:11.000Z,No
Atlassian,"Sydney, Non-U.S.",150,2025-07-30,,Other,https://au.finance.yahoo.com/news/atlassian-billionaire-spruiks-ai-as-ceo-fires-150-workers-over-video-in-scary-digital-revolution-052623412.html,Post-IPO,210,Australia,2025-07-30T13:58:18.000Z,Yes
Astra,"Bengaluru, Non-U.S.",106,2025-07-28,1,Sales,https://inc42.com/buzz/aravind-srinivas-backed-ai-startup-astra-shuts-operations/,Unknown,,India,2025-08-05T20:49:34.000Z,No
Krutrim,"Bengaluru, Non-U.S.",100,2025-07-28,,AI,https://inc42.com/buzz/krutrim-lays-off-over-100-staff-in-fresh-job-cuts-report/,Unknown,304,India,2025-07-30T00:06:58.000Z,No
Eyeo,"Cologne, Non-U.S.",,2025-07-28,0.4,,https://www.adexchanger.com/privacy/eyeo-names-new-ceo-cuts-40-of-staff-and-refocuses-the-business-on-privacy/,Unknown,,Germany,2025-07-30T00:08:16.000Z,No
Ohm Mobility,Bengaluru,,2025-07-24,1,Transportation,https://entrackr.com/snippets/ev-financing-startup-ohm-mobility-shuts-down-operations-9534248,Seed,,India,2025-07-26T04:18:10.000Z,No
Tipalti,SF Bay Area,,2025-07-24,,Finance,https://www.calcalistech.com/ctechnews/article/syrnrsyvgg,Series F,565,United States,2025-07-26T04:17:06.000Z,No
PlaxidityX,"Tel Aviv, Non-U.S.",65,2025-07-23,0.36,Security,https://www.calcalistech.com/ctechnews/article/rk1c9mclxl,Acquired,25,Israel,2025-12-08T23:56:12.000Z,No
WiseTech,"Sydney, Non-U.S.",,2025-07-23,,Logistics,https://www.reuters.com/world/asia-pacific/australias-wisetech-cut-some-jobs-ai-driven-efficiency-push-2025-07-23/,Post-IPO,3000,Australia,2025-07-24T04:57:28.000Z,Yes
ConsenSys,New York City,47,2025-07-22,0.07,Crypto,https://www.bloomberg.com/news/articles/2025-07-22/crypto-software-firm-consensys-eliminates-about-7-of-workforce,Series D,726,United States,2025-07-22T23:50:51.000Z,No
Zeen,SF Bay Area,,2025-07-21,1,Consumer,https://www.businessinsider.com/social-media-creator-economy-collage-startup-zeen-shutting-down-2025-7,Unknown,9,United States,2025-07-22T23:53:06.000Z,No
Rocket Companies,Detroit,,2025-07-18,0.02,Real Estate,https://www.housingwire.com/articles/rocket-lays-off-2-of-workforce-after-closing-redfin-acquisition/,Post-IPO,5200,United States,2025-07-22T23:51:59.000Z,No
TytoCare,New York City,35,2025-07-17,0.22,Healthcare,https://www.calcalistech.com/ctechnews/article/sjv1k6i8xx,Series E,206,United States,2025-10-06T14:53:31.000Z,No
Amazon,Seattle,,2025-07-17,,Retail,https://www.reuters.com/business/retail-consumer/amazons-aws-cloud-computing-unit-cuts-least-hundreds-jobs-sources-say-2025-07-17/,Post-IPO,8100,United States,2025-07-18T23:41:35.000Z,Yes
Amicole,New York City,,2025-07-17,1,Retail,https://techcrunch.com/2025/07/17/after-raising-over-3m-popular-vc-backed-beauty-brand-ami-cole-is-shuttering/,Seed,5,United States,2025-07-18T23:45:05.000Z,No
CodeParrot,"Bengaluru, Non-U.S.",,2025-07-17,1,Product,https://inc42.com/buzz/another-startup-bites-the-dust-y-combinator-backed-codeparrot-shuts-down/,Seed,,India,2025-07-18T23:42:28.000Z,No
Scale AI,SF Bay Area,200,2025-07-16,0.14,Data,https://www.bloomberg.com/news/articles/2025-07-16/scale-ai-to-cut-14-of-staff-following-meta-investment,Series E,602,United States,2025-07-17T01:14:33.000Z,No
Lenovo,Raleigh,100,2025-07-16,0.03,Hardware,https://www.newsobserver.com/news/business/article310699130.html,Post-IPO,850,United States,2025-07-18T23:46:41.000Z,No
Jamf,Minneapolis,166,2025-07-15,0.06,Other,https://www.bizjournals.com/twincities/news/2025/07/16/jamf-lays-off-166-employees.html,Post-IPO,332,United States,2025-07-15T16:56:26.000Z,Yes
King.com,"Stockholm, Non-U.S.",200,2025-07-14,,Consumer,https://mobilegamer.biz/laid-off-king-staff-set-to-be-replaced-by-the-ai-tools-they-helped-build-say-sources/,Acquired,84,Sweden,2025-07-17T01:16:07.000Z,Yes
Blip,"Bengaluru, Non-U.S.",,2025-07-12,1,Retail,https://inc42.com/buzz/quick-fashion-startup-blip-shuts-shop/,Unknown,,India,2025-07-15T16:55:10.000Z,No
Intel,Sacramento,5000,2025-07-11,,Hardware,https://www.manufacturingdive.com/news/intel-layoffs-surpass-5000-across-California-Oregon-Arizona-Texas/752756/,Post-IPO,12,United States,2025-07-17T01:18:18.000Z,No
TripleLift,New York City,,2025-07-11,,Marketing,https://www.adexchanger.com/publishers/triplelift-quietly-lays-off-a-double-digit-percentage-of-its-workforce/,Acquired,16,United States,2025-07-18T23:44:04.000Z,No
Indeed + Glassdoor,Austin,1300,2025-07-10,,HR,https://www.bloomberg.com/news/articles/2025-07-10/indeed-glassdoor-to-cut-1-300-jobs-in-ai-focused-consolidation,Acquired,5,United States,2025-07-10T20:03:11.000Z,Yes
Augury,New York City,60,2025-07-10,0.18,Manufacturing,https://www.calcalistech.com/ctechnews/article/sk7t511thxx,Series E,274,United States,2025-12-08T23:46:12.000Z,No
Eigen Labs,Seattle,29,2025-07-08,0.25,Crypto,https://blockworks.co/news/eigen-layoffs-25-eigencloud,Unknown,234,United States,2025-07-11T03:14:43.000Z,No
Nayax,"Tel Aviv, Non-U.S.",70,2025-07-07,0.06,Finance,https://www.calcalistech.com/ctechnews/article/bjzblekrel,Post-IPO,245,Israel,2025-12-08T23:57:23.000Z,No
Subtl AI,"Hyderabad, Non-U.S.",,2025-07-03,1,AI,https://inc42.com/buzz/genai-startup-subtl-ai-shuts-shop-after-failing-to-raise-funds/,Seed,,India,2025-07-07T23:05:11.000Z,No
Microsoft,Seattle,9000,2025-07-02,0.04,Other,https://www.cnbc.com/2025/07/02/microsoft-laying-off-about-9000-employees-in-latest-round-of-cuts.html,Post-IPO,1,United States,2025-07-02T18:41:27.000Z,No
Retrain.ai,New York City,20,2025-07-02,1,HR,https://www.calcalistech.com/ctechnews/article/s1avcuzhgg,Unknown,34,Israel,2025-12-08T23:58:36.000Z,No
Okra,"Lagos, Non-U.S.",,2025-07-02,1,Finance,https://techpoint.africa/news/okra-cofounder-fara-jituboh-exits/,Series A,12,Nigeria,2025-07-07T23:03:56.000Z,No
TikTok,"Dublin, Non-U.S.",,2025-07-02,,Consumer,https://www.bloomberg.com/news/articles/2025-07-02/tiktok-shop-cuts-more-us-workers-in-third-round-since-april,Acquired,,Ireland,2025-07-02T18:42:29.000Z,No
TomTom,"Amsterdam, Non-U.S.",300,2025-06-30,0.1,Other,https://www.tomtom.com/newsroom/press-releases/earnings-other/29121/tomtom-advances-its-product-led-strategy-and-realigns-its-organization/,Post-IPO,430,Netherlands,2025-07-07T23:06:14.000Z,Yes
Rivian,Los Angeles,140,2025-06-26,0.01,Transportation,https://techcrunch.com/2025/06/26/rivian-cuts-dozens-on-manufacturing-team-ahead-of-r2-launch/,Post-IPO,10700,United States,2025-06-27T07:28:26.000Z,No
Bumble,Austin,240,2025-06-25,0.3,Consumer,https://www.cnbc.com/2025/06/25/bumble-layoffs.html,Post-IPO,313,United States,2025-06-25T19:59:22.000Z,No
Klue,"Vancouver, Non-U.S.",85,2025-06-25,0.4,Sales,https://betakit.com/klue-lays-off-40-percent-of-staff-as-startup-faces-internal-and-external-ai-pressure/,Series B,83,Canada,2025-06-25T07:32:02.000Z,Yes
Google,SF Bay Area,75,2025-06-24,,Consumer,https://www.theinformation.com/articles/google-cuts-smart-tv-budget-doubles-youtube,Post-IPO,26,United States,2025-06-25T07:41:41.000Z,No
Intel,Sacramento,,2025-06-24,,Hardware,https://www.oregonlive.com/silicon-forest/2025/06/intel-will-shut-down-its-automotive-business-lay-off-most-of-the-departments-employees.html,Post-IPO,12,United States,2025-06-25T20:10:21.000Z,No
Microsoft,Seattle,,2025-06-24,,Other,https://www.bloomberg.com/news/articles/2025-06-24/microsoft-plans-major-job-cuts-at-xbox-gaming-division?accessToken=eyJhbGciOiJIUzI1NiIsInR5cCI6IkpXVCJ9.eyJzb3VyY2UiOiJTdWJzY3JpYmVyR2lmdGVkQXJ0aWNsZSIsImlhdCI6MTc1MDc3Mjc0NiwiZXhwIjoxNzUxMzc3NTQ2LCJhcnRpY2xlSWQiOiJTWUQ0VkxEV1JHRzAwMCIsImJjb25uZWN0SWQiOiJCMUVBQkI5NjQ2QUM0REZFQTJBRkI4MjI1MzgyQTJFQSJ9.iMkVuxzB6m6hT_Rpwa-NQCTCvDapSt1DaRfpnGaqUSw&embedded-checkout=true&leadSource=uverify%20wall,Post-IPO,1,United States,2025-06-25T07:42:36.000Z,No
Pluralsight,Salt Lake City,,2025-06-24,0.17,Education,https://www.sltrib.com/news/business/2025/06/26/pluralsight-is-leaving-utah-after/,Acquired,192,United States,2025-06-27T07:30:08.000Z,No
Khoros,Austin,116,2025-06-20,,Sales,https://www.bizjournals.com/austin/news/2025/06/20/layoffs-at-austin-social-media-co-khoros.html,Private Equity,138,United States,2025-06-20T19:40:24.000Z,No
Sabi,"Lagos, Non-U.S.",50,2025-06-19,0.2,Retail,https://techcrunch.com/2025/06/20/after-raising-38m-african-e-commerce-startup-sabi-lays-off-20-pivots-to-traceable-exports/,Series B,66,Nigeria,2025-06-21T20:12:22.000Z,No
Intel,"Tel Aviv, Non-U.S.",,2025-06-17,,Hardware,https://www.calcalistech.com/ctechnews/article/pgg42xgob,Post-IPO,12,Israel,2025-07-17T01:19:45.000Z,No
Salto,"Tel Aviv, Non-U.S.",30,2025-06-10,0.5,Other,https://www.calcalistech.com/ctechnews/article/byxvfir7lx,Series B,69,Israel,2025-06-12T19:00:55.000Z,No
ZoomInfo,"Vancouver, Non-U.S.",150,2025-06-09,0.04,Sales,https://www.oregonlive.com/silicon-forest/2025/06/zoominfo-one-of-portland-areas-most-valuable-companies-will-cut-200-jobs.html,Post-IPO,7,Canada,2025-06-10T18:24:25.000Z,No
Playtika,"Tel Aviv, Non-U.S.",90,2025-06-05,,Consumer,https://www.calcalistech.com/ctechnews/article/hjhutnrggg,Post-IPO,,Israel,2025-06-10T18:25:09.000Z,No
Airtime,New York City,25,2025-06-04,0.43,Consumer,https://techcrunch.com/2025/06/04/its-layoff-season-at-phil-libins-airtime/,Series B,33,United States,2025-06-05T14:57:33.000Z,No
Microsoft,Seattle,305,2025-06-02,0.03,Other,https://www.geekwire.com/2025/new-filing-microsoft-cuts-another-305-jobs-in-washington-state/,Post-IPO,1,United States,2025-06-05T14:53:31.000Z,No
Hims & Hers,SF Bay Area,68,2025-05-30,0.04,Healthcare,https://www.reuters.com/business/healthcare-pharmaceuticals/hims-cut-4-workforce-amid-ban-weight-loss-drug-copies-2025-05-30/,Post-IPO,1200,United States,2025-06-05T14:54:17.000Z,No
Business Insider,New York City,,2025-05-29,0.2,Media,https://www.adweek.com/media/business-insider-layoffs-traffic-sensitivity/,Acquired,56,United States,2025-06-01T20:17:06.000Z,No
eBay,"Tel Aviv, Non-U.S.",200,2025-05-28,,Retail,https://www.calcalistech.com/ctechnews/article/hywdt44mxx,Post-IPO,1200,Israel,2025-06-01T20:15:17.000Z,No
Cars24,"Gurugram, Non-U.S.",120,2025-05-27,,Transportation,https://inc42.com/buzz/cars24-to-fire-120-more-employees-in-restructuring-exercise/,Series G,1300,India,2025-05-28T18:29:16.000Z,No
nCino,Wilmington,,2025-05-27,0.07,Finance,https://www.housingwire.com/articles/ncino-workforce-layoffs-artificial-intelligence-technology/,Post-IPO,1100,United States,2025-05-28T18:32:46.000Z,No
Otipy,"New Delhi, Non-U.S.",300,2025-05-23,1,Food,https://economictimes.indiatimes.com/tech/startups/subscription-based-grocery-provider-otipy-shuts-shop-impacts-300-employees/articleshow/121367249.cms?from=mdr,Series B,44,India,2025-05-26T23:53:18.000Z,No
LeddarTech,"Quebec, Non-U.S.",138,2025-05-22,0.95,Transportation,https://betakit.com/leddartech-cuts-95-percent-of-staff-in-bid-to-rescue-its-business/,Post-IPO,402,Canada,2025-05-22T23:15:17.000Z,No
Climeworks,"Zurich, Non-U.S.",106,2025-05-21,0.22,Energy,https://www.bloomberg.com/news/articles/2025-05-21/carbon-removal-startup-climeworks-is-cutting-22-of-staff,Private Equity,734,Switzerland,2025-05-22T21:24:24.000Z,No
Builder.ai,"London, Non-U.S.",,2025-05-20,1,AI,https://techcrunch.com/2025/05/20/once-worth-over-1b-microsoft-backed-builder-ai-is-running-out-of-money/,Series D,445,United Kingdom,2025-05-22T23:13:25.000Z,No
Luminar,Orlando,,2025-05-20,,Transportation,https://techcrunch.com/2025/05/20/luminar-kicks-off-another-round-of-layoffs-amid-ceos-sudden-resignation/,Post-IPO,780,United States,2025-05-26T23:55:52.000Z,No
Blink Charging,Baltimore,,2025-05-19,0.2,Other,https://blinkcharging.com/news/blink-charging-announces-workforce-reduction-to-accelerate-blinkforward-initiative-and-strengthen-global-market-position,Post-IPO,110,United States,2025-05-22T21:25:54.000Z,No
VerSe Innovation,"Bengaluru, Non-U.S.",350,2025-05-18,,Media,https://inc42.com/buzz/josh-dailyhunt-parent-verse-innovation-lays-off-350-employees/,Series J,1700,India,2025-05-22T21:22:27.000Z,Yes
GroundGame Health,Tampa Bay,97,2025-05-15,,Healthcare,https://www.bizjournals.com/tampabay/news/2025/05/15/groundgame-health-layoffs.html,Series A,17,United States,2025-05-16T04:33:39.000Z,No
Noogata,"Tel Aviv, Non-U.S.",10,2025-05-15,1,AI,https://www.calcalistech.com/ctechnews/article/bjluv00711xe,Series A,28,Israel,2025-05-16T04:32:48.000Z,No
Amazon,Seattle,100,2025-05-14,,Retail,https://www.cnbc.com/2025/05/14/amazon-lays-off-about-100-employees-in-devices-and-services-unit.html,Post-IPO,8100,United States,2025-05-16T04:34:25.000Z,No
Microsoft,Seattle,6000,2025-05-13,0.03,Other,https://www.cnbc.com/2025/05/13/microsoft-is-cutting-3percent-of-workers-across-the-software-company.html,Post-IPO,1,United States,2025-05-13T16:15:41.000Z,No
Chegg,SF Bay Area,248,2025-05-12,0.22,Education,https://www.reuters.com/world/americas/chegg-lay-off-22-workforce-ai-tools-shake-up-edtech-industry-2025-05-12/,Post-IPO,227,United States,2025-05-12T22:05:04.000Z,Yes
Match Group,New York City,325,2025-05-08,0.13,Consumer,https://www.bloomberg.com/news/articles/2025-05-08/match-group-cuts-13-staff-in-latest-move-to-reverse-declines,Post-IPO,,United States,2025-05-09T14:27:46.000Z,No
CrowdStrike,SF Bay Area,500,2025-05-07,0.05,Security,https://www.wsj.com/business/crowdstrike-to-cut-5-of-workforce-8eda42ed?st=dVSJCS&reflink=desktopwebshare_permalink,Post-IPO,1200,United States,2025-05-07T17:35:11.000Z,Yes
Games 24x7,"Mumbai, Non-U.S.",180,2025-05-07,,Consumer,https://www.storyboard18.com/gaming-news/games-24x7-cuts-staff-amid-gst-dispute-industry-turmoil-64843.htm,Unknown,75,India,2025-09-02T03:59:36.000Z,No
OpenText,"Waterloo, Non-U.S.",1600,2025-05-06,,Data,https://betakit.com/opentext-makes-ai-number-one-priority-as-company-slashes-1600-jobs/,Post-IPO,1100,Canada,2025-05-16T04:31:33.000Z,Yes
GenWise,"New Delhi, Non-U.S.",15,2025-05-05,0.2,Other,https://entrackr.com/exclusive/exclusive-z47-backed-genwise-lays-off-20-of-workforce-9036952,Seed,3,India,2025-05-05T22:56:20.000Z,No
General Fusion,"Vancouver, Non-U.S.",,2025-05-05,0.25,Energy,https://techcrunch.com/2025/05/05/layoffs-hit-general-fusion-as-the-fusion-power-startup-runs-short-on-cash/,Unknown,370,Canada,2025-05-05T23:42:10.000Z,No
Deep Instinct,"Tel Aviv, Non-U.S.",20,2025-05-04,0.1,Security,https://www.calcalistech.com/ctechnews/article/bjfqkgbglx,Unknown,322,Israel,2025-05-05T22:57:40.000Z,No
Log 9 Materials,"Bengaluru, Non-U.S.",,2025-05-02,1,Manufacturing,https://inc42.com/features/log9-materials-collapse-battery-tech-startup-cash-crunch/,Series B,32,India,2025-05-03T02:41:39.000Z,No
Beam,"Bristol, Non-U.S.",200,2025-05-01,1,Other,https://sifted.eu/articles/beam-robotics-shuts-down,Unknown,,United Kingdom,2025-05-03T02:39:47.000Z,No
Bench,SF Bay Area,,2025-05-01,,Finance,https://techcrunch.com/2025/05/01/fintech-bench-conducts-layoff-while-others-still-work-month-to-month/,Acquired,109,United States,2025-05-03T02:36:05.000Z,No
NetApp,SF Bay Area,700,2025-04-30,0.06,Data,https://blocksandfiles.com/2025/04/30/netapp-making-layoffs/,Post-IPO,,United States,2025-05-03T07:58:03.000Z,No
Electronic Arts,SF Bay Area,300,2025-04-29,,Consumer,https://www.bloomberg.com/news/articles/2025-04-29/electronic-arts-lays-off-hundreds-cancels-titanfall-game,Post-IPO,2,United States,2025-05-03T07:47:55.000Z,No
Stem,SF Bay Area,,2025-04-29,0.27,Energy,https://seekingalpha.com/news/4437501-stem-announces-27-percent-workforce-reduction-with-30m-savings-target-for-2025,Post-IPO,583,United States,2025-05-03T07:55:53.000Z,No
Expedia,Seattle,,2025-04-28,0.03,Travel,https://skift.com/2025/04/28/expedia-restructures-product-and-tech-teams-will-lay-off-3-of-workforce/,Post-IPO,3300,United States,2025-05-03T02:38:09.000Z,No
Spotter,Los Angeles,,2025-04-28,,Other,https://www.businessinsider.com/amazon-backed-creator-startup-spotter-lays-off-staffers-2025-5,Unknown,238,United States,2025-05-03T07:49:08.000Z,No
Tomorrow,Seattle,,2025-04-28,1,Hardware,https://thespoon.tech/next-gen-fridge-startup-tomorrow-shuts-down/,Unknown,,United States,2025-05-03T07:46:50.000Z,No
Cars24,"Gurugram, Non-U.S.",200,2025-04-26,,Transportation,https://entrackr.com/exclusive/exclusive-cars24-lays-off-200-employees-9003193,Series G,1300,India,2025-04-29T04:20:46.000Z,No
SambaNova,SF Bay Area,77,2025-04-25,0.15,AI,https://www.eetimes.com/sambanova-lays-off-15-of-workforce-to-refocus-on-inference/,Series D,1100,United States,2025-05-03T07:51:14.000Z,No
Meta,SF Bay Area,100,2025-04-24,,Consumer,https://www.bloomberg.com/news/articles/2025-04-24/meta-lays-off-more-than-100-staff-across-reality-labs-unit,Post-IPO,26000,United States,2025-04-29T04:18:07.000Z,No
Katana,"Tallinn, Non-U.S.",75,2025-04-24,,Other,https://majandus.postimees.ee/8236396/koondamised-ei-rauge-tootukassa-sai-seitse-koondamisteadet,Series B,67,Estonia,2026-05-20T02:24:05.000Z,No
Intel,Sacramento,22000,2025-04-23,0.2,Hardware,https://www.bloomberg.com/news/articles/2025-04-23/intel-to-announce-plans-this-week-to-cut-more-than-20-of-staff?srnd=homepage-americas,Post-IPO,12,United States,2025-04-23T17:29:25.000Z,No
Zopper,"Noida, Non-U.S.",100,2025-04-17,,Finance,https://inc42.com/buzz/elevation-capital-backed-zopper-fires-100-employees/,Series D,125,India,2025-04-18T14:24:48.000Z,No
Turo,SF Bay Area,150,2025-04-16,0.17,Transportation,https://www.bloomberg.com/news/articles/2025-04-16/car-rental-startup-turo-cuts-15-of-workers-after-icing-ipo,Series E,467,United States,2025-04-16T22:21:59.000Z,No
AppLovin,SF Bay Area,97,2025-04-16,,Marketing,https://www.pocketgamer.biz/applovin-lays-off-97-staff/,Post-IPO,1600,United States,2025-04-19T04:49:38.000Z,No
Smashing,SF Bay Area,7,2025-04-16,1,Consumer,https://techcrunch.com/2025/04/16/smashing-the-reading-curation-app-by-goodreads-founder-shuts-down/,Seed,3,United States,2025-04-18T14:26:41.000Z,No
GupShup,SF Bay Area,200,2025-04-15,,Other,https://inc42.com/buzz/exclusive-saas-unicorn-gupshup-fires-500-employees/,Series F,484,United States,2025-04-16T22:25:10.000Z,No
Sonder,SF Bay Area,,2025-04-14,,Travel,https://skift.com/2025/04/14/sonder-announces-50-million-in-layoffs-and-spending-cuts-ahead-of-marriott-integration/,Post-IPO,839,United States,2025-04-16T22:20:41.000Z,No
Forto,"Berlin, Non-U.S.",200,2025-04-12,,Logistics,https://www.businessinsider.de/gruenderszene/automotive-mobility/forto-entlassungen-gruende/,Series D,593,Germany,2025-04-16T22:24:31.000Z,No
Google,SF Bay Area,,2025-04-11,,Consumer,https://www.reuters.com/technology/google-lays-off-hundreds-employees-android-pixel-group-information-reports-2025-04-11/,Post-IPO,26,United States,2025-04-16T22:20:28.000Z,No
Marin Software,SF Bay Area,,2025-04-10,1,Marketing,https://searchengineland.com/marin-software-shutting-down-454228,Post-IPO,99,United States,2025-04-16T22:20:14.000Z,No
Wing Cloud,"Tel Aviv, Non-U.S.",,2025-04-09,1,Infrastructure,https://www.calcalistech.com/ctechnews/article/bj90wnmrjl#google_vignette,Seed,,Israel,2025-04-16T22:20:08.000Z,No
Coho AI,"Tel Aviv, Non-U.S.",,2025-04-06,1,Sales,https://www.calcalistech.com/ctechnews/article/hjkodbg0jg,Seed,8,Israel,2025-04-16T22:20:05.000Z,No
Five9,SF Bay Area,123,2025-04-03,0.04,Support,https://www.marketwatch.com/story/five9-to-cut-4-of-workforce-cd4da325,Post-IPO,862,United States,2025-04-16T22:20:16.000Z,No
Tract,"London, Non-U.S.",,2025-04-03,,Real Estate,https://sifted.eu/articles/ai-proptech-startup-tract-blog,Unknown,,United Kingdom,2025-04-06T13:29:33.000Z,No
Automattic,SF Bay Area,281,2025-04-02,0.16,Other,https://techcrunch.com/2025/04/02/wordpress-maker-automattic-lays-off-16-of-staff/,Series E,986,United States,2025-04-02T18:58:10.000Z,No
Canva,"Sydney, Non-U.S.",10,2025-04-02,,Consumer,https://www.afr.com/technology/canva-shocks-employees-with-ai-related-job-cuts-20250331-p5lo06,Unknown,2500,Australia,2025-04-02T18:59:23.000Z,Yes
WhyHive,"Melbourne, Non-U.S.",,2025-04-02,1,Data,https://www.startupdaily.net/topic/business/data-analytics-startup-whyhive-is-shutting-down-2-years-after-raising-600000/,Seed,,Australia,2025-04-06T13:55:09.000Z,No
Zomato,"Gurugram, Non-U.S.",600,2025-04-01,,Food,https://inc42.com/buzz/zomato-trims-600-jobs-amid-increasing-automation-quick-commerce-wars/,Series J,914,India,2025-12-09T00:01:54.000Z,Yes
Northvolt,"Stockholm, Non-U.S.",2800,2025-03-31,0.62,Energy,https://sifted.eu/articles/northvolt-lays-off-half-of-staff-as-bankrupt-battery-maker-seeks-buyer,Unknown,13800,Sweden,2025-04-01T18:30:27.000Z,No
2U,Washington D.C.,,2025-03-31,,Education,https://www.classcentral.com/report/2u-layoffs-march-2025/,Post-IPO,426,United States,2025-04-01T18:59:01.000Z,No
Palantir,Denver,120,2025-03-27,,Data,https://finance.yahoo.com/news/palantir-just-cut-over-60-192816370.html,Post-IPO,3000,United States,2025-04-01T18:56:56.000Z,Yes
Block,SF Bay Area,931,2025-03-25,0.08,Finance,https://techcrunch.com/2025/03/25/read-the-email-jack-dorsey-sent-when-he-cut-931-of-blocks-staff/,Post-IPO,150,United States,2025-03-26T04:06:26.000Z,No
Niantic,SF Bay Area,68,2025-03-25,,Other,https://www.sfgate.com/tech/article/niantic-spatial-layoffs-ferry-building-20240572.php,Series D,770,United States,2025-03-27T21:52:40.000Z,No
Prefect,Washington D.C.,20,2025-03-25,,Data,https://www.bizjournals.com/washington/inno/stories/profiles/2025/03/25/prefect-technologies-job-cuts-jeremiah-lowin.html,Series B,47,United States,2025-03-27T21:49:47.000Z,No
Brightcove,Boston,198,2025-03-19,0.33,Marketing,https://www.boston.com/news/business/2025/03/19/boston-based-streaming-company-brightcove-to-lay-off-198-workers/,Acquired,145,United States,2025-03-21T22:44:13.000Z,No
Acxiom,Little Rock,130,2025-03-19,0.03,Marketing,https://adage.com/article/agency-news/acxiom-lays-35-staff-more-130-employees/2606146,Post-IPO,,United States,2025-03-21T22:44:04.000Z,No
HelloFresh,SF Bay Area,273,2025-03-17,,Food,https://www.grocerydive.com/news/hellofresh-close-texas-distribution-centers-cut-nearly-300-jobs/742616/,Post-IPO,367,United States,2025-03-18T04:01:22.000Z,No
Otorio,"Tel Aviv, Non-U.S.",45,2025-03-17,0.56,Security,https://www.calcalistech.com/ctechnews/article/sjz9nob2jl,Acquired,,Israel,2025-03-18T03:58:06.000Z,No
ActiveFence,New York City,22,2025-03-13,0.07,Security,https://www.calcalistech.com/ctechnews/article/hjvqbqg3jx,Series B,100,United States,2025-03-14T23:19:06.000Z,No
D-ID,"Tel Aviv, Non-U.S.",22,2025-03-10,0.25,AI,https://www.calcalistech.com/ctechnews/article/bjrzoinjjg,Series B,48,Israel,2025-03-12T15:54:59.000Z,No
Arrival,"London, Non-U.S.",,2025-03-10,1,Transportation,https://sifted.eu/articles/arrival-sales-collapse-news,Post-IPO,629,United Kingdom,2025-03-12T15:54:18.000Z,No
Zonar Systems,Seattle,,2025-03-09,,Logistics,https://www.bizjournals.com/seattle/news/2025/03/09/zonar-systems-layoffs-gps-trackit-inverness-graham.html,Acquired,50,United States,2025-03-12T15:52:54.000Z,No
Wayfair ,Boston,340,2025-03-07,,Retail,https://finance.yahoo.com/news/retailer-wayfair-restructures-technology-team-135556649.html,Post-IPO,1700,Germany,2025-03-07T15:40:08.000Z,No
Welltech,"Limassol, Non-U.S.",80,2025-03-07,0.1,Fitness,https://dev.ua/news/welltech-1741333859,Unknown,,Cyprus,2026-05-07T21:07:19.000Z,No
Hewlett Packard Enterprise,SF Bay Area,2500,2025-03-06,0.05,Hardware,https://www.cnbc.com/2025/03/06/hewlett-packard-enterprise-hpe-q1-earnings-report-2025.html,Post-IPO,1400,United States,2025-03-07T15:44:34.000Z,No
TikTok,"Dublin, Non-U.S.",300,2025-03-06,,Consumer,https://www.rte.ie/news/ireland/2025/0306/1500535-tik-tok-ireland/,Acquired,,Ireland,2025-03-07T15:41:16.000Z,No
LiveRamp,SF Bay Area,65,2025-03-05,0.05,Marketing,https://www.benzinga.com/news/guidance/25/03/44189581/saas-company-liveramp-lays-off-5-of-full-time-workforce-amid-strategic-restructuring,Post-IPO,16,United States,2025-03-07T15:39:20.000Z,No
Ola Electric,"Bengaluru, Non-U.S.",1000,2025-03-03,,Transportation,https://inc42.com/buzz/ola-electric-to-cut-over-1k-jobs-amid-rising-losses-report/,Post-IPO,1700,India,2025-03-05T00:00:14.000Z,No
Rec Room,Seattle,,2025-03-03,0.16,Consumer,https://blog.recroom.com/posts/2025/3/3/rec-room-update-march-2025,Series F,294,United States,2025-03-05T00:02:53.000Z,No
ANS Commerce,"Gurugram, Non-U.S.",,2025-03-02,1,Retail,https://www.etnownews.com/technology/flipkart-shuts-down-ans-commerce-after-3-years-lays-off-employees-amid-e-commerce-restructuring-details-article-118657546,Acquired,2,India,2025-03-03T00:43:48.000Z,No
HP,SF Bay Area,2000,2025-02-28,,Hardware,https://www.sfchronicle.com/tech/article/hp-job-cuts-tariff-concerns-20193141.php,Post-IPO,,United States,2025-11-27T14:39:32.000Z,No
Grubhub,SF Bay Area,500,2025-02-28,0.23,Food,https://www.reuters.com/technology/food-delivery-company-grubhub-lay-off-500-positions-2025-02-28/,Acquired,284,United States,2025-03-01T00:05:23.000Z,No
Autodesk,SF Bay Area,1350,2025-02-27,0.09,Other,https://www.cnbc.com/2025/02/27/autodesk-says-it-will-cut-1350-employees.html,Post-IPO,,United States,2025-02-28T01:59:29.000Z,Yes
Digimarc,Portland,90,2025-02-27,0.4,Other,https://www.oregonlive.com/silicon-forest/2025/02/digimarc-shares-plunge-as-oregon-company-lays-off-40-of-its-staff.html,Post-IPO,105,United States,2025-03-05T00:07:43.000Z,No
Google,SF Bay Area,,2025-02-27,,Consumer,https://www.cnbc.com/2025/02/27/google-makes-cuts-to-hr-and-cloud-units.html,Post-IPO,26,United States,2025-02-28T04:41:13.000Z,Yes
Flywire,Boston,125,2025-02-26,,Finance,https://www.bostonglobe.com/2025/02/26/business/student-visa-cutback-flywire-stock-price/,Series E,263,United States,2025-03-01T00:06:04.000Z,No
eBay,"Tel Aviv, Non-U.S.",20,2025-02-26,,Retail,https://www.calcalistech.com/ctechnews/article/bjgsl8n9yl,Post-IPO,1200,United States,2025-02-28T01:56:31.000Z,No
Commercetools,"Munich, Non-U.S.",,2025-02-26,0.1,Retail,https://techcrunch.com/2025/02/26/commercetools-a-pioneer-in-headless-commerce-lays-off-dozens-of-staff/,Series C,119,Germany,2025-02-28T01:55:16.000Z,No
Dayforce,"Toronto, Non-U.S.",,2025-02-26,0.05,HR,https://www.marketwatch.com/story/dayforce-to-cut-about-5-of-workforce-in-efficiency-drive-2eabda38?mod=investing,Post-IPO,40,Canada,2025-02-28T01:53:44.000Z,No
Expedia,Seattle,,2025-02-26,,Travel,https://www.geekwire.com/2025/expedia-confirms-layoffs-at-seattle-travel-giant/,Post-IPO,3300,United States,2025-02-28T01:58:12.000Z,No
Skybox Security,SF Bay Area,300,2025-02-24,1,Security,https://www.calcalistech.com/ctechnews/article/s1wi4rc5yl,Private Equity,335,United States,2025-02-26T03:05:58.000Z,No
HerMD,Cincinnati,,2025-02-24,1,Healthcare,https://www.bizjournals.com/cincinnati/inno/stories/news/2025/02/24/hermd-womens-health-startup-closing-venture.html,Series A,28,United States,2025-02-26T03:05:11.000Z,No
Ibotta,Denver,70,2025-02-22,0.08,Retail,https://coloradosun.com/2025/02/22/fired-federal-workers-eligible-colorado-unemployment-benefits/#h-other-working-bits,Post-IPO,93,United States,2025-02-24T22:44:24.000Z,No
NetEase,"Tokyo, Non-U.S.",,2025-02-22,,Consumer,https://www.techinasia.com/news/netease-cuts-jobs-projects-as-growth-remains-slow,Post-IPO,,Japan,2025-02-23T22:50:22.000Z,No
Zendesk,SF Bay Area,51,2025-02-21,,Support,https://www.kron4.com/news/bay-area/zendesk-lays-off-dozens-of-employees-at-sf-headquarters/,Acquired,85,United States,2025-02-21T23:35:01.000Z,No
Electriq Global,"Tel Aviv, Non-U.S.",,2025-02-21,1,Energy,https://www.calcalistech.com/ctechnews/article/syqy71l91e,Unknown,8,Israel,2025-02-26T03:07:30.000Z,No
SeatGeek,New York City,150,2025-02-20,0.15,Consumer,https://www.theticketingbusiness.com/2025/02/20/seatgeek-to-slash-headcount-by-15-outgoing-employees-claim/,Series E,400,United States,2025-02-21T23:36:34.000Z,No
Vendease,"Lagos, Non-U.S.",120,2025-02-19,0.44,Food,https://techcabal.com/2025/02/19/vendease-second-layoffs/,Series A,43,Nigeria,2025-02-21T23:41:47.000Z,No
Riskified,New York City,,2025-02-19,,Retail,https://www.calcalistech.com/ctechnews/article/h1hkriq91l,Post-IPO,229,United States,2025-02-21T23:38:01.000Z,No
Logically,"Manchester, Non-U.S.",40,2025-02-17,0.2,AI,https://sifted.eu/articles/anti-misinformation-startup-logically-lays-off-dozens-in-global-cost-cutting-drive,Series A,37,United Kingdom,2025-02-18T03:31:04.000Z,No
Eviation Aircraft,"Tel Aviv, Non-U.S.",,2025-02-14,,Aerospace,https://www.aerotime.aero/articles/electric-startup-eviation-lays-off-staff-as-it-seeks-funding-media-reports,Acquired,140,Israel,2025-02-18T03:29:38.000Z,No
Blue Origin,Seattle,1000,2025-02-13,0.1,Aerospace,https://www.cnn.com/2025/02/13/science/blue-origin-employee-layoffs/index.html,Unknown,167,United States,2025-02-15T01:19:53.000Z,No
Metro Africa Xpress,"Lagos, Non-U.S.",150,2025-02-13,,Logistics,https://techcabal.com/2025/02/13/max-laid-off-150-employees/,Unknown,64,Nigeria,2025-03-28T21:18:56.000Z,No
Sophos,"Oxford, Non-U.S.",,2025-02-13,0.06,Security,https://techcrunch.com/2025/02/13/sophos-lays-off-6-of-workforce-following-secureworks-acquisition/,Acquired,125,United Kingdom,2025-02-13T21:50:41.000Z,No
Redfin,Seattle,450,2025-02-12,,Real Estate,https://www.realestatenews.com/2025/02/12/redfin-to-cut-450-roles-following-zillow-rentals-deal,Post-IPO,320,United States,2025-02-18T03:28:39.000Z,No
Zepz,"London, Non-U.S.",200,2025-02-12,0.2,Finance,https://www.cnbc.com/2025/02/12/fintech-unicorn-zepz-to-lay-off-200-employees-sources-say.html,Series E,700,United Kingdom,2025-02-12T19:17:41.000Z,No
Getaround,SF Bay Area,,2025-02-12,,Transportation,https://www.sfchronicle.com/bayarea/article/s-f-based-getaround-lay-nearly-u-s-based-20164114.php,Series D,403,United States,2025-02-13T21:51:56.000Z,No
Unity,SF Bay Area,,2025-02-11,,Other,https://www.theverge.com/news/610165/unity-layoffs-2025-runtime-fee,Post-IPO,1300,United States,2025-02-12T19:19:38.000Z,No
Meta,SF Bay Area,3600,2025-02-10,0.05,Consumer,https://finance.yahoo.com/news/mark-zuckerberg-warned-employees-prepare-174916671.html,Post-IPO,26000,United States,2025-01-16T19:54:28.000Z,No
Wise,Tampa Bay,300,2025-02-10,,Finance,https://www.tampabay.com/news/business/2025/02/10/wise-close-tampa-offices-cutting-more-than-300-jobs/,Post-IPO,300,United States,2025-02-26T03:14:10.000Z,No
Justworks,New York City,200,2025-02-10,,HR,https://www.justworks.com/press/company-news/a-note-from-justworks-ceo-mike-seckler,Unknown,160,United States,2025-02-11T01:38:13.000Z,No
MessageBird,"Amsterdam, Non-U.S.",120,2025-02-10,0.33,Other,https://techcrunch.com/2025/02/10/bird-cuts-120-jobs-as-part-of-strategic-realignment/,Series C,1100,Netherlands,2025-02-11T01:41:09.000Z,Yes
Sprinklr,New York City,500,2025-02-06,0.15,Support,https://techcrunch.com/2025/02/06/sprinklr-cuts-500-employees-citing-underwhelming-business-performance/,Post-IPO,429,United States,2025-02-08T14:51:55.000Z,No
NanoLock,"Tel Aviv, Non-U.S.",,2025-02-06,1,Security,https://www.calcalistech.com/ctechnews/article/rjgagxmkyl,Series B,18,Israel,2025-02-26T03:09:38.000Z,No
Refurbed,"Vienna, Non-U.S.",,2025-02-06,0.2,Retail,https://www.linkedin.com/posts/windp_at-refurbed-were-constantly-evolving-to-share-7293281869981245440-daV4/,Series C,191,Austria,2026-05-15T20:50:03.000Z,No
Workday,SF Bay Area,1750,2025-02-05,0.08,HR,https://www.cnbc.com/2025/02/05/workday-to-cut-1750-jobs-in-ai-push.html,Post-IPO,230,United States,2025-02-05T16:52:43.000Z,Yes
Gemini,New York City,200,2025-02-05,,Crypto,https://www.reuters.com/business/world-at-work/gemini-space-station-plans-cut-200-jobs-2026-02-05/,Unknown,423,United States,2026-02-06T23:16:02.000Z,No
Outbrain,New York City,200,2025-02-05,,Marketing,https://www.calcalistech.com/ctechnews/article/rkxxve11yyl,Post-IPO,394,United States,2025-02-05T21:55:45.000Z,No
Sonos,Santa Barbara,200,2025-02-05,0.12,Consumer,https://www.theverge.com/news/607022/sonos-february-layoffs-app-problems,Post-IPO,455.2,United States,2025-02-05T21:49:02.000Z,No
SRTX,"Montreal, Non-U.S.",140,2025-02-05,,Manufacturing,https://substack.com/inbox/post/156526787,Unknown,151,Canada,2025-02-05T19:04:12.000Z,No
Tabnine,"Tel Aviv, Non-U.S.",15,2025-02-05,0.18,AI,https://www.calcalistech.com/ctechnews/article/h1jlmiek1l,Series B,57,Israel,2025-02-06T03:47:58.000Z,No
Hugging Face,New York City,10,2025-02-05,0.04,AI,https://www.theinformation.com/briefings/hugging-face-lays-off-4-of-staff,Series D,395,United States,2025-02-06T03:46:14.000Z,No
Cruise,SF Bay Area,1000,2025-02-04,0.5,Transportation,https://techcrunch.com/2025/02/04/cruise-to-slash-workforce-by-50-after-gm-cuts-funding-to-robotaxi-operations/,Acquired,15000,United States,2025-02-04T20:56:27.000Z,No
Okta,SF Bay Area,180,2025-02-04,0.03,Security,https://techcrunch.com/2025/02/04/okta-lays-off-180-employees-nearly-one-year-after-last-workforce-reduction/,Post-IPO,1200,United States,2025-02-04T19:01:38.000Z,No
AppsFlyer,SF Bay Area,100,2025-02-04,0.07,Data,https://www.calcalistech.com/ctechnews/article/hjfbxkkt1e,Unknown,293,United States,2025-02-04T23:08:44.000Z,Yes
Asana,SF Bay Area,100,2025-02-04,,Other,Internal memo,Post-IPO,453,United States,2025-02-05T16:53:06.000Z,No
TripAdvisor,Boston,75,2025-02-04,,Travel,https://skift.com/2025/02/04/tripadvisor-fires-more-than-150-employees-and-contractors-scoop/,Post-IPO,3,United States,2025-02-05T19:06:29.000Z,No
Intel,Sacramento,58,2025-02-04,,Hardware,https://folsomtimes.com/intel-announces-another-58-layoffs-for-folsom-campus/,Post-IPO,12,United States,2025-02-21T23:39:51.000Z,No
Innoviz,"Tel Aviv, Non-U.S.",40,2025-02-04,0.09,Transportation,https://www.calcalistech.com/ctechnews/article/hydnmjjkjx,Post-IPO,547,Israel,2025-12-08T23:49:34.000Z,No
Salesforce,SF Bay Area,1000,2025-02-03,0.01,Sales,https://finance.yahoo.com/news/salesforce-cut-1-000-roles-002028643.html,Post-IPO,65,United States,2025-02-04T03:03:26.000Z,Yes
Sure,New York City,70,2025-02-03,,Finance,https://www.theinsurer.com/ti/news/embedded-insurtech-sure-slashes-headcount-by-around-70-amid-latest-fundraising-2025-02-03/,Series C,123,United States,2025-02-05T21:54:48.000Z,No
Cushion,SF Bay Area,,2025-01-30,1,Finance,https://techcrunch.com/2025/01/30/fintech-startup-cushion-shuts-down-after-8-years-and-over-20-million-in-funding/,Series A,20,United States,2025-02-02T09:38:19.000Z,No
Placer.ai,SF Bay Area,150,2025-01-29,0.18,Data,https://www.calcalistech.com/ctechnews/article/sj6ptuddye,Unknown,267,United States,2025-01-30T15:46:44.000Z,No
Amazon,Seattle,,2025-01-29,,Retail,https://www.bloomberg.com/news/articles/2025-01-29/amazon-cuts-dozens-of-corporate-jobs-in-latest-round-of-layoffs,Post-IPO,8100,United States,2025-02-02T09:42:34.000Z,No
Digital River,Minneapolis,122,2025-01-28,,Retail,https://www.startribune.com/digital-river-ecommerce-close-layoff-shut-down-microsoft-online-shop/601213069,Private Equity,50,United States,2025-02-02T09:41:21.000Z,No
Aurora Labs,"Tel Aviv, Non-U.S.",45,2025-01-27,0.6,Transportation,https://www.calcalistech.com/ctechnews/article/rjh2d64ukx,Series C,97,Israel,2025-12-08T23:59:34.000Z,Yes
Moon Active,"Tel Aviv, Non-U.S.",,2025-01-27,,Consumer,https://www.calcalistech.com/ctechnews/article/bjejkmruyg,Unknown,425,Israel,2025-01-29T00:22:26.000Z,No
Stripe,SF Bay Area,300,2025-01-21,0.03,Finance,https://www.businessinsider.com/stripe-layoffs-staff-payments-memo-2025-1,Series I,8700,United States,2025-01-21T17:34:27.000Z,No
Turso,"London, Non-U.S.",,2025-01-21,,Product,https://turso.tech/blog/upcoming-changes-to-the-turso-platform-and-roadmap,Seed,7,United Kingdom,2025-01-29T00:31:12.000Z,No
Unbabel,"Lisbon, Non-U.S.",66,2025-01-20,0.25,Support,https://observador.pt/2025/01/20/unbabel-reduz-equipa-tecnologica-portuguesa-fala-processo-de-reestruturacao-em-curso/,Series C,91,Portugal,2025-01-29T00:23:38.000Z,Yes
Chrono24,"Karlsruhe, Non-U.S.",110,2025-01-16,0.24,Retail,https://usa.watchpro.com/chrono24-reboot-begins-with-one-in-four-workers-cut/,Series C,205,Germany,2025-01-17T21:21:30.000Z,No
Pocket FM,"Bengaluru, Non-U.S.",75,2025-01-16,,Media,https://yourstory.com/2025/01/pocketfm-75-employees-pushes-toward-profitability,Series D,212,India,2025-01-21T01:07:13.000Z,No
Aurora Solar,SF Bay Area,58,2025-01-16,,Energy,https://www.sfexaminer.com/news/technology/sf-green-tech-startup-aurora-solar-laying-off-dozens-again/article_a5fc0dbc-d450-11ef-95d2-03eab04fe214.html,Series D,523,United States,2025-01-17T21:22:17.000Z,No
HeyJobs,"Berlin, Non-U.S.",90,2025-01-15,,Recruiting,https://aimgroup.com/2025/01/15/heyjobs-axes-90-workers-shuts-two-locations-anonymous-sources/,Series B,62,Germany,2025-02-02T09:40:06.000Z,No
AppLovin,SF Bay Area,89,2025-01-15,,Marketing,https://www.pocketgamer.biz/applovin-lays-off-97-staff/,Post-IPO,1600,United States,2025-04-19T04:49:58.000Z,No
ShareChat,"Bengaluru, Non-U.S.",27,2025-01-15,0.05,Marketing,https://entrackr.com/news/sharechat-cuts-5-jobs-as-part-of-performance-review-cycle-8623795,Series D,222,India,2025-01-16T19:51:09.000Z,No
Textio,Seattle,15,2025-01-15,,Recruiting,https://www.geekwire.com/2025/augmented-writing-startup-textio-lays-off-more-employees-will-invest-in-different-mix-of-roles/,Unknown,42,United States,2025-01-17T21:19:57.000Z,Yes
Advisor Credit Exchange,Philadelphia,,2025-01-14,1,Finance,https://citywire.com/ria/news/envestnet-backed-advisor-credit-exchange-to-shut-down-sources/a2457772,Unknown,31,United States,2025-01-15T01:13:45.000Z,No
Microsoft,Seattle,,2025-01-14,,Other,https://www.businessinsider.com/microsoft-layoffs-hit-security-devices-sales-gaming-2025-1,Post-IPO,1,United States,2025-01-15T01:15:36.000Z,No
TechCrunch,SF Bay Area,,2025-01-14,,Media,https://www.businessinsider.com/techcrunch-cuts-staff-amid-evolving-needs-2025-1,Acquired,,United States,2025-01-17T21:23:13.000Z,No
Alza,New York City,,2025-01-13,1,Finance,https://fortune.com/2025/01/13/alza-fintech-latino-thrive-capital-stripe-level-employer-com-shut-down-venture/,Seed,7,United States,2025-01-15T01:13:03.000Z,No
Boozt,"Malmo, Non-U.S.",,2025-01-13,0.1,Retail,https://www.breakit.se/artikel/42184/boozt-sager-upp-var-tionde-pekar-pa-ai,Post-IPO,56,Sweden,2025-02-02T09:39:04.000Z,Yes
Wayfair,"Berlin, Non-U.S.",730,2025-01-10,0.03,Retail,https://www.cnbc.com/2025/01/10/wayfair-to-exit-germany-cut-730-jobs-in-latest-layoffs.html,Post-IPO,1700,Germany,2025-01-12T04:49:29.000Z,No
Pandion,Seattle,63,2025-01-10,1,Logistics,https://www.geekwire.com/2025/heavily-funded-pandion-delivery-startup-closes-abruptly-in-latest-logistics-industry-fallout/,Series B,76,United States,2025-01-12T04:51:09.000Z,No
Zillow,Seattle,,2025-01-10,,Real Estate,https://www.geekwire.com/2025/zillow-makes-job-cuts-after-reorganizing-agent-software-and-advertising-teams/,Post-IPO,97,United States,2025-01-15T01:17:09.000Z,No
Icon,Austin,114,2025-01-09,,Construction,https://www.statesman.com/story/business/2025/01/09/icon-layoffs-austin-texas-3d-printing-company-100-employees/77573345007/,Series B,451,United States,2025-01-12T04:52:48.000Z,No
Redfin,Seattle,46,2025-01-09,,Real Estate,https://www.geekwire.com/2025/redfin-lays-off-46-employees-in-latest-cuts-at-seattle-real-estate-company/,Post-IPO,320,United States,2025-01-15T01:18:53.000Z,No
Altruist,SF Bay Area,37,2025-01-07,0.1,Finance,https://riabiz.com/a/2025/1/7/altruist-lays-off-10-of-its-staff-despite-300-revenue-jump-to-get-best-possible-people-as-aggressive-hiring-continues-says-ceo,Series E,449,United States,2025-01-08T02:13:40.000Z,No
Aqua Security,Boston,,2025-01-07,,Security,https://www.calcalistech.com/ctechnews/article/rjd6qpclyx,Series E,325,United States,2025-01-08T02:12:51.000Z,No
Cloud Software Group,SF Bay Area,,2025-01-07,,Other,https://www.crn.com/news/cloud/2025/citrix-parent-cloud-software-group-confirms-layoffs?itc=refresh,Unknown,,United States,2025-01-12T04:52:07.000Z,No
Microsoft,Seattle,,2025-01-07,,Other,https://www.businessinsider.com/microsoft-plans-job-cuts-performance-management-2025-1,Post-IPO,1,United States,2025-01-11T22:43:15.000Z,No
SolarEdge,"Tel Aviv, Non-U.S.",400,2025-01-06,,Energy,https://www.reuters.com/business/energy/solaredge-technologies-lay-off-400-employees-globally-2025-01-06/,Post-IPO,155,Israel,2025-01-08T02:11:20.000Z,No
Level,New York City,,2025-01-02,1,Finance,https://www.pymnts.com/acquisitions/2025/report-benefits-startup-level-shuts-down-after-acquisition-falls-through,Series B,27,United States,2025-01-04T00:49:37.000Z,No
GupShup,SF Bay Area,300,2024-12-31,,Other,https://inc42.com/buzz/exclusive-saas-unicorn-gupshup-fires-500-employees/,Series F,484,United States,2025-04-16T22:26:43.000Z,
Brave Care,Portland,,2024-12-31,1,Healthcare,https://www.oregonlive.com/health/2024/12/portland-pediatrics-startup-brave-care-shutters-permanently.html,Series B,43,United States,2025-01-04T00:51:12.000Z,
Epicery,"Paris, Non-U.S.",,2024-12-31,1,Food,https://techcrunch.com/2024/12/31/after-ups-and-down-food-delivery-startup-epicery-closes-shop/,Acquired,7,France,2025-01-04T00:50:13.000Z,
Bench,"Vancouver, Non-U.S.",450,2024-12-27,1,Finance,https://techcrunch.com/2024/12/27/bench-shuts-down-leaving-thousands-of-businesses-without-access-to-accounting-and-tax-docs/,Series C,109,Canada,2024-12-28T03:39:19.000Z,
Lilium,"Munich, Non-U.S.",1000,2024-12-23,1,Aerospace,https://techcrunch.com/2024/12/23/electric-aircraft-startup-lilium-ceases-operations-1000-workers-laid-off/,Post-IPO,1400,Germany,2024-12-28T03:37:16.000Z,No
BionicHIVE,"Sderot, Non-U.S.",,2024-12-22,1,Hardware,https://www.calcalistech.com/ctechnews/article/bjejbfsbyx,Unknown,,Israel,2024-12-28T03:35:57.000Z,
RealSelf,Seattle,,2024-12-19,,Healthcare,https://www.geekwire.com/2024/realself-layoffs-cosmetic-procedure-review-company-cuts-staff/,Series B,42,United States,2025-01-15T01:18:06.000Z,
Refinery29,New York City,,2024-12-17,,Media,https://www.axios.com/2024/12/17/refinery29-layoffs-ceo-cory-haik,Acquired,134,United States,2024-12-18T19:07:33.000Z,
Thrive,"Mumbai, Non-U.S.",,2024-12-14,1,Food,https://yourstory.com/2024/12/food-delivery-startup-thrive-to-shut-down-operations,Series A,,India,2024-12-18T19:13:03.000Z,
Cint,"Stockholm, Non-U.S.",,2024-12-12,0.12,Data,https://investors.cint.com/en/press/cint-reducing-its-cost-base-increase-efficiency-and-sets-date-strategy-update-2287372,Post-IPO,17,Sweden,2025-02-08T14:53:43.000Z,
Yahoo,SF Bay Area,,2024-12-12,,Consumer,https://techcrunch.com/2024/12/12/yahoo-cybersecurity-team-sees-layoffs-outsourcing-of-red-team-under-new-cto/,Acquired,6,United States,2024-12-13T21:47:04.000Z,
Foundry,Rochester,74,2024-12-11,0.27,Crypto,https://coingeek.com/foundry-lays-off-staff-as-marathon-hive-expand/,Subsidiary,,United States,2024-12-13T00:43:37.000Z,
Calendly,Atlanta,70,2024-12-11,0.13,Other,https://finance.yahoo.com/news/read-memo-calendlys-ceo-sent-133038639.html,Series B,351,United States,2024-12-13T00:40:44.000Z,
Canoo,Los Angeles,20,2024-12-11,,Transportation,https://eletric-vehicles.com/canoo/canoo-initiates-layoffs-as-bankruptcy-looms/,Post-IPO,300,United States,2024-12-13T00:42:45.000Z,
OfferUp,Seattle,,2024-12-11,0.22,Retail,https://www.geekwire.com/2024/offerup-cuts-22-of-staff-amid-expansion-beyond-used-goods-read-ceos-memo-to-staff/,Unknown,381,United States,2024-12-13T00:41:49.000Z,
Spotter,Los Angeles,,2024-12-11,,Other,https://www.theinformation.com/articles/spotter-a-startup-that-funds-youtubers-lays-off-staff-following-amazon-deal,Unknown,238,United States,2024-12-13T00:38:01.000Z,
Bluevine,"Tel Aviv, Non-U.S.",100,2024-12-10,0.18,Finance,https://www.calcalistech.com/ctechnews/article/bkfccpr4kx,Unknown,769,Israel,2024-12-11T05:30:26.000Z,
Spectrm,"Berlin, Non-U.S.",,2024-12-10,,Marketing,https://tech.eu/2024/12/10/when-layoffs-go-wrong/,Series B,11,Germany,2024-12-18T19:23:56.000Z,
EasyKnock,New York City,,2024-12-09,1,Real Estate,https://www.housingwire.com/articles/easyknock-fintech-abruptly-shuts-down/,Series D,440,United States,2024-12-11T05:32:22.000Z,
Carousell,"Singapore, Non-U.S.",76,2024-12-06,0.07,Retail,https://www.channelnewsasia.com/singapore/carousell-layoffs-december-2024-76-roles-strategic-market-resources-4791261,Unknown,375,Singapore,2024-12-07T18:46:44.000Z,
Mixtroz,Birmingham,,2024-12-06,1,Other,https://bhamnow.com/2024/12/06/mixtroz-co-founders-announce-shutting-down-operations/,Seed,2,United States,2024-12-11T05:33:48.000Z,
Circle,Boston,50,2024-12-05,0.06,Crypto,https://www.coindesk.com/business/2024/12/05/usdc-issuer-circle-makes-layoffs-as-part-of-operations-review-bloomberg,Private Equity,1100,United States,2024-12-07T18:42:24.000Z,
Vox Media,Washington D.C.,,2024-12-05,,Media,https://www.adweek.com/media/vox-media-layoffs-reorganizes-lifestyle-properties/,Series F,307,United States,2024-12-07T18:36:43.000Z,
Stash,New York City,88,2024-12-04,0.4,Finance,https://fortune.com/2024/12/04/stash-fintech-layoffs-ceo-departure-acquisition/,Unknown,480,United States,2024-12-07T18:38:16.000Z,
Booking Holdings,Norwalk,60,2024-12-04,,Travel,https://skift.com/2024/12/04/booking-holdings-laid-off-60-employees-at-b2b-arm-as-it-resets-priorities/,Post-IPO,2800,United States,2024-12-07T18:35:02.000Z,
2U,Washington D.C.,,2024-12-04,,Education,https://www.classcentral.com/report/2u-axes-trilogy-bootcamps-layoffs/,Post-IPO,426,United States,2024-12-07T18:49:05.000Z,
Skai,"Tel Aviv, Non-U.S.",80,2024-12-03,0.14,Marketing,https://www.calcalistech.com/ctechnews/article/bjorbhhmyg,Series E,60,Israel,2024-12-11T05:31:29.000Z,
Lightspeed Commerce,"Montreal, Non-U.S.",200,2024-12-02,,Retail,https://www.marketwatch.com/story/lightspeed-commerce-to-cut-200-jobs-17842379,Post-IPO,1200,Canada,2024-12-03T06:28:25.000Z,
Kobo360,"Lagos, Non-U.S.",30,2024-11-30,,Logistics,https://techcabal.com/2025/01/20/kobo360-layoff/,Series B,85,Nigeria,2025-01-21T01:05:39.000Z,
Klub,"Bengaluru, Non-U.S.",60,2024-11-29,,Finance,https://www.livemint.com/companies/start-ups/klub-halves-workforce-peak-xv-trifecta-capital-backed-fintech-startup-11732868338440.html,Unknown,35,India,2024-12-01T21:49:29.000Z,
SolarEdge,"Tel Aviv, Non-U.S.",500,2024-11-27,0.12,Energy,https://www.reuters.com/business/energy/inverter-maker-solaredge-reduce-12-its-workforce-2024-11-27/,Post-IPO,155,Israel,2025-01-08T02:12:16.000Z,
AlphaSense,New York City,150,2024-11-27,0.08,Other,https://news.bloomberglaw.com/daily-labor-report/market-research-firm-alphasense-cut-150-jobs-in-restructuring,Series F,1400,United States,2024-11-28T19:02:06.000Z,
Sprout Social,Chicago,,2024-11-25,,Marketing,https://docs.google.com/spreadsheets/d/18Grpra9ciB9dWzWJ2W0ao8WjCrm_t5foqFt6Ebb6aUo/edit?gid=1610497511#gid=1610497511,Post-IPO,111,United States,2024-12-13T16:30:30.000Z,
Apple,SF Bay Area,,2024-11-24,,Hardware,https://www.bloomberg.com/news/articles/2025-11-24/apple-aapl-cuts-jobs-across-its-sales-organization-in-rare-layoff,Post-IPO,1200,United States,2025-11-27T14:40:46.000Z,
Ola Electric,"Bengaluru, Non-U.S.",500,2024-11-22,,Transportation,https://www.techinasia.com/news/indias-ola-electric-cuts-500-employees-boost-profits,Post-IPO,1700,India,2024-11-24T17:43:48.000Z,
Adjust,"Berlin, Non-U.S.",304,2024-11-22,,Marketing,https://www.pocketgamer.biz/applovin-owned-adjust-lays-off-staff/,Acquired,256,Germany,2024-11-24T17:44:46.000Z,
Hopper,"Montreal, Non-U.S.",,2024-11-22,,Travel,https://skift.com/2024/11/22/hopper-restructures-with-job-cuts-for-the-second-time-in-a-year/,Unknown,730,Canada,2024-11-24T17:46:04.000Z,
LinkedIn,SF Bay Area,202,2024-11-21,0.01,Recruiting,https://www.theinformation.com/briefings/linkedin-lays-off-200-employees,Acquired,154,United States,2024-11-24T17:42:56.000Z,
Headspace,Los Angeles,,2024-11-20,0.13,Healthcare,https://bhbusiness.com/2024/11/20/headspace-axes-13-of-workforce-transition-therapist-network-to-part-time-and-contract-roles/,Unknown,216,United States,2024-11-28T19:01:33.000Z,
Own,New York City,,2024-11-19,,Data,https://www.bloomberg.com/news/articles/2024-11-19/salesforce-plans-layoffs-at-acquisition-own-in-strategy-shift,Acquired,507,United States,2024-11-21T01:35:48.000Z,
TrueLayer,"London, Non-U.S.",71,2024-11-15,0.25,Finance,https://www.cityam.com/former-fintech-unicorn-truelayer-laid-off-a-quarter-of-staff-in-one-day/,Series E,321,United Kingdom,2024-11-21T01:34:22.000Z,
Better Collective,"Copenhagen, Non-U.S.",300,2024-11-14,,Other,https://www.igbaffiliate.com/en/articles/117348/m-a-helps-better-collective-fend-off-trouble-in-q3-as-300-staff-layoffs-revealed/,Unknown,,Denmark,2025-02-18T03:27:37.000Z,
Kuku FM,"Mumbai, Non-U.S.",80,2024-11-14,,Media,https://inc42.com/buzz/kuku-fm-fires-100-employees-to-cut-costs/,Series C,71,India,2024-11-15T01:14:47.000Z,
AMD,SF Bay Area,1000,2024-11-13,0.04,Hardware,https://www.techopedia.com/news/amd-layoffs-amid-mixed-earnings-and-intel-merger-speculation,Post-IPO,,United States,2024-11-13T16:08:53.000Z,
AppLovin,SF Bay Area,120,2024-11-13,,Marketing,https://www.sfgate.com/tech/article/applovin-layoffs-stock-market-run-19920195.php,Post-IPO,1600,United States,2024-11-16T16:47:11.000Z,
Chegg,SF Bay Area,319,2024-11-12,0.21,Education,https://www.wsj.com/livecoverage/stock-market-today-dow-sp500-nasdaq-live-11-12-2024/card/online-education-company-chegg-to-lay-off-staff-as-ai-tools-weigh-on-revenue-targets-qYYbTOKMAe8OblSEyLUD,Post-IPO,227,United States,2024-11-13T14:30:32.000Z,
Forward,SF Bay Area,200,2024-11-12,1,Healthcare,https://www.theinformation.com/articles/forward-startup-behind-doctor-in-box-healthcare-modules-to-shut-down,Series E,325,United States,2024-11-13T14:29:52.000Z,
Lyra Health,SF Bay Area,77,2024-11-12,0.02,Healthcare,https://www.fiercehealthcare.com/digital-health/lyra-lays-2-workforce-amid-restructuring-impacting-non-clinicians,Series F,910,United States,2024-11-21T01:32:21.000Z,
New Relic,SF Bay Area,,2024-11-12,,Infrastructure,https://www.bizjournals.com/portland/news/2024/11/12/more-layoffs-new-relic-francisco-partners-tpg.html,Acquired,214,United States,2024-11-13T14:31:47.000Z,
Stoa,"Bengaluru, Non-U.S.",,2024-11-12,1,Education,https://inc42.com/buzz/alternative-mba-startup-stoa-shuts-operations/,Seed,,India,2024-11-14T14:51:03.000Z,
Enphase Energy,SF Bay Area,500,2024-11-11,0.17,Energy,https://www.sfgate.com/tech/article/enphase-energy-layoffs-workers-solar-19907535.php,Post-IPO,116,United States,2024-11-12T02:05:29.000Z,
23andMe,SF Bay Area,200,2024-11-11,0.4,Healthcare,https://www.wsj.com/tech/biotech/23andme-to-cut-workforce-by-40-discontinues-therapeutics-pipeline-8c818729,Post-IPO,1100,United States,2024-11-12T01:58:21.000Z,
Sword Health,New York City,13,2024-11-11,,Healthcare,https://www.businessinsider.com/3-billion-sword-health-cuts-physical-therapists-2024-11,Unknown,450,United States,2024-11-12T02:02:13.000Z,
Monarch Tractor,SF Bay Area,35,2024-11-08,0.1,Other,https://techcrunch.com/2024/11/08/monarch-tractor-lays-off-10-in-restructuring-towards-software-and-licensing-av-tech/,Unknown,214,United States,2024-11-09T00:58:52.000Z,
BigCommerce,Austin,,2024-11-08,,Retail,https://www.bizjournals.com/austin/news/2024/11/08/layoffs-bigcommerce-restructure-austin-tech.html,Post-IPO,224,United States,2024-11-09T00:57:29.000Z,
Booking.com,Grand Rapids,,2024-11-08,,Travel,https://skift.com/2024/11/08/booking-holdings-to-lay-off-employees-shift-spending-priorities/,Acquired,,United States,2024-11-10T03:04:08.000Z,
Exosonic,Los Angeles,,2024-11-08,1,Aerospace,https://techcrunch.com/2024/11/08/supersonic-aircraft-startup-exosonic-is-shutting-down/,Seed,4,United States,2024-11-09T00:58:27.000Z,
Freshworks,SF Bay Area,660,2024-11-07,0.13,Support,https://entrackr.com/news/freshworks-announces-13-layoffs-400-mn-stock-buyback-and-q3-results-7561767,Post-IPO,484,United States,2024-11-07T15:43:49.000Z,
Just Eat,"Amsterdam, Non-U.S.",300,2024-11-07,0.02,Food,https://www.dailymail.co.uk/news/article-14048375/just-eat-job-cuts-redundancies.html,Acquired,129,Netherlands,2024-11-08T01:43:18.000Z,
Opendoor,SF Bay Area,300,2024-11-07,0.17,Real Estate,https://investor.opendoor.com/static-files/b720864a-b9b8-4286-a2f0-d35abb057f17,Post-IPO,1900,United States,2024-11-08T00:08:54.000Z,
Akamai,Boston,250,2024-11-07,0.02,Security,https://www.bizjournals.com/boston/news/2024/11/07/akamai-layoffs-2024.html,Post-IPO,35,United States,2024-11-08T01:45:37.000Z,
ShareFile,Raleigh,199,2024-11-07,,Other,https://www.newsobserver.com/news/business/article295211124.html,Acquired,,United States,2024-11-08T01:41:54.000Z,
Personio,"Munich, Non-U.S.",115,2024-11-07,0.06,HR,https://www.businessinsider.de/gruenderszene/business/neue-entlassungswelle-bei-personio-115-leute-muessen-gehen/,Series E,724,Germany,2024-11-07T15:42:16.000Z,
iRobot,Boston,105,2024-11-06,0.16,Consumer,https://techcrunch.com/2024/11/06/irobot-lays-off-another-105-employees/,Post-IPO,30,United States,2024-11-07T15:44:58.000Z,
Outreach,Seattle,67,2024-11-06,0.09,Sales,https://www.geekwire.com/2024/outreach-cuts-9-of-workforce-in-latest-layoffs-at-seattle-sales-automation-startup/,Series G,489,United States,2024-11-07T15:41:08.000Z,
Avaya,Durham,,2024-11-06,,Other,https://www.uctoday.com/unified-communications/avaya-undergoes-another-round-of-layoffs/,Post-IPO,700,United States,2024-11-08T15:38:42.000Z,
Mozilla Foundation,SF Bay Area,,2024-11-05,0.3,Consumer,https://techcrunch.com/2024/11/05/mozilla-foundation-lays-off-30-staff-drops-advocacy-division/,Subsidiary,2.3,United States,2024-11-06T05:50:46.000Z,
Incredibuild,"Tel Aviv, Non-U.S.",18,2024-11-04,0.11,Product,https://www.calcalistech.com/ctechnews/article/1ifvf95ra,Acquired,35,Israel,2024-11-06T05:52:39.000Z,
Atera,"Tel Aviv, Non-U.S.",20,2024-11-03,0.06,Other,https://www.calcalistech.com/ctechnews/article/byvtjavbyg,Series B,102,Israel,2024-11-04T16:34:14.000Z,
Maven Clinic,New York City,60,2024-11-01,0.1,Healthcare,https://endpts.com/maven-clinic-cuts-10-of-workforce-weeks-after-raising-125m/,Series F,417,United States,2024-11-02T12:56:36.000Z,
Bowery Farming,New York City,,2024-11-01,1,Food,https://pitchbook.com/news/articles/bowery-indoor-farming-agtech-company-ceases-operations,Unknown,626,United States,2024-11-02T12:57:36.000Z,
Tidal,New York City,,2024-10-31,,Consumer,https://www.engadget.com/entertainment/music/tidal-which-is-in-dire-need-of-some-good-marketing-lays-off-its-entire-product-marketing-team-143045120.html,Acquired,,United States,2024-10-31T23:57:51.000Z,
Dropbox,SF Bay Area,527,2024-10-30,0.2,Other,https://techcrunch.com/2024/10/30/dropbox-is-laying-off-20-of-its-staff/,Post-IPO,1700,United States,2024-10-30T15:55:15.000Z,
Kraken,SF Bay Area,400,2024-10-30,0.15,Crypto,https://www.nytimes.com/2024/10/30/technology/kraken-cryptocurrency-layoff-ceo.html,Unknown,134,United States,2024-10-31T03:36:52.000Z,
Miro,SF Bay Area,275,2024-10-30,0.18,Other,https://www.theinformation.com/articles/productivity-startup-miro-to-lay-off-roughly-18-of-staff,Series C,476,United States,2024-10-30T15:56:16.000Z,
ConsenSys,New York City,163,2024-10-29,0.2,Crypto,https://decrypt.co/288832/ethereum-giant-consensys-layoffs-eth-slump,Series D,726,United States,2024-10-30T02:05:03.000Z,
F5,Seattle,100,2024-10-29,0.02,Security,https://www.geekwire.com/2024/f5-confirms-new-round-of-job-cuts-continuing-annual-pattern-of-workforce-reductions/,Post-IPO,,United States,2024-10-30T02:05:46.000Z,
Docker,SF Bay Area,,2024-10-29,0.1,Infrastructure,Internal memo,Series C,436,United States,2024-10-30T15:59:22.000Z,
dYdX,SF Bay Area,,2024-10-29,0.35,Crypto,https://cointelegraph.com/news/dydx-lays-off-thirty-five-percent-workforce-after-consensys-cuts,Series C,87,United States,2024-10-30T15:57:41.000Z,
Coursera,SF Bay Area,150,2024-10-25,0.1,Education,https://www.classcentral.com/report/cousera-layoffs-2024/,Post-IPO,458,United States,2024-10-31T03:33:31.000Z,
Kyte,SF Bay Area,,2024-10-25,0.4,Transportation,https://techcrunch.com/2024/10/25/rental-car-startup-kyte-slashes-staff-and-shrinks-to-two-markets-in-bid-for-survival/,Unknown,548,United States,2024-10-26T23:39:06.000Z,
Twelve,SF Bay Area,,2024-10-25,,Energy,https://www.linkedin.com/feed/update/urn:li:activity:7255308684677795840/,Unknown,844,United States,2024-10-31T23:59:02.000Z,
Airthings,"Oslo, Non-U.S.",,2024-10-24,,Hardware,https://www.airthings.com/hubfs/01_Website/investors/presentations/Airthings_ASA_Q324_Presentation.pdf,Unknown,,Norway,2024-10-26T23:39:43.000Z,
Catena Media,"Sliema, Non-U.S.",29,2024-10-23,,Marketing,https://whoswho.mt/en/catena-media-cuts-29-content-and-marketing-jobs,Unknown,,Malta,2024-11-04T16:32:11.000Z,
Upwork,SF Bay Area,,2024-10-23,0.21,Other,https://investors.upwork.com/news-releases/news-release-details/upwork-announces-organizational-changes-drive-continued,Post-IPO,168,United States,2024-10-24T03:54:29.000Z,
Venminder,Louisville,100,2024-10-21,,Security,https://www.bizjournals.com/louisville/inno/stories/news/2024/10/21/venminder-mass-layoff-elizabethtown-tech-2024.html,Acquired,49,United States,2024-10-23T04:03:29.000Z,
Jellysmack,New York City,22,2024-10-21,,Media,https://www.businessinsider.in/tech/news/jellysmack-is-laying-off-staff-as-it-scales-back-its-creator-program/articleshow/114434680.cms,Series C,22,France,2024-10-23T04:01:10.000Z,
Chief,New York City,,2024-10-20,,HR,https://africa.businessinsider.com/news/chief-the-networking-group-for-executive-women-has-laid-off-staff/rhnxmel,Series B,140,United States,2024-10-23T04:05:50.000Z,
CapWay,Atlanta,,2024-10-17,1,Finance,https://techcrunch.com/2024/10/16/y-combinator-backed-fintech-capway-has-shut-down/,Unknown,,United States,2024-10-18T04:18:47.000Z,
Meta,SF Bay Area,,2024-10-16,,Consumer,https://www.theverge.com/2024/10/16/24272195/meta-layoffs-whatsapp-instagram-reality-labs,Post-IPO,26000,United States,2024-10-17T02:08:48.000Z,
Gigamon,SF Bay Area,69,2024-10-15,,Data,https://www.sfgate.com/tech/article/gigamon-layoffs-elliott-investment-management-19839414.php,Acquired,23,United States,2024-10-16T01:06:25.000Z,
AppLovin,SF Bay Area,58,2024-10-15,,Marketing,https://www.pocketgamer.biz/applovin-owned-adjust-lays-off-staff/,Post-IPO,1600,United States,2025-04-19T04:51:49.000Z,
Fable,New York City,,2024-10-15,1,Product,https://www.fable.app/blog/fable-is-winding-down,Series A,19,United States,2024-10-18T04:18:06.000Z,
Bytedance,"Jakarta, Non-U.S.",500,2024-10-11,,Consumer,https://www.reuters.com/technology/bytedance-cuts-over-700-jobs-malaysia-shift-towards-ai-moderation-sources-say-2024-10-11/,Unknown,9400,Indonesia,2024-10-11T20:55:28.000Z,
Nikola,Phoenix,130,2024-10-11,0.15,Transportation,https://finance.yahoo.com/news/numbers-nikola-150000920.html,Post-IPO,3300,United States,2024-10-17T02:09:42.000Z,
Toplyne,"Bengaluru, Non-U.S.",,2024-10-11,1,Sales,https://www.linkedin.com/feed/update/urn:li:activity:7250449812049813504/,Series A,17,India,2024-10-11T20:54:17.000Z,
CareerBuilder + Monster,Chicago,200,2024-10-10,0.15,Recruiting,https://aimgroup.com/2024/10/10/200-laid-off-at-new-careerbuilder-monster-staff-cut-of-15-hits-all-departments-levels/,Acquired,,United States,2024-10-11T20:57:28.000Z,
GoWild,Louisville,,2024-10-10,1,Retail,https://www.bizjournals.com/louisville/inno/stories/news/2024/10/10/gowild-shuts-down-operations-luttrell-2024.html,Seed,8,United States,2024-10-11T20:56:40.000Z,
Toptal,SF Bay Area,,2024-10-10,,Recruiting,https://www.theinformation.com/briefings/toptal-lays-off-workers-as-remote-hiring-demand-ebbs,Unknown,,United States,2024-10-10T22:11:12.000Z,
Grabango,SF Bay Area,,2024-10-09,1,Food,https://www.cnbc.com/2024/10/09/amazon-just-walk-out-rival-shutters-after-failing-to-secure-funding.html,Unknown,94,United States,2024-10-11T20:56:05.000Z,
BeepKart,"Bengaluru, Non-U.S.",130,2024-10-08,0.4,Retail,https://inc42.com/buzz/exclusive-beepkart-fires-130-employees-in-5-months-to-cut-costs-halves-store-count/,Series A,19,India,2024-10-09T00:57:04.000Z,
Zapp,"London, Non-U.S.",,2024-10-08,0.9,Food,https://www.uktech.news/foodtech/grocery-startup-zapp-losses-with-heavy-cuts-20241008,Series B,300,United Kingdom,2024-10-09T00:55:43.000Z,
Eaze,SF Bay Area,500,2024-10-07,1,Consumer,https://www.sfgate.com/cannabis/article/eaze-california-layoffs-19820734.php,Series D,202,United States,2024-10-07T23:41:26.000Z,
PubMatic,SF Bay Area,12,2024-10-07,0.01,Marketing,https://www.businessinsider.com/adtech-company-pubmatic-layoffs-staff-reductions-2024-10,Post-IPO,63,United States,2024-10-07T23:43:12.000Z,
Zapata Computing,Boston,,2024-10-07,1,Other,https://ir.zapata.ai/node/7701/html,Post-IPO,82,United States,2024-10-15T00:09:07.000Z,
AppLovin,SF Bay Area,65,2024-10-03,,Marketing,https://www.pocketgamer.biz/applovin-owned-adjust-lays-off-staff/,Post-IPO,1600,United States,2025-04-19T04:52:06.000Z,
Tome,SF Bay Area,12,2024-10-02,0.31,Sales,https://www.theinformation.com/briefings/early-generative-ai-startup-leader-tome-lays-of-31-of-staff,Series B,75,United States,2024-10-02T23:19:55.000Z,
Alma,New York City,,2024-10-02,0.09,Healthcare,https://bhbusiness.com/2024/10/02/citing-need-to-re-focus-resources-digital-therapy-platform-alma-lays-off-9-of-staff/,Series D,220,United States,2024-10-03T19:01:10.000Z,
Flexport,SF Bay Area,,2024-10-02,0.02,Logistics,https://www.freightwaves.com/news/flexport-to-reduce-workforce-amid-company-reorganization,Series E,2400,United States,2024-10-04T15:50:15.000Z,
ABBYY,Nicosia,200,2024-10-01,,Data,https://www.bignewsnetwork.com/news/274659725/us-tech-giant-fires-russian-expats,Unknown,6,Cyprus,2024-10-03T18:58:27.000Z,
FreshBooks,"Toronto, Non-U.S.",140,2024-10-01,,Finance,https://www.freshbooks.com/blog/a-letter-from-mara,Unknown,331,Canada,2024-10-02T23:19:29.000Z,
Vendease,"Lagos, Non-U.S.",68,2024-09-30,0.2,Food,https://techcabal.com/2025/02/19/vendease-second-layoffs/,Series A,43,Nigeria,2025-02-21T23:41:09.000Z,
Marin Software,SF Bay Area,27,2024-09-30,0.26,Marketing,https://www.businesswire.com/news/home/20241031446878/en/Marin-Software-Announces-Third-Quarter-2024-Financial-Results,Post-IPO,99,United States,2025-04-16T22:20:11.000Z,
Shein,"Singapore, Non-U.S.",17,2024-09-30,,Retail,https://marketech-apac.com/shein-lays-off-17-employees-in-sg-despite-local-growth-plans/,Private Equity,4100,Singapore,2024-10-01T16:12:35.000Z,
DoubleCloud,"Dubai, Non-U.S.",,2024-09-30,1,Infrastructure,https://double.cloud/blog/posts/2024/10/doublecloud-final-update/,Unknown,,UAE,2024-10-02T23:18:23.000Z,
Greenikk,"Trivandrum, Non-U.S.",,2024-09-30,1,Food,https://inc42.com/buzz/100unicorns-backed-agritech-startup-greenikk-shuts-operations/,Seed,1,India,2024-10-01T16:09:21.000Z,
Drata,San Diego,40,2024-09-26,0.09,Security,https://techcrunch.com/2024/09/26/security-compliance-unicorn-drata-lays-off-9-of-its-workforce/,Series C,328,United States,2024-09-26T23:07:56.000Z,
Moov,Cedar Falls,50,2024-09-25,,Finance,https://www.linkedin.com/posts/jasonmikula_andreessen-horowitz-backed-payment-infrastructure-activity-7244381710526689280-_P05/,Series B,77,United States,2024-09-26T13:24:04.000Z,
FreightWaves,Chattanooga,16,2024-09-24,,Logistics,https://www.timesfreepress.com/news/2024/sep/24/chattanoogas-freightwaves-eliminates-16-jobs/,Private Equity,92,United States,2024-09-26T13:21:36.000Z,
F5,Seattle,,2024-09-24,,Security,https://www.geekwire.com/2024/f5-layoffs-impact-in-house-content-creation-employees/,Post-IPO,,United States,2024-09-26T13:20:45.000Z,
Northvolt,"Stockholm, Non-U.S.",1600,2024-09-23,0.2,Energy,https://www.cnbc.com/2024/09/23/battery-giant-northvolt-to-cut-25percent-of-swedish-workforce-in-cost-cutting-drive.html,Unknown,13800,Sweden,2024-09-26T13:25:41.000Z,No
Olo,New York City,,2024-09-23,0.09,Food,https://www.fsrmagazine.com/feature/olo-announces-layoffs-for-9-percent-of-staff/,Post-IPO,184,United States,2024-09-24T04:37:43.000Z,
Healthy.io,"Tel Aviv, Non-U.S.",40,2024-09-22,0.3,Healthcare,https://www.calcalistech.com/ctechnews/article/rkbihy060,Series D,185,Israel,2024-09-24T04:38:39.000Z,
Reverb,Chicago,40,2024-09-20,,Retail,https://www.valueaddedresource.net/etsy-reverb-layoffs-september-2024/,Acquired,47,United States,2024-09-26T13:23:06.000Z,
Luminar,Orlando,,2024-09-20,0.15,Transportation,https://www.luminartech.com/updates/a-message-from-founder-ceo-austin-russell,Post-IPO,780,United States,2024-09-24T04:41:21.000Z,
Notable Labs,SF Bay Area,,2024-09-20,0.65,Healthcare,https://www.bizjournals.com/sanfrancisco/news/2024/09/20/notable-labs-ntbl-layoffs.html,Series B,,United States,2024-09-21T04:08:02.000Z,
CarTrawler,"Dublin, Non-U.S.",40,2024-09-19,0.1,Transportation,https://www.businesspost.ie/tech-news/cartrawler-to-cut-10-of-workforce-amid-strategic-shift-but-new-roles-will-follow/,Acquired,,Ireland,2024-09-21T04:05:24.000Z,
ApplyBoard,"Waterloo, Non-U.S.",,2024-09-19,0.04,Education,https://kitchener.citynews.ca/2024/09/19/layoffs-at-applyboard-due-to-restructuring/,Series D,483,Canada,2024-09-21T04:04:48.000Z,
Spendesk,"Paris, Non-U.S.",151,2024-09-18,,Finance,https://www.lesechos.fr/start-up/ecosysteme/french-tech-la-licorne-spendesk-taille-dans-ses-effectifs-2119722,Series C,,France,2024-10-01T16:22:10.000Z,
Aakash,"New Delhi, Non-U.S.",80,2024-09-18,,Education,https://entrackr.com/2024/09/exclusive-aakash-lays-off-employees-amid-strategic-shift/,Acquired,,India,2024-09-21T04:06:20.000Z,
IBM,New York City,,2024-09-18,,Hardware,https://www.theregister.com/2024/09/18/ibm_job_cuts/,Post-IPO,,United States,2024-09-21T04:04:13.000Z,
Runtastic,"Linz, Non-U.S.",170,2024-09-16,,Fitness,https://www.derstandard.at/story/3000000236735/adidas-sperrt-runtastic-in-pasching-und-wien-zu?ref=rss,Acquired,,Austria,2024-09-17T23:59:30.000Z,
Microsoft,Seattle,650,2024-09-12,,Other,https://www.ign.com/articles/microsoft-lays-off-another-650-staff-from-its-video-game-workforce-xbox-boss-phil-spencer-sends-memo-to-staff,Post-IPO,1,United States,2024-09-12T15:35:06.000Z,
Amperity,Seattle,,2024-09-12,0.13,Marketing,https://www.geekwire.com/2024/amperity-lays-off-13-of-staff-in-latest-cuts-for-customer-data-startup/,Series D,187,United States,2024-09-13T15:16:10.000Z,
Udemy,SF Bay Area,280,2024-09-11,,Education,https://investors.udemy.com/static-files/98f10e29-29a6-4b13-bfcc-79ee29c14a02,Post-IPO,311,United States,2024-09-18T00:06:03.000Z,
Mobileye,"Jerusalem, Non-U.S.",100,2024-09-09,,Transportation,https://www.calcalistech.com/ctechnews/article/bj11rpdhh0,Post-IPO,2100,Israel,2024-09-24T04:40:26.000Z,
InsurStaq.ai,"New Delhi, Non-U.S.",,2024-09-09,1,AI,https://inc42.com/buzz/faad-network-backed-gen-ai-startup-insurstaq-ai-shuts-operations/,Seed,,India,2024-09-10T02:23:20.000Z,
Nori,Seattle,,2024-09-09,1,Energy,https://www.bizjournals.com/seattle/news/2024/09/09/nori-carbon-removal-shuts-down-green-tech.html,Unknown,19,United States,2024-09-10T02:22:49.000Z,
WeTransfer,"Amsterdam, Non-U.S.",260,2024-09-08,0.75,Other,https://techcrunch.com/2024/09/08/bending-spoons-plans-to-lay-off-75-of-wetransfer-staff-after-acquisition/,Acquired,64,Netherlands,2024-09-09T02:21:03.000Z,
Center,Seattle,8,2024-09-07,0.04,Finance,https://www.geekwire.com/2024/corporate-expense-software-startup-center-lays-off-workers/,Series C,102,United States,2024-10-01T16:11:25.000Z,
Goop,Los Angeles,39,2024-09-06,0.18,Retail,https://www.businessinsider.com/gwyneth-paltrow-goop-lays-off-staff-refocuses-on-beauty-food-2024-9,Unknown,75,United States,2024-09-06T23:23:18.000Z,
Motif Foodworks,Boston,,2024-09-06,1,Food,https://agfundernews.com/exclusive-boston-based-foodtech-startup-motif-foodworks-is-closing-down,Unknown,343,United States,2024-09-09T02:22:45.000Z,
ChargePoint,SF Bay Area,250,2024-09-04,0.15,Manufacturing,https://www.marketwatch.com/story/chargepoint-to-cut-15-of-workforce-7cebef74,Unknown,1400,United States,2024-09-06T23:20:57.000Z,
Fly.io,Chicago,40,2024-09-04,,Infrastructure,https://news.ycombinator.com/item?id=41442521,Series C,110,United States,2024-09-11T00:01:33.000Z,
Lyft,SF Bay Area,30,2024-09-04,0.01,Transportation,https://www.cnbc.com/2024/09/04/lyft-layoffs.html,Post-IPO,4900,United States,2024-09-04T18:55:40.000Z,
ABL,Los Angeles,,2024-09-03,,Aerospace,https://payloadspace.com/rocket-startup-abl-reduces-its-workforce/,Unknown,479,United States,2024-09-04T18:59:16.000Z,
Matter Labs,"Berlin, Non-U.S.",,2024-09-03,0.16,Crypto,https://cointelegraph.com/news/matter-labs-ceo-announces-company-restructuring-layoffs,Unknown,380,Germany,2024-09-06T23:21:33.000Z,
Dozee,"Bengaluru, Non-U.S.",40,2024-09-02,,Healthcare,https://inc42.com/buzz/dozee-lays-off-around-40-employees/,Series A,26,India,2024-09-04T18:56:24.000Z,
Dunzo,"Bengaluru, Non-U.S.",150,2024-08-31,0.75,Food,https://inc42.com/buzz/dunzo-fires-150-more-employees-amid-funding-woes/,Unknown,458,India,2024-09-01T21:53:55.000Z,
Character.ai,SF Bay Area,6,2024-08-29,0.05,AI,https://www.theinformation.com/briefings/character-ai-lays-off-at-least-5-of-its-staff,Series A,150,United States,2024-09-01T21:54:28.000Z,
Brave,SF Bay Area,27,2024-08-28,0.14,Consumer,https://techcrunch.com/2024/08/28/brave-lays-off-27-employees/,Series B,42,United States,2024-08-28T14:59:01.000Z,
Apple,SF Bay Area,100,2024-08-27,,Hardware,https://www.bloomberg.com/news/articles/2024-08-28/apple-cuts-about-100-services-jobs-as-part-of-priority-shift,Post-IPO,1200,United States,2024-08-28T14:49:12.000Z,
IBM,"Beijing, Non-U.S.",1000,2024-08-26,,Hardware,https://www.reuters.com/technology/ibm-close-china-rd-department-affecting-over-1000-jobs-yicai-reports-2024-08-26/,Post-IPO,,China,2024-08-28T14:50:37.000Z,No
Tome Biosciences,Boston,131,2024-08-26,1,Healthcare,https://www.biopharmadive.com/news/tome-biosciences-layoffs-startup-strategic-options/725214/,Series A,213,United States,2024-08-28T14:49:40.000Z,
Velo3D,SF Bay Area,42,2024-08-26,,Manufacturing,https://www.siliconvalley.com/2024/08/19/economy-tech-jobs-layoff-south-bay-silicon-valley-biotech-internet/,Post-IPO,305,United States,2024-09-02T22:19:56.000Z,
Kenko Health,"Mumbai, Non-U.S.",,2024-08-23,1,Healthcare,https://inc42.com/buzz/kenko-health-shuts-ops-due-to-cash-crunch-failure-to-get-insurance-licence/,Series A,14,India,2024-08-28T14:52:34.000Z,
Received,New York City,,2024-08-23,1,Finance,https://www.fintechfutures.com/2024/08/us-fintech-start-up-received-to-close-down/,Unknown,,United States,2024-08-28T14:51:42.000Z,
Sandvine,"Waterloo, Non-U.S.",,2024-08-23,,Infrastructure,https://www.bnnbloomberg.ca/business/company-news/2024/08/23/francisco-partners-ends-ownership-of-crisis-plagued-sandvine/,Acquired,63,Canada,2024-08-28T14:56:00.000Z,
Redfin,Seattle,82,2024-08-22,0.02,Real Estate,https://www.seattletimes.com/business/real-estate/redfin-lays-off-dozens-amid-changes-to-agent-pay-sluggish-market/,Post-IPO,320,United States,2024-08-28T14:53:12.000Z,
Kaiyo,New York City,,2024-08-21,1,Retail,https://businessofhome.com/articles/kaiyo-is-closing-down,Series B,43,United States,2024-08-22T23:15:24.000Z,
Skip the Dishes,"Winnipeg, Non-U.S.",800,2024-08-20,,Food,https://www.cbc.ca/news/canada/manitoba/skip-the-dishes-lay-off-canadian-jobs-1.7299719,Acquired,8,Canada,2024-08-21T00:48:14.000Z,
Five9,SF Bay Area,190,2024-08-20,0.07,Support,https://www.crn.com/news/cloud/2024/five9-plans-7-percent-workforce-layoffs,Post-IPO,862,United States,2024-08-21T00:50:25.000Z,
ReshaMandi,"Bengaluru, Non-U.S.",,2024-08-20,1,Food,https://entrackr.com/2024/08/exclusive-reshamandi-faces-complete-layoffs-website-shutdown-and-auditor-red-flag/,Unknown,54,India,2024-08-22T23:15:00.000Z,
GoPro,SF Bay Area,139,2024-08-19,0.15,Consumer,https://www.reuters.com/technology/gopro-cut-15-workforce-restructuring-push-2024-08-19/,Post-IPO,288,United States,2024-08-21T00:49:06.000Z,
Localize,New York City,,2024-08-19,,Real Estate,https://www.calcalistech.com/ctechnews/article/sypuszzjr,Series A,40,United States,2024-08-20T00:21:00.000Z,
Paper,"Montreal, Non-U.S.",81,2024-08-16,0.45,Education,https://betakit.com/phil-cutler-removed-as-paper-ceo-startup-reportedly-cuts-staff-by-45-percent/,Series D,389,Canada,2024-08-28T14:54:48.000Z,
Retention.com,Austin,15,2024-08-16,,Marketing,https://www.linkedin.com/posts/retentionadam_this-is-a-tough-post-to-write-last-friday-activity-7230266178835771392-VeMU/,Unknown,,United States,2024-08-20T00:19:49.000Z,
Loop,Columbus,,2024-08-16,,Retail,https://www.linkedin.com/feed/update/urn:li:activity:7230197128617213952/,Series B,125,United States,2024-08-16T22:01:03.000Z,
Regrow Ag,Durham,,2024-08-16,0.19,Food,https://www.linkedin.com/posts/anastasia-volkova1_linkedin-community-after-careful-consideration-activity-7230360775645704192-5MYi/,Series B,64,United States,2024-08-20T00:18:38.000Z,
AppLovin,SF Bay Area,61,2024-08-15,,Marketing,https://www.siliconvalley.com/2024/08/19/economy-tech-jobs-layoff-south-bay-silicon-valley-biotech-internet/,Post-IPO,1600,United States,2024-09-02T22:19:09.000Z,
Inuitive,"Ra'anana, Non-U.S.",16,2024-08-15,0.2,Manufacturing,https://www.calcalistech.com/ctechnews/article/ry118noi90,Unknown,23,Israel,2024-08-16T15:40:59.000Z,
Formlabs,Boston,,2024-08-15,,Hardware,https://techcrunch.com/2024/08/15/3d-printing-stalwart-formlabs-confirms-small-number-of-layoffs/,Series E,254,United States,2024-08-16T15:39:34.000Z,
Mister Spex,"Berlin, Non-U.S.",,2024-08-15,0.1,Retail,https://www.businessinsider.de/gruenderszene/business/mister-spex-entlassungen-und-filialschliessungen/,Post-IPO,158,Germany,2024-08-15T16:20:27.000Z,
PacketFabric,Los Angeles,,2024-08-15,,Infrastructure,https://packetfabric.com/blog/team-updates-and-the-future-of-packetfabric,Unknown,110,United States,2024-08-16T15:43:13.000Z,
Sampler,"Toronto, Non-U.S.",,2024-08-15,1,Retail,https://betakit.com/sampler-files-for-bankruptcy/,Series B,10,Canada,2024-08-28T14:53:51.000Z,
Sonos,Santa Barbara,100,2024-08-14,0.06,Consumer,https://www.theverge.com/2024/8/14/24220357/sonos-layoffs-august-2024-app,Post-IPO,455.2,United States,2024-08-14T21:15:47.000Z,
Grail,SF Bay Area,350,2024-08-13,,Healthcare,https://www.sfgate.com/tech/article/grail-biotech-layoffs-menlo-park-19659668.php,Post-IPO,,United States,2024-08-20T00:22:00.000Z,
DayTwo,SF Bay Area,,2024-08-13,1,Healthcare,https://www.calcalistech.com/ctechnews/article/rk4fbrd9c,Series B,90,United States,2024-08-14T21:23:55.000Z,
Quizac,"Lagos, Non-U.S.",,2024-08-13,1,Education,https://techpoint.africa/2024/08/13/why-quizac-is-shutting-down/,Acquired,,Nigeria,2024-09-04T18:58:02.000Z,
Tally,SF Bay Area,,2024-08-12,1,Finance,https://techcrunch.com/2024/08/12/a16z-backed-fintech-tally-which-raised-172m-in-funding-is-shutting-down-after-running-out-of-cash/,Series C,172,United States,2024-08-13T15:42:52.000Z,
Cisco,SF Bay Area,5600,2024-08-09,0.07,Infrastructure,https://techcrunch.com/2024/09/17/ciscos-second-layoff-of-2024-affect-thousands-of-employees/,Post-IPO,2,United States,2024-08-09T22:20:40.000Z,No
Branch.io,SF Bay Area,100,2024-08-09,,Marketing,https://9to5google.com/2024/08/09/nova-launcher-faces-rocky-future-after-dev-team-layoffs/,Series F,667,United States,2024-08-09T22:25:31.000Z,
iCIMS,Holmdel,69,2024-08-09,,Recruiting,https://twitter.com/AsburyParkPress/status/1821892949640184004,Acquired,93,United States,2024-08-14T21:23:15.000Z,
Ready Robotics,Columbus,,2024-08-09,,Manufacturing,https://www.therobotreport.com/ready-robotics-maker-of-forgeos-shuts-down/,Unknown,41,United States,2024-08-09T23:02:43.000Z,
Submittable,Missoula,40,2024-08-08,,Other,https://www.geekwire.com/2024/social-impact-software-platform-submittable-acquires-wizehive-cuts-staff/,Unknown,115,United States,2024-10-17T02:10:14.000Z,
Fastly,SF Bay Area,,2024-08-08,0.11,Infrastructure,https://seekingalpha.com/news/4137719-fastly-to-reduce-global-headcount-by-11,Post-IPO,219,United States,2024-08-09T00:17:08.000Z,
Eventbrite,SF Bay Area,100,2024-08-07,0.11,Consumer,https://www.marketwatch.com/story/eventbrite-to-about-100-jobs-reducing-headcount-by-11-a5daf94b,Post-IPO,557,United States,2024-08-08T16:22:17.000Z,
LegalZoom,Los Angeles,,2024-08-07,0.15,Legal,https://finance.yahoo.com/news/legalzoom-reports-second-quarter-2024-200100127.html,Post-IPO,952,United States,2024-08-08T16:21:06.000Z,
Axios Media,Washington D.C.,50,2024-08-06,0.1,Media,https://www.nytimes.com/2024/08/06/business/media/axios-layoffs.html,Acquired,57,United States,2024-08-06T23:00:44.000Z,
Mobius Motors,"Nairobi, Non-U.S.",,2024-08-06,1,Transportation,https://techpoint.africa/2024/08/06/mobius-to-shut-down/,Unknown,6,Kenya,2024-08-06T23:05:40.000Z,
Teradata,San Diego,,2024-08-06,0.13,Data,https://www.marketwatch.com/story/teradata-slides-13-after-2q-revenue-falls-guidance-cut-243b01c6,Post-IPO,,United States,2024-08-07T18:20:29.000Z,
Infineon,"Munich, Non-U.S.",1400,2024-08-05,,Manufacturing,https://finance.yahoo.com/news/infineon-cut-1-400-jobs-125510481.html,Post-IPO,1500,Germany,2024-08-05T19:52:59.000Z,No
Jam City,Los Angeles,85,2024-08-05,0.1,Consumer,https://www.pocketgamer.biz/jam-city-has-laid-off-10-of-its-workforce/,Unknown,652,United States,2024-08-05T19:51:31.000Z,
Dell,Austin,,2024-08-05,,Hardware,https://siliconangle.com/2024/08/05/dell-lays-off-thousands-workers-sales-reorganization/,Post-IPO,,United States,2024-08-05T19:50:56.000Z,Yes
ShareChat,"Bengaluru, Non-U.S.",30,2024-08-03,0.05,Marketing,https://yourstory.com/2024/08/sharechat-bags-16m-edbi-lays-off-5-percent-workforce,Series D,222,India,2024-08-05T19:52:27.000Z,
Intel,SF Bay Area,15000,2024-08-01,0.15,Hardware,https://www.intel.com/content/www/us/en/newsroom/news/actions-accelerate-our-progress.html#gs.cgq6eg,Post-IPO,12,United States,2024-08-01T22:00:11.000Z,No
Avaya,Durham,180,2024-08-01,0.03,Other,https://www.uctoday.com/unified-communications/avaya-layoffs-theyve-talked-the-talk-now-they-need-to-walk-the-walk/,Post-IPO,700,United States,2024-11-08T15:38:02.000Z,
Rad Power Bikes,Seattle,,2024-08-01,,Transportation,https://techcrunch.com/2024/08/01/rad-power-bikes-layoffs/,Series D,329,United States,2024-08-01T19:04:55.000Z,
Bungie,Seattle,220,2024-07-31,0.17,Consumer,https://www.bungie.net/7/en/News/article/newpath,Acquired,100,United States,2024-08-01T19:11:32.000Z,
Delivery Hero,"Berlin, Non-U.S.",200,2024-07-31,,Food,https://www.bloomberg.com/news/articles/2024-07-31/delivery-hero-to-combine-european-and-asian-businesses-cut-jobs,Post-IPO,9900,Germany,2024-08-06T16:37:42.000Z,
Match Group,New York City,,2024-07-31,0.06,Consumer,https://techcrunch.com/2024/07/31/match-group-ends-live-streaming-service-layoffs/,Post-IPO,,United States,2024-08-01T19:12:40.000Z,
NerdWallet,SF Bay Area,,2024-07-30,0.15,Finance,https://www.marketwatch.com/amp/story/nerdwallet-to-cut-15-of-its-workforce-aa1db7c7,Post-IPO,105,United States,2024-07-31T16:47:45.000Z,
Moxion Power,SF Bay Area,248,2024-07-29,1,Energy,https://www.sfgate.com/tech/article/moxion-power-shutdown-layoff-huelskamp-19605417.php,Unknown,124,United States,2024-07-30T16:42:12.000Z,
OrCam,"Jerusalem, Non-U.S.",,2024-07-28,,Healthcare,https://www.calcalistech.com/ctechnews/article/hy0rv6qya,Unknown,86,Israel,2024-07-29T16:12:01.000Z,
Pocket FM,"Bengaluru, Non-U.S.",200,2024-07-27,,Media,https://inc42.com/buzz/lightspeed-backed-pocket-fm-fires-around-200-writers/,Series D,212,India,2024-07-29T16:12:41.000Z,
WayCool,"Chennai, Non-U.S.",200,2024-07-26,,Food,https://www.moneycontrol.com/technology/not-cool-agritech-startup-waycool-fires-over-200-employees-in-third-round-of-layoffs-in-12-months-article-12778790.html,Unknown,363,India,2024-07-26T16:05:35.000Z,
Webflow,SF Bay Area,,2024-07-25,0.08,Marketing,https://webflow.com/blog/restructuring-announcement,Series C,335,United States,2024-07-25T17:43:04.000Z,
Humble Games,SF Bay Area,36,2024-07-23,1,Media,https://venturebeat.com/games/humble-games-layoffs-shut-down-ziff-davis/,Acquired,4,United States,2024-07-29T16:09:57.000Z,
Cohere,"Toronto, Non-U.S.",20,2024-07-23,0.05,AI,https://fortune.com/2024/07/23/after-500-million-funding-ai-startup-cohere-layoffs/,Series D,935,Canada,2024-07-24T00:06:25.000Z,
Bluelearn,"Bengaluru, Non-U.S.",,2024-07-22,1,Education,https://www.moneycontrol.com/technology/elevation-capital-backed-edtech-startup-bluelearn-shuts-down-article-12774167.html#goog_rewarded,Seed,4,India,2024-07-22T14:48:15.000Z,
Magic Leap,Miami,75,2024-07-19,,Consumer,https://www.bloomberg.com/news/articles/2024-07-19/magic-leap-cuts-sales-marketing-teams-in-ar-about-face,Series E,4100,United States,2024-07-19T18:50:55.000Z,
Mercari U.S.,SF Bay Area,,2024-07-19,0.5,Retail,https://asia.nikkei.com/Business/Retail/Japan-marketplace-app-Mercari-lays-off-almost-half-its-U.S.-workforce,Subsidiary,,United States,2024-07-20T00:45:46.000Z,
Aqua Security,Boston,50,2024-07-17,0.1,Security,https://www.calcalistech.com/ctechnews/article/rky00s7rd0,Series E,325,United States,2024-07-18T04:56:33.000Z,
EverC,"Tel Aviv, Non-U.S.",16,2024-07-17,0.1,Security,https://www.calcalistech.com/ctechnews/article/bjrddqr00r,Unknown,61,Israel,2024-07-18T04:58:58.000Z,
Lex,New York City,,2024-07-17,,Consumer,https://www.businessinsider.com/queer-social-network-lex-lays-off-staff-growth-startup-dating-2024-7,Seed,7,United States,2024-07-18T05:00:40.000Z,
ON,SF Bay Area,60,2024-07-16,1,Retail,https://venturebeat.com/games/on-enterprise-ai-startup-ceo-resigns-staff-laid-off-after-11m-in-cash-goes-missing/,Unknown,81,United States,2024-07-17T05:05:59.000Z,
Kaspersky,Boston,,2024-07-16,,Security,https://techcrunch.com/2024/07/16/kaspersky-to-shut-down-us-operations-lay-off-employees-after-us-government-ban/,Private Equity,,United States,2024-07-17T05:07:23.000Z,
Unbounce,"Vancouver, Non-U.S.",,2024-07-16,,Marketing,https://docs.google.com/spreadsheets/d/15LG7GR8xg316I-Iy2NNJRNOK_gFL7cj_xycaeQQPrpI/edit?gid=1516705010#gid=1516705010,Acquired,39,Canada,2024-07-25T15:44:41.000Z,
SolarEdge,"Tel Aviv, Non-U.S.",400,2024-07-15,,Energy,https://www.reuters.com/business/energy/solaredge-technologies-lay-off-400-employees-2024-07-15/,Post-IPO,155,Israel,2024-07-16T17:11:44.000Z,
Salesforce,SF Bay Area,300,2024-07-15,,Sales,https://www.bloomberg.com/news/articles/2024-07-15/salesforce-cuts-about-300-jobs-in-latest-sign-of-tech-austerity,Post-IPO,65,United States,2024-07-15T18:40:46.000Z,
Spotify,"Stockholm, Non-U.S.",40,2024-07-15,,Media,https://adage.com/article/digital-marketing-ad-tech-news/spotify-focus-smaller-clients-programmatic-ad-tech-includes-40-layoffs/2569771,Post-IPO,2100,Sweden,2024-07-16T17:10:47.000Z,
SadaPay,"Islamabad, Non-U.S.",,2024-07-12,0.3,Finance,https://www.crowdfundinsider.com/2024/07/227287-fintech-sadapay-has-reportedly-announced-layoffs-while-citing-cost-cutting-measures-after-acquisition-equity-injection/,Acquired,20,Pakistan,2024-07-16T17:14:45.000Z,
MoxiWorks,Seattle,,2024-07-11,,Real Estate,https://www.inman.com/2024/07/11/moxiworks-laying-off-employees-1-month-after-replacing-ceo/,Private Equity,,United States,2024-07-16T17:12:36.000Z,
Intuit,SF Bay Area,1800,2024-07-10,0.1,Finance,https://www.bloomberg.com/news/articles/2024-07-10/intuit-to-cull-10-of-employees-in-latest-round-of-tech-layoffs,Post-IPO,18,United States,2024-07-10T14:17:27.000Z,Yes
Redbox,Chicago,1000,2024-07-10,1,Media,https://www.wsj.com/articles/redbox-owner-to-shut-down-kiosk-business-in-bankruptcy-f0cada8d,Acquired,51,United States,2024-07-22T14:49:24.000Z,No
CyberProof,Los Angeles,,2024-07-10,0.07,Security,https://www.calcalistech.com/ctechnews/article/h1nrv0odr,Subsidiary,,United States,2024-07-11T01:21:00.000Z,
UIPath,New York City,420,2024-07-09,0.1,Other,https://www.cnbc.com/2024/07/09/uipath-layoffs-company-to-cut-10percent-of-workforce.html,Post-IPO,2000,United States,2024-07-10T04:45:16.000Z,
UKG,Boston,2200,2024-07-03,0.14,HR,https://www.bizjournals.com/boston/news/2024/07/03/ukg-cuts-14-of-its-workforce.html,Unknown,,United States,2024-07-03T17:29:01.000Z,No
OpenText,"Waterloo, Non-U.S.",1200,2024-07-03,0.02,Data,https://www.marketwatch.com/story/open-text-to-cut-1-200-jobs-as-part-of-cost-saving-plan-cef1f9a0,Post-IPO,1100,Canada,2024-07-03T17:25:38.000Z,No
Microsoft,Seattle,,2024-07-03,,Other,https://www.geekwire.com/2024/microsoft-lays-off-employees-in-new-round-of-cuts/,Post-IPO,1,United States,2024-07-08T01:51:36.000Z,
Unacademy,"Bengaluru, Non-U.S.",250,2024-07-02,,Education,https://techcrunch.com/2024/07/02/indian-edtech-unacademy-cuts-another-250-jobs/,Series H,838,India,2024-07-03T04:42:33.000Z,
Koo,"Bengaluru, Non-U.S.",,2024-07-02,1,Consumer,https://techcrunch.com/2024/07/02/indian-social-network-koo-to-shut-down/,Unknown,51,India,2024-07-04T02:15:45.000Z,
Lightricks,"Jerusalem, Non-U.S.",70,2024-07-01,0.12,Consumer,https://www.calcalistech.com/ctechnews/article/b1dj8mgda,Series D,335,Israel,2024-07-03T04:43:29.000Z,
Upside Foods,SF Bay Area,26,2024-07-01,,Food,https://www.wired.com/story/leading-lab-grown-meat-company-cuts-dozens-of-jobs-upside-foods-cultivated-chicken/,Unknown,598,United States,2024-07-03T04:45:30.000Z,
Sightful,"Tel Aviv, Non-U.S.",20,2024-07-01,0.33,Hardware,https://www.calcalistech.com/ctechnews/article/rkeyfjlv0,Unknown,61,Israel,2024-07-03T04:44:31.000Z,
Cint,"Stockholm, Non-U.S.",,2024-07-01,,Data,https://investors.cint.com/en/press/organizational-changes-cint-group-2248206,Post-IPO,17,Sweden,2024-07-03T04:50:48.000Z,
Ninja Van,"Singapore, Non-U.S.",,2024-07-01,0.05,Transportation,https://www.theedgesingapore.com/news/company-news/second-round-layoffs-ninja-van-less-three-months-5-singapore-staff-affected,Series E,974,Singapore,2024-07-03T04:47:48.000Z,
SoundThinking,SF Bay Area,,2024-06-30,0.03,Security,https://www.sec.gov/ix,Unknown,68,United States,2026-08-18T22:33:27.000Z,No
Priceline,Norwalk,103,2024-06-28,0.07,Travel,https://www.travelweekly.com/Travel-News/Travel-Agent-Issues/Priceline-chops-more-than-100-jobs,Acquired,77,United States,2024-07-03T17:27:17.000Z,
RealPage,Dallas,260,2024-06-27,0.04,Real Estate,https://www.bisnow.com/national/news/multifamily/realpage-to-lay-off-4-of-its-workforce-price-fixing-allegations-124885,Acquired,105,United States,2024-07-03T04:51:37.000Z,
Planet,SF Bay Area,180,2024-06-26,0.17,Aerospace,https://spacenews.com/planet-lays-off-17-of-workforce/,Post-IPO,574,United States,2024-06-29T00:45:51.000Z,
Moxion Power,SF Bay Area,101,2024-06-26,,Energy,https://www.sfgate.com/tech/article/moxion-power-layoffs-after-expansion-19541807.php,Unknown,124,United States,2024-06-29T00:49:11.000Z,
eBay,"Tel Aviv, Non-U.S.",,2024-06-26,,Retail,https://www.calcalistech.com/ctechnews/article/rysmrkfua,Post-IPO,1200,Israel,2024-06-29T00:46:49.000Z,
Perion,"Tel Aviv, Non-U.S.",35,2024-06-25,0.05,Marketing,https://en.globes.co.il/en/article-perion-network-lays-off-20-transfers-us-activities-to-israel-1001420801,Post-IPO,76,Israel,2024-06-26T12:35:28.000Z,
BeReal,"Paris, Non-U.S.",,2024-06-25,,Consumer,https://www.businessinsider.com/bereal-layoffs-after-acquisition-voodoo-2024-6,Acquired,,France,2024-06-26T12:36:34.000Z,
Flutterwave,"Lagos, Non-U.S.",30,2024-06-24,0.03,Finance,https://techcabal.com/2024/06/24/flutterwave-lays-off-3-of-its-workforce/,Unknown,509,Nigeria,2024-06-26T12:37:06.000Z,
Ginkgo Bioworks,Boston,,2024-06-24,,Healthcare,https://www.biospace.com/article/biospace-layoff-tracker-2023-athenex-shutters-facility-cuts-staff/,Post-IPO,1600,United States,2024-06-19T06:16:54.000Z,
Trade Republic,"Berlin, Non-U.S.",,2024-06-23,,Finance,https://www.wiwo.de/finanzen/geldanlage/neobroker-trade-republic-schliesst-den-eigenen-kundenservice/29862010.html,Unknown,1300,Germany,2024-06-23T21:50:14.000Z,
Ginkgo Bioworks,Boston,400,2024-06-20,0.35,Healthcare,https://www.bostonglobe.com/2024/06/25/business/gingko-jason-kelly-mit-securities-and-exchange-commission-covid-biosecurity/,Post-IPO,1600,United States,2024-06-23T21:49:01.000Z,
Bluevine,"Tel Aviv, Non-U.S.",,2024-06-20,,Finance,https://www.calcalistech.com/ctechnews/article/byqph00wlr,Unknown,769,Israel,2024-06-23T21:56:10.000Z,
ReshaMandi,"Bengaluru, Non-U.S.",,2024-06-20,0.8,Food,https://economictimes.indiatimes.com/tech/startups/fund-crunch-forces-reshamandi-to-lay-off-80-employees/articleshow/111119052.cms?from=mdr,Unknown,54,India,2024-06-23T21:43:51.000Z,
Emma Sleep,"Frankfurt, Non-U.S.",200,2024-06-19,0.18,Retail,https://www.wiwo.de/unternehmen/handel/matratzenhersteller-in-der-krise-emma-entlaesst-jeden-fuenften-mitarbeiter/29856880.html,Acquired,,Germany,2024-06-23T21:39:19.000Z,
Moovit,"Tel Aviv, Non-U.S.",20,2024-06-19,0.1,Transportation,https://www.calcalistech.com/ctechnews/article/h10s7illc,Acquired,131,Israel,2024-06-23T21:54:20.000Z,
Wex,Portland,375,2024-06-18,0.05,Finance,https://www.pressherald.com/2024/06/18/wex-is-laying-off-375-employees-worldwide/,Post-IPO,400,United States,2024-06-23T21:40:55.000Z,
PayPal,SF Bay Area,85,2024-06-18,,Finance,https://www.irishexaminer.com/business/companies/arid-41418832.html,Post-IPO,216,United States,2024-06-23T21:37:42.000Z,
Rapyd,"Tel Aviv, Non-U.S.",30,2024-06-18,,Finance,https://www.calcalistech.com/ctechnews/article/h1vvoykur,Unknown,770,Israel,2024-06-19T06:09:40.000Z,
C2FO,Kansas City,16,2024-06-18,,Finance,https://www.bizjournals.com/kansascity/news/2024/06/18/c2fo-layoffs-supplier-relations-managers.html,Series H,537,United States,2024-06-19T06:10:16.000Z,
Fisker,Los Angeles,,2024-06-18,1,Transportation,https://www.wsj.com/business/autos/electric-vehicle-startup-fisker-files-for-bankruptcy-0a3eb7d6,Post-IPO,1700,United States,2024-06-19T06:26:56.000Z,
Chegg,SF Bay Area,441,2024-06-17,0.23,Education,https://www.businesswire.com/news/home/20240617323391/en/Chegg-Announces-Restructuring-Plan-and-New-Vision-for-Growth,Post-IPO,227,United States,2024-06-19T06:08:33.000Z,
Stackpath,Dallas,,2024-06-17,1,Infrastructure,https://www.datacenterdynamics.com/en/news/stackpath-to-close-down-liquidate-assets/,Series B,396,United States,2024-06-23T21:47:01.000Z,
Unit,New York City,,2024-06-17,0.15,Finance,https://www.unit.co/a-note-to-our-team,Series C,170,United States,2024-06-19T06:12:27.000Z,
LOOP,Austin,23,2024-06-16,0.77,Finance,https://www.coverager.com/loop-goes-through-another-round-of-layoffs/,Series A,34,United States,2024-06-19T06:22:12.000Z,
Care/of,New York City,143,2024-06-15,1,Healthcare,https://techcrunch.com/2024/06/15/subscription-vitamin-company-care-of-is-shutting-down/,Acquired,83,United States,2024-06-19T06:14:07.000Z,
Running Tide,Portland,,2024-06-15,1,Energy,https://www.pressherald.com/2024/06/15/portland-startup-that-became-global-leader-in-capturing-carbon-shuts-down-lays-off-all-staff/,Series B,54,United States,2024-06-19T06:18:37.000Z,
Satellogic,"Montevideo, Non-U.S.",70,2024-06-14,0.3,Aerospace,https://spacenews.com/satellogic-announces-new-round-of-layoffs/,Post-IPO,424,Uruguay,2024-06-19T06:23:47.000Z,
Cypress.io,Atlanta,11,2024-06-14,,Product,https://www.cypress.io/blog/2024/06/13/update-on-cypresss-workforce,Series B,54,United States,2024-06-19T06:10:44.000Z,
Medtronic,SF Bay Area,,2024-06-13,,Healthcare,https://www.massdevice.com/medtronic-layoffs-global-confirmed/,Post-IPO,5900,United States,2024-06-14T19:00:25.000Z,
Bytedance,"Jakarta, Non-U.S.",450,2024-06-12,,Consumer,https://www.bloomberg.com/news/articles/2024-06-12/bytedance-to-cut-450-jobs-in-indonesia-after-tokopedia-deal,Unknown,9400,Indonesia,2024-06-12T15:39:37.000Z,
Paxos,New York City,65,2024-06-12,0.2,Crypto,https://www.bloomberg.com/news/articles/2024-06-12/stablecoin-issuer-paxos-cuts-20-of-workforce?embedded-checkout=true,Unknown,543,United States,2024-06-15T02:42:10.000Z,
SCiFi Foods,SF Bay Area,,2024-06-12,1,Food,https://www.sfgate.com/tech/article/bay-area-lab-meat-company-shuts-down-19511362.php,Series A,39,United States,2024-06-14T18:59:37.000Z,
VRChat,SF Bay Area,,2024-06-12,0.3,Consumer,https://ask.vrchat.com/t/an-email-from-our-ceo/25060,Series D,95,United States,2024-06-13T18:27:28.000Z,
Ladenzeile,"Berlin, Non-U.S.",,2024-06-11,1,Retail,https://t3n.de/news/ladenzeile-macht-dicht-das-sind-die-gruende-fuer-das-ende-des-e-commerce-aggregators-1629334/,Subsidiary,,Germany,2024-06-11T17:00:48.000Z,
Paytm,"Noida, Non-U.S.",3500,2024-06-10,,Finance,https://www.livemint.com/companies/news/paytm-layoffs-fitench-hands-pink-slip-to-employees-after-rbi-ban-on-paytm-payments-bank-services-11718005572975.html,Subsidiary,,India,2024-06-10T22:20:07.000Z,No
Kissflow,"Chennai, Non-U.S.",45,2024-06-10,0.11,Other,https://economictimes.indiatimes.com/tech/startups/bootstrapped-saas-startup-kissflow-culls-11-workforce/articleshow/110875509.cms?from=mdr,Unknown,1,India,2024-06-10T22:20:42.000Z,
Copia,"Nairobi, Non-U.S.",1060,2024-06-06,,Retail,https://techcabal.com/2024/06/06/copia-layoffs-kenya/,Series C,103,Kenya,2024-06-10T22:24:07.000Z,No
Revel,New York City,1000,2024-06-06,,Transportation,https://techcrunch.com/2024/06/06/revels-latest-pivot-ditching-all-employee-ride-hail-in-favor-of-gig-worker-model/,Unknown,214,United States,2024-06-10T22:26:59.000Z,No
Simpl,"Bengaluru, Non-U.S.",30,2024-06-06,,Finance,https://economictimes.indiatimes.com/tech/startups/bnpl-startup-simpl-undertakes-another-round-of-layoffs-rejigs-senior-leadership/articleshow/110764659.cms?from=mdr,Series B,72,India,2024-06-10T22:22:18.000Z,
Oda,"Oslo, Non-U.S.",150,2024-06-05,,Food,https://techcrunch.com/2024/06/05/softbank-backed-grocery-startup-oda-lays-off-150-resets-focus-on-norway-and-sweden/,Unknown,691,Norway,2024-06-05T18:01:25.000Z,
Pagaya,"Tel Aviv, Non-U.S.",100,2024-06-05,0.2,Finance,https://www.calcalistech.com/ctechnews/article/h19floaec,Post-IPO,2000,Israel,2024-06-05T23:11:24.000Z,
Aleph Farms,"Tel Aviv, Non-U.S.",30,2024-06-05,0.3,Food,https://www.calcalistech.com/ctechnews/article/hkdwxv0na,Unknown,119,Israel,2024-06-05T23:13:43.000Z,
MoonPay,Dover,30,2024-06-05,0.1,Crypto,https://www.theblock.co/post/298638/moonpay-lays-off-10-staff,Unknown,651,United States,2024-06-05T23:12:47.000Z,
Yext,New York City,,2024-06-05,0.12,Marketing,https://www.investing.com/news/economy-news/yext-announces-12-workforce-reduction-to-boost-profitability-93CH-3471417,Post-IPO,117,United States,2024-06-05T18:02:40.000Z,
Microsoft,Seattle,1000,2024-06-03,,Other,https://www.theverge.com/2024/6/3/24170902/microsoft-hololens-2-mixed-reality-azure-layoffs,Post-IPO,1,United States,2024-06-03T20:27:12.000Z,No
OrCam,"Jerusalem, Non-U.S.",100,2024-06-03,0.5,Healthcare,https://www.calcalistech.com/ctechnews/article/skd15oj4a,Unknown,86,Israel,2024-06-04T03:47:34.000Z,
Google,SF Bay Area,100,2024-05-31,,Consumer,https://www.businessinsider.com/google-cloud-layoffs-job-cuts-employees-globally-2024-5,Post-IPO,26,United States,2024-06-01T18:35:17.000Z,
Tropic,New York City,40,2024-05-31,,Finance,https://www.linkedin.com/feed/update/urn:li:activity:7202356908194758657/,Series B,67,United States,2024-06-01T18:33:50.000Z,
Gro Intelligence,New York City,,2024-05-31,0.1,Food,https://agfundernews.com/breaking-ag-insights-platform-gro-intelligence-is-closing-down,Series B,118,United States,2024-06-03T14:55:46.000Z,
Jasper Health,Boise,,2024-05-31,,Healthcare,https://techcrunch.com/2024/05/31/general-catalyst-backed-jasper-health-lays-off-staff/,Series A,32,United States,2024-06-01T18:33:03.000Z,
FlightStats,Portland,73,2024-05-30,,Travel,https://www.oregonlive.com/silicon-forest/2024/05/flight-tracking-company-cirium-will-lay-off-37-portland-tech-workers.html,Acquired,3,United States,2024-05-31T10:51:22.000Z,
ICANN,Los Angeles,33,2024-05-30,0.07,Infrastructure,https://www.icann.org/en/blogs/details/organizational-changes-to-ensure-icanns-financial-stability-and-sustainability-30-05-2024-en,Unknown,,United States,2024-06-05T18:07:23.000Z,
Walnut,New York City,15,2024-05-29,0.2,Sales,https://www.calcalistech.com/ctechnews/article/hj71t1b4r,Series B,56,United States,2024-05-31T10:49:24.000Z,
Fisker,Los Angeles,,2024-05-29,,Transportation,https://techcrunch.com/2024/05/29/fisker-layoffs-workers-restructuring-bankruptcy/,Post-IPO,1700,United States,2024-05-31T10:52:41.000Z,
Funding Circle,"London, Non-U.S.",,2024-05-29,,Finance,https://markets.ft.com/data/announce/detail?dockey=600-202405290435DGAP____UKPR_____UK_Regulatory_1913105-1,Post-IPO,746,United Kingdom,2024-06-03T14:58:56.000Z,
Glovo,"Madrid, Non-U.S.",22,2024-05-25,,Food,https://www.eleconomista.es/tecnologia/noticias/12832290/05/24/glovo-fulmina-su-hub-tecnologico-en-madrid-y-se-lo-lleva-a-barcelona.html,Acquired,1200,Spain,2024-07-25T15:43:15.000Z,
Lucid Motors,SF Bay Area,400,2024-05-24,0.06,Transportation,https://electrek.co/2024/05/24/lucid-lcid-cuts-us-workforce-by-6-ahead-gravity-ev-launch/,Post-IPO,8300,United States,2024-05-24T15:47:21.000Z,
Satellogic,"Montevideo, Non-U.S.",34,2024-05-24,0.13,Aerospace,https://spacenews.com/satellogic-lays-off-13-of-workforce/,Post-IPO,424,Uruguay,2024-06-19T06:25:05.000Z,
Foursquare,New York City,105,2024-05-23,0.25,Marketing,https://techcrunch.com/2024/05/23/foursquare-just-laid-off-105-employees/,Series G,390,United States,2024-05-24T15:46:13.000Z,
Guild,Denver,300,2024-05-22,0.25,Education,https://www.denverpost.com/2024/05/22/education-tech-guild-layoffs/,Series F,643,United States,2024-05-23T02:17:46.000Z,
Cue Health,San Diego,180,2024-05-22,1,Healthcare,https://www.fiercebiotech.com/medtech/home-covid-testmaker-cue-health-shut-down-operations-lay-staff-report,Post-IPO,899,United States,2024-05-23T04:11:46.000Z,
Silo,SF Bay Area,,2024-05-22,0.3,Food,https://techcrunch.com/2024/05/22/food-supply-chain-software-maker-silo-lays-off-30-of-staff-amid-ma-discussions/,Series C,272,United States,2024-05-23T14:54:21.000Z,
TikTok,Los Angeles,1000,2024-05-21,,Consumer,https://www.theinformation.com/articles/tiktok-plans-layoffs-of-operations-and-marketing-employees,Acquired,,United States,2024-06-14T19:01:02.000Z,No
Joonko,New York City,,2024-05-19,1,HR,https://www.calcalistech.com/ctechnews/article/sk81p8pma,Series B,38,United States,2024-05-23T02:16:59.000Z,
Toshiba,"Tokyo, Non-U.S.",4000,2024-05-16,,Manufacturing,https://www.reuters.com/technology/newly-privatised-toshiba-cut-4000-jobs-restructuring-drive-2024-05-16/,Unknown,,Japan,2024-05-24T15:48:21.000Z,No
Wefox,"Berlin, Non-U.S.",60,2024-05-16,,Finance,https://news.sky.com/story/insurance-unicorn-wefox-warns-investors-of-insolvency-risk-13137125,Series D,1300,Germany,2024-05-17T19:30:39.000Z,
Replit,SF Bay Area,30,2024-05-16,0.2,Product,https://www.theinformation.com/briefings/ai-coding-startup-replit-cuts-20-of-staff-shifts-to-enterprise-sales,Unknown,222,United States,2024-05-16T18:11:36.000Z,
Gopuff,Philadelphia,,2024-05-16,0.06,Food,https://www.theinformation.com/briefings/gopuff-cuts-6-of-corporate-staff-in-fresh-layoffs,Series H,3400,United States,2024-05-16T17:06:15.000Z,
Karhoo,"London, Non-U.S.",,2024-05-16,1,Transportation,https://www.prodrivermags.com/news/renault-calls-in-administrators-for-not-financially-viable-karhoo/,Acquired,39,United Kingdom,2024-06-03T14:58:05.000Z,
SeekOut,Seattle,,2024-05-16,0.3,Recruiting,https://techcrunch.com/2024/05/20/seekout-layoffs-30percent-talent-search-tigerglobal/,Series C,,United States,2024-05-20T18:22:48.000Z,
Atmosphere,Austin,100,2024-05-15,,Other,https://www.bizjournals.com/austin/news/2024/05/15/layoffs-streaming-startup-austin-atmosphere.html,Series D,214,United States,2024-05-17T00:33:33.000Z,
Singularity 6,Los Angeles,36,2024-05-15,,Other,https://twitter.com/sweetpotatoes/status/1790866384810811763,Series B,49,United States,2024-05-17T00:32:58.000Z,
Mainvest,Boston,,2024-05-14,1,Finance,https://mainvest.notion.site/Investor-Support-Hub-45c61ca735dd4daf8203c28d8945f9ff,Unknown,3,United States,2024-05-17T00:34:08.000Z,
Indeed,Austin,1000,2024-05-13,0.08,HR,https://www.indeed.com/press/releases/a-message-from-our-ceo-chris-hyams-2?co=US,Acquired,5,United States,2024-05-13T18:21:23.000Z,No
Motional,Pittsburgh,550,2024-05-10,0.4,Transportation,https://techcrunch.com/2024/05/10/motional-cut-about-550-employees-around-40-in-recent-restructuring-sources-say/,Unknown,,United States,2024-05-08T02:20:55.000Z,
Rivian,Los Angeles,120,2024-05-10,,Transportation,https://www.sfchronicle.com/tech/article/tech-layoffs-google-rivian-19451076.php,Post-IPO,10700,United States,2024-05-11T14:40:18.000Z,
Google,SF Bay Area,57,2024-05-10,,Consumer,https://www.sfchronicle.com/tech/article/tech-layoffs-google-rivian-19451076.php,Post-IPO,26,United States,2024-05-11T14:41:00.000Z,
Symend,"Calgary, Non-U.S.",,2024-05-10,,Other,https://www.linkedin.com/posts/symend_what-follows-is-a-summary-of-the-communication-activity-7194804652700307456-cTPR/,Series C,148,Canada,2024-08-09T22:19:28.000Z,
Vacasa,Portland,800,2024-05-09,0.13,Travel,https://skift.com/2024/05/09/vacasa-told-employees-about-layoffs-restructuring-and-leadership-changes/,Post-IPO,834,United States,2024-05-10T02:39:04.000Z,
Sight Diagnostics,"Tel Aviv, Non-U.S.",40,2024-05-09,0.3,Healthcare,https://www.calcalistech.com/ctechnews/article/rkhuj119gc,Series D,124,Israel,2024-06-05T23:10:04.000Z,
PrepLadder,"New Delhi, Non-U.S.",145,2024-05-08,0.25,Education,https://inc42.com/buzz/unacademys-prepladder-lays-off-145-employees-in-sales-strategy-rejig/,Acquired,,India,2024-05-09T03:21:27.000Z,
Simpl,"Bengaluru, Non-U.S.",100,2024-05-08,0.15,Finance,https://www.moneycontrol.com/technology/bnpl-startup-simpl-lays-off-at-least-100-employees-as-part-of-cost-cutting-measures-article-12717158.html?classic=true,Series B,72,India,2024-05-08T13:09:38.000Z,
Arkane Studios,Austin,96,2024-05-08,1,Consumer,https://www.bizjournals.com/austin/news/2024/05/08/austin-gaming-studio-shuts-down.html,Unknown,,United States,2024-05-10T21:23:00.000Z,
Brilliant,SF Bay Area,,2024-05-08,1,Hardware,https://www.theverge.com/2024/5/8/24150346/brilliant-smart-home-lighting-out-of-business,Series B,64,United States,2024-05-09T03:20:27.000Z,
Kinaxis,"Ottawa, Non-U.S.",,2024-05-08,0.06,Other,https://investors.kinaxis.com/news-releases/news-release-details/2024/Kinaxis-Inc.-Reports-First-Quarter-2024-Results/default.aspx,Post-IPO,79,Canada,2024-05-23T04:16:52.000Z,
Hopin,"London, Non-U.S.",,2024-05-07,,Other,https://hopin-talent-list.notion.site/90e1b6afe89e4264866ab04db1c3d76b?v=ab2de1190547432bb2ac6d0599aa0d60,Series D,1000,United Kingdom,2024-05-09T03:25:07.000Z,
Enovix,SF Bay Area,170,2024-05-06,0.33,Energy,https://www.theinformation.com/articles/battery-developer-enovix-lays-off-roughly-one-third-of-staff,Post-IPO,516,United States,2024-05-07T01:57:35.000Z,
Cue Health,San Diego,230,2024-05-03,0.49,Healthcare,https://www.beckershospitalreview.com/digital-health/health-tech-company-lays-off-49-of-workforce.html,Post-IPO,899,United States,2024-05-04T04:15:27.000Z,
Rivian,Los Angeles,150,2024-05-03,0.01,Transportation,https://abc7.com/rivian-jobs-irvine-careers-electric-vehicle/14761190/,Post-IPO,10700,United States,2024-05-11T14:42:58.000Z,
Luminar,Orlando,140,2024-05-03,0.2,Transportation,https://techcrunch.com/2024/05/03/luminar-layoffs-reduction-restructuring-lidar/,Post-IPO,780,United States,2024-05-04T04:14:06.000Z,
Sprinklr,New York City,116,2024-05-03,0.03,Support,https://techcrunch.com/2024/05/03/sprinklr-lays-off-more-than-100-employees/,Post-IPO,429,United States,2024-05-03T21:11:07.000Z,
Bakkt,Atlanta,28,2024-05-03,,Crypto,https://seekingalpha.com/news/4099966-crypto-platform-bakkt-to-lay-off-28-employees,Post-IPO,932,United States,2024-05-04T04:13:36.000Z,
Peloton,New York City,400,2024-05-02,0.15,Fitness,https://www.cnbc.com/2024/05/02/peloton-ceo-barry-mccarthy-steps-down-15percent-of-staff-laid-off.html,Post-IPO,1900,United States,2024-05-02T15:14:16.000Z,
Cabify,"Madrid, Non-U.S.",29,2024-05-02,,Transportation,https://www.epe.es/es/activos/20240502/cabify-ejecuta-veintena-despidos-staff-101773083,Unknown,601,Spain,2024-05-09T03:22:34.000Z,
Google,SF Bay Area,200,2024-05-01,,Consumer,https://www.cnbc.com/2024/05/01/google-cuts-hundreds-of-core-workers-moves-jobs-to-india-mexico.html,Post-IPO,26,United States,2024-05-02T15:16:08.000Z,
Assurance,Seattle,112,2024-05-01,1,Finance,https://www.geekwire.com/2024/prudential-to-shut-down-assurance-the-insurance-tech-startup-it-acquired-for-2-35b-in-2019/,Acquired,,United States,2024-05-02T18:28:10.000Z,
Sproutt,Hartford,,2024-05-01,1,Finance,https://www.calcalistech.com/ctechnews/article/rzw567hs7,Series B,38,United States,2024-05-02T18:26:31.000Z,
Tesla,Austin,500,2024-04-30,,Transportation,https://www.theverge.com/2024/4/30/24145621/tesla-layoff-supercharger-ev-charging-nacs-elon-musk,Post-IPO,20200,United States,2024-05-01T22:16:14.000Z,
RiseUp,"Tel Aviv, Non-U.S.",50,2024-04-30,0.5,Finance,https://www.calcalistech.com/ctechnews/article/sjhgncr11c,Series B,30,Israel,2024-06-05T23:10:45.000Z,
Akili Interactive,Boston,,2024-04-30,0.46,Healthcare,https://investors.akiliinteractive.com/news/news-details/2024/Akili-Announces-Amended-Agreement-with-Shionogi-Shift-in-Corporate-Strategy-and-Release-Date-for-First-Quarter-2024-Financial-Results/default.aspx,Post-IPO,271,United States,2024-05-02T19:12:43.000Z,
Google,SF Bay Area,,2024-04-30,,Consumer,https://techcrunch.com/2024/04/29/google-lays-off-staff-from-flutter-dart-python-weeks-before-its-developer-conference/,Post-IPO,26,United States,2024-04-30T15:00:29.000Z,
Getir,"London, Non-U.S.",3300,2024-04-29,,Food,https://techcrunch.com/2024/04/29/getir-getout-instant-delivery/,Series E,1800,United Kingdom,2024-04-29T15:03:04.000Z,No
Ola,"Bengaluru, Non-U.S.",180,2024-04-29,0.1,Transportation,https://techcrunch.com/2024/04/29/indian-ride-hailing-giant-ola-cuts-180-jobs-in-profitability-push/,Series J,5000,India,2024-04-30T14:58:53.000Z,
Ninja Van,"Singapore, Non-U.S.",21,2024-04-29,0.1,Transportation,https://www.theedgesingapore.com/news/company-news/second-round-layoffs-ninja-van-less-three-months-5-singapore-staff-affected,Series E,974,Singapore,2024-07-03T04:48:44.000Z,
ComplYant,Los Angeles,,2024-04-29,1,Finance,https://www.businessinsider.com/tax-compliance-startup-raised-millions-then-it-abruptly-shut-down-2024-4,Seed,6,United States,2024-04-30T15:01:15.000Z,
Fisker,Los Angeles,,2024-04-29,,Transportation,https://techcrunch.com/2024/04/29/fisker-layoffs-staff-email-cuts-bankruptcy-sale/,Post-IPO,1700,United States,2024-04-30T15:04:12.000Z,
HealthifyMe,"Bengaluru, Non-U.S.",150,2024-04-27,0.27,Healthcare,https://inc42.com/buzz/healthify-fires-150-employees-in-a-restructuring-exercise/,Series D,130,India,2024-04-29T14:58:04.000Z,
True Anomaly,Denver,30,2024-04-25,0.25,Aerospace,https://techcrunch.com/2024/04/25/defense-space-startup-true-anomaly-layoffs-cancels-internship/,Series B,158,United States,2024-04-26T15:58:59.000Z,
Grin,Sacramento,,2024-04-25,,Marketing,https://www.businessinsider.com/influencer-marketing-firm-grin-lays-off-staffers-2024-4,Series B,145,United States,2024-04-27T00:09:09.000Z,
Expedia,Austin,,2024-04-24,,Travel,https://www.bizjournals.com/austin/news/2024/04/24/expedia-layoffs-austin-employees.html,Post-IPO,3300,United States,2024-04-25T16:09:19.000Z,
Freenome,SF Bay Area,100,2024-04-23,0.2,Healthcare,https://www.sfchronicle.com/bayarea/article/tech-layoffs-freenome-19421173.php,Series E,1400,United States,2024-04-24T15:01:03.000Z,
Heureka Group,"Prague, Non-U.S.",100,2024-04-23,0.16,Retail,https://cc.cz/heureka-hromadne-propustila-stovku-lidi-jsme-zasazeni-tlakem-na-efektivitu-uvedla/,Acquired,,Czech Republic,2024-04-24T15:06:41.000Z,
98point6,Seattle,,2024-04-23,,Healthcare,https://www.geekwire.com/2024/98point6-hit-by-new-layoffs-in-latest-change-at-health-tech-startup/,Acquired,299,United States,2024-04-25T16:07:08.000Z,
OutSystems,Boston,150,2024-04-19,0.08,Product,https://observador.pt/2024/04/19/unicornio-outsystems-faz-reducao-de-8-no-total-de-trabalhadores/,Series G,802,United States,2024-05-03T17:04:04.000Z,
Homie,Salt Lake City,,2024-04-19,,Real Estate,https://www.sltrib.com/news/business/2024/04/19/homie-utah-company-meant-disrupt/,Series B,35,United States,2024-04-20T21:58:05.000Z,
The Good Glamm Group,"New Delhi, Non-U.S.",150,2024-04-18,0.15,Retail,https://economictimes.indiatimes.com/tech/technology/content-to-commerce-platform-the-good-glamm-group-lays-off-150-employees/articleshow/109401639.cms,Unknown,180,India,2024-04-18T23:24:51.000Z,
Showpad,"Ghent, Non-U.S.",50,2024-04-18,0.1,Marketing,https://www.tijd.be/ondernemen/technologie/techbedrijf-showpad-slaat-met-nieuwe-ontslagronde-pad-naar-winst-in-we-willen-overnames-doen/10540237.html,Series D,159,Belgium,2024-04-24T15:04:26.000Z,
Stability AI,"London, Non-U.S.",20,2024-04-18,,AI,https://www.cnbc.com/2024/04/18/ai-startup-stability-lays-off-10percent-of-employees-after-ceo-exit.html,Unknown,174,United Kingdom,2024-04-18T23:23:28.000Z,
Pax8,Denver,,2024-04-18,0.05,Infrastructure,https://www.crn.com/news/channel-news/2024/pax8-cuts-about-five-percent-of-workforce-parting-with-valued-teammates-is-never-easy,Unknown,400,United States,2024-04-20T21:58:46.000Z,
ConnectWise,Tampa Bay,,2024-04-17,,Other,https://www.crn.com/news/channel-news/2024/connectwise-lays-off-less-than-100-staffers-to-improve-operations?itc=refresh,Acquired,1,United States,2024-04-18T04:55:11.000Z,
Google,SF Bay Area,,2024-04-17,,Consumer,https://www.reuters.com/technology/google-lays-off-employees-shifts-some-roles-abroad-amid-cost-cuts-2024-04-17/,Post-IPO,26,United States,2024-04-18T04:47:02.000Z,
Rivian,Detroit,,2024-04-17,0.01,Transportation,https://www.reuters.com/business/autos-transportation/rivian-cuts-1-workforce-second-job-cut-this-year-2024-04-17/,Post-IPO,10700,United States,2024-04-18T04:47:35.000Z,
Take-Two,New York City,579,2024-04-16,0.05,Consumer,https://www.ign.com/articles/take-two-announces-layoffs-while-canceling-multiple-in-development-projects,Post-IPO,4100,United States,2024-04-16T23:37:05.000Z,
Tome,SF Bay Area,12,2024-04-16,0.25,AI,https://www.semafor.com/article/04/16/2024/ai-startup-tome-lays-off-staff-to-focus-on-revenue,Series B,75,United States,2024-04-16T23:36:30.000Z,
Tesla,Austin,14000,2024-04-15,0.1,Transportation,https://www.nytimes.com/2024/04/15/business/tesla-layoff-elon-musk.html,Post-IPO,20200,United States,2024-04-15T15:16:33.000Z,No
Criteo,"Paris, Non-U.S.",140,2024-04-12,0.04,Marketing,https://www.businessinsider.com/criteo-layoffs-global-staff-job-reductions-2024-4,Post-IPO,61,France,2024-04-12T16:10:20.000Z,
Glovo,"Barcelona, Non-U.S.",25,2024-04-12,,Food,https://beteve.cat/economia/glovo-acomiada-25-treballadors-oficines-barcelona/,Acquired,1200,Spain,2024-04-12T16:10:48.000Z,
TikTok,"Dublin, Non-U.S.",250,2024-04-11,,Consumer,https://www.thejournal.ie/tiktok-to-cut-around-300-jobs-6352003-Apr2024/,Acquired,,Ireland,2024-04-12T16:14:26.000Z,
Fabric,New York City,30,2024-04-11,0.15,Logistics,https://www.calcalistech.com/ctechnews/article/hyfcqfhlr,Series C,336,United States,2024-04-12T02:01:19.000Z,
Hinge Health,SF Bay Area,,2024-04-11,0.1,Healthcare,https://techcrunch.com/2024/04/11/virtual-physical-therapist-hinge-health-lays-off-10-of-its-workforce/,Series E,826,United States,2024-04-12T01:59:13.000Z,
Zoe,"London, Non-U.S.",,2024-04-11,0.2,Healthcare,https://sifted.eu/articles/zoe-healthtech-cost-cutting-news,Series B,89,United Kingdom,2024-04-12T16:13:11.000Z,
Cornershop,"Santiago, Non-U.S.",200,2024-04-10,,Food,https://dfmas.df.cl/df-mas/coffee-break/uber-chile-despide-a-200-personas,Acquired,32,Chile,2024-04-12T16:11:49.000Z,
Scaler,"Bengaluru, Non-U.S.",150,2024-04-10,,Education,https://entrackr.com/2024/04/tech-upskilling-startup-scaler-lays-off-150-employees/,Series B,55,India,2024-04-10T21:41:35.000Z,
Checkr,SF Bay Area,382,2024-04-09,0.32,HR,Internal memo,Series D,679,United States,2024-04-09T22:28:00.000Z,
Intel,SF Bay Area,62,2024-04-09,,Hardware,https://www.crn.com/news/components-peripherals/2024/intel-layoffs-impact-62-jobs-at-california-hq,Post-IPO,12,United States,2024-04-12T02:03:46.000Z,
Trendsales,"Copenhagen, Non-U.S.",79,2024-04-08,1,Retail,https://aimgroup.com/2024/04/08/vinted-reportedly-lays-off-all-trendsales-employees-after-takeover/,Acquired,,Denmark,2024-04-10T21:39:34.000Z,
Singularity 6,Los Angeles,49,2024-04-08,0.35,Other,https://www.gamesindustry.biz/singularity-6-reduces-workforce-by-35,Series B,49,United States,2024-04-10T21:50:22.000Z,
Fission,"Vancouver, Non-U.S.",,2024-04-07,1,Other,https://fission.codes/blog/farewell-from-fission/,Unknown,,Canada,2024-04-08T22:37:50.000Z,
Bolt.Earth,"Bengaluru, Non-U.S.",70,2024-04-06,0.4,Energy,https://inc42.com/buzz/bolt-earth-fires-employees-in-another-restructuring-exercise-shuts-two-business-verticals/,Series B,24,India,2024-04-08T22:34:47.000Z,
Apple,SF Bay Area,614,2024-04-04,,Hardware,https://www.bloomberg.com/news/articles/2024-04-04/apple-cut-at-least-600-workers-when-car-screen-projects-stopped?embedded-checkout=true,Post-IPO,1200,United States,2024-04-05T03:04:56.000Z,
Agility Robotics,Portland,,2024-04-04,,Other,https://techcrunch.com/2024/04/04/agility-robotics-lays-off-some-staff-amid-commercialization-focus/,Series B,179,United States,2024-04-05T03:01:00.000Z,
Lightspeed Commerce,"Montreal, Non-U.S.",280,2024-04-03,,Retail,https://www.bnnbloomberg.ca/lightspeed-commerce-cutting-280-jobs-as-it-focuses-on-profitable-growth-1.2054620,Post-IPO,1200,Canada,2024-04-03T15:00:26.000Z,
Ghost Autonomy,SF Bay Area,100,2024-04-03,1,Transportation,https://www.sfgate.com/tech/article/ghost-autonomy-shutdown-tech-layoff-19385702.php,Series E,247,United States,2024-04-04T16:09:54.000Z,
Vivian Health,SF Bay Area,13,2024-04-03,,Healthcare,Internal memo,Acquired,60,United States,2024-04-10T21:44:44.000Z,
Amazon,Seattle,,2024-04-03,,Retail,https://www.geekwire.com/2024/amazon-web-services-cuts-hundreds-of-jobs-in-sales-training-and-physical-stores-technology/,Post-IPO,108,United States,2024-04-03T15:01:49.000Z,
CoRover,"Bengaluru, Non-U.S.",,2024-04-03,,AI,https://inc42.com/buzz/corover-ai-to-shut-down-its-us-uk-subsidiaries-to-focus-on-the-india-market/,Unknown,,India,2024-04-04T16:11:12.000Z,
Kaseya,Miami,,2024-04-03,,Security,https://www.bizjournals.com/southflorida/news/2024/04/03/kaseya-miami-job-staff-cuts.html,Unknown,547,United States,2024-04-05T03:03:16.000Z,
New Relic,SF Bay Area,,2024-04-03,,Infrastructure,https://www.bizjournals.com/portland/news/2024/04/03/layoffs-reported-at-new-relic.html,Acquired,214,United States,2024-04-04T16:12:07.000Z,
Yummly,SF Bay Area,,2024-04-03,1,Food,https://thespoon.tech/whirlpool-lays-off-entire-team-for-cooking-and-recipe-app-yummly/,Acquired,24,United States,2024-04-03T18:33:37.000Z,
Byju's,"Bengaluru, Non-U.S.",500,2024-04-02,0.03,Education,https://www.business-standard.com/companies/news/byju-s-lays-off-500-employees-terminates-employment-over-phone-calls-124040201104_1.html,Private Equity,5500,India,2024-04-02T16:45:44.000Z,
Lentra,"Pune, Non-U.S.",,2024-04-02,,Finance,https://inc42.com/buzz/fintech-saas-startup-lentra-lays-off-employees-to-optimise-operations/,Series B,104,India,2024-04-03T03:49:34.000Z,
Thepeer,"Lagos, Non-U.S.",,2024-04-02,1,Finance,https://techpoint.africa/2024/04/01/nigerian-startup-thepeer-to-shut-down/,Seed,2,Nigeria,2024-04-02T16:47:16.000Z,
Osso VR,SF Bay Area,67,2024-04-01,,Healthcare,https://www.medtechdive.com/news/osso-vr-lay-off-67-people-san-francisco/711814/,Series C,109,United States,2024-04-02T16:50:56.000Z,
Identiq,"Tel Aviv, Non-U.S.",20,2024-04-01,0.44,Security,https://www.calcalistech.com/ctechnews/article/bjfyzloya,Series A,52,Israel,2024-04-02T16:48:50.000Z,
Ranger Insurance,New York City,,2024-04-01,1,Finance,https://www.linkedin.com/feed/update/urn:li:activity:7180607619240243201/,Seed,5,United States,2024-04-02T16:52:15.000Z,
Rezi,New York City,,2024-04-01,1,Real Estate,https://therealdeal.com/national/2024/04/01/rental-platform-rezi-runs-out-of-money-shuts-down/,Series B,230,United States,2024-04-02T16:47:48.000Z,
ChowNow,Los Angeles,60,2024-03-28,0.2,Food,https://techcrunch.com/2024/03/28/chownow-acquires-yc-backed-point-of-sale-platform-cuboh-and-is-laying-off-staff/,Series C,64,United States,2024-03-28T18:19:09.000Z,
Synctera,SF Bay Area,17,2024-03-26,0.15,Finance,https://techcrunch.com/2024/03/26/baas-startup-synctera-layoffs-fintech/,Series A,79,United States,2024-03-26T19:26:31.000Z,
GoPro,SF Bay Area,,2024-03-26,0.04,Consumer,https://www.wsj.com/business/earnings/gopro-to-cut-total-workforce-by-4-reduce-office-space-208f369a?,Post-IPO,288,United States,2024-04-08T22:38:47.000Z,
Dell,Austin,6000,2024-03-25,0.05,Hardware,https://siliconangle.com/2024/03/25/dell-reduces-global-workforce-around-6000-jobs/,Post-IPO,,United States,2024-03-27T15:44:20.000Z,No
Verily,SF Bay Area,,2024-03-22,,Healthcare,https://www.businessinsider.com/alphabets-verily-layoffs-google-employees-molecular-science-immune-profiler-r2024-3,Subsidiary,3500,United States,2024-03-24T20:54:22.000Z,
Cybereason,Boston,,2024-03-20,,Security,https://www.calcalistech.com/ctechnews/article/bkrfcv00ra,Series F,750,United States,2024-03-20T18:27:29.000Z,
ShopBack,"Singapore, Non-U.S.",195,2024-03-19,0.24,Retail,https://www.bloomberg.com/news/articles/2024-03-19/temasek-backed-shopback-cuts-24-of-jobs-in-pay-later-defeat?embedded-checkout=true,Series F,355,Singapore,2024-03-20T01:04:13.000Z,
Orbotech,"Yavne, Non-U.S.",100,2024-03-19,,Manufacturing,https://www.calcalistech.com/ctechnews/article/hy20lqwrt,Acquired,,Israel,2024-03-20T01:00:51.000Z,
Airmeet,"Bengaluru, Non-U.S.",,2024-03-19,0.2,Marketing,https://inc42.com/buzz/airmeet-lays-off-20-workforce-in-second-restructuring-exercise-within-a-year/,Series B,50,India,2024-03-20T01:03:14.000Z,
Singular Genomics,San Diego,,2024-03-19,0.2,Healthcare,https://www.genomeweb.com/business-news/singular-genomics-lay-20-percent-workforce-q4-revenues-41-percent,Post-IPO,176,United States,2024-04-12T02:04:26.000Z,
Longi,"Xi'an, Non-U.S.",,2024-03-18,0.05,Energy,https://www.nasdaq.com/articles/chinas-longi-says-it-will-lay-off-about-5-of-employees,Unknown,,China,2024-03-20T01:05:48.000Z,
Flock Freight,San Diego,54,2024-03-16,,Logistics,https://www.freightwaves.com/news/flock-reports-layoffs-path-to-profitability,Series D,399,United States,2024-03-17T16:39:16.000Z,
Chipper Cash,SF Bay Area,20,2024-03-15,,Finance,https://www.theinformation.com/briefings/payments-startup-chipper-cuts-jobs-in-seventh-round-of-layoffs,Series C,302,United States,2024-03-17T16:38:41.000Z,
Blueboard,SF Bay Area,,2024-03-15,1,HR,https://www.kqed.org/news/11979696/popular-employee-rewards-company-blueboard-shutters-abruptly,Series A,16,United States,2024-03-17T16:40:15.000Z,
Ancestry,Lehi,81,2024-03-14,0.06,Consumer,https://endpts.com/ancestry-cut-6-of-workforce-as-genealogy-giant-struggles-with-subscription-revenue/,Post-IPO,33,United States,2024-04-18T04:54:13.000Z,
Textio,Seattle,14,2024-03-14,0.16,Recruiting,https://www.geekwire.com/2024/augmented-writing-startup-textio-lays-off-14-employees-or-16-of-staff/,Unknown,42,United States,2024-03-15T23:30:56.000Z,
Stash,New York City,80,2024-03-13,0.25,Finance,https://www.axios.com/pro/fintech-deals/2024/03/13/stash-lays-off-25-percent,Unknown,480,United States,2024-03-13T19:24:40.000Z,
Phantom Auto,SF Bay Area,100,2024-03-12,1,Transportation,https://techcrunch.com/2024/03/12/remote-driving-startup-phantom-auto-is-shutting-down/,Unknown,86,United States,2024-03-12T23:10:17.000Z,
IBM,New York City,,2024-03-12,,Hardware,https://www.cnbc.com/2024/03/12/ibm-tells-employees-of-job-cuts-in-marketing-and-communications.html,Post-IPO,,United States,2024-03-17T16:28:38.000Z,
Deadspin,New York City,11,2024-03-11,1,Media,https://variety.com/2024/digital/news/deadspin-staff-laid-off-site-sold-1235938325/,Acquired,,United States,2024-03-11T23:27:04.000Z,
Niche,Pittsburgh,24,2024-03-08,0.07,Education,https://technical.ly/professional-development/niche-layoffs-pittsburgh-edtech/,Series C,44,United States,2024-03-11T23:26:09.000Z,
Inscribe,SF Bay Area,,2024-03-08,0.4,Finance,https://techcrunch.com/2024/03/08/ai-fraud-detection-software-maker-inscribe-ai-lays-off-40-of-staff/,Series B,39,United States,2024-03-09T00:58:08.000Z,
Turnitin,SF Bay Area,15,2024-03-07,0.02,Education,https://techcrunch.com/2024/03/07/turnitin-laid-off-staff-earlier-this-year-after-ceo-forecast-ai-would-allow-it-to-cut-headcount/,Acquired,,United States,2024-03-07T21:03:25.000Z,
Totango,SF Bay Area,,2024-03-07,,Support,https://www.calcalistech.com/ctechnews/article/rkbpxedat,Acquired,147,United States,2024-03-08T16:48:08.000Z,
Sorare,New York City,22,2024-03-06,0.13,Crypto,https://techcrunch.com/2024/03/06/nft-fantasy-sports-startup-sorare-layoffs-web3-gaming/,Series B,739,United States,2024-03-06T19:18:43.000Z,
Meta,SF Bay Area,,2024-03-06,,Consumer,https://www.businessinsider.com/meta-facebook-messenger-hit-with-layoffs-2024-3?IR=T,Post-IPO,26000,United States,2024-03-08T15:42:37.000Z,
PlanetScale,SF Bay Area,,2024-03-06,,Data,https://planetscale.com/blog/planetscale-forever,Series C,105,United States,2024-03-06T19:21:47.000Z,
MessageBird,"Amsterdam, Non-U.S.",90,2024-03-05,0.2,Other,https://www.amsterdamai.com/en/nieuws/529e0e27-44d0-0505-2af2-f473d807ab03/Bird-ontslaat-werknemers-wegens-AI-effici%C3%ABntie,Series C,1100,Netherlands,2024-03-08T15:44:04.000Z,
Form Energy,Boston,,2024-03-05,,Energy,https://www.bizjournals.com/boston/news/2024/03/05/form-energy-layoffs-company-agile.html,Unknown,966,United States,2024-03-06T19:20:23.000Z,
Verbit,New York City,,2024-03-05,,Data,https://www.calcalistech.com/ctechnews/article/hjfc9uvp6,Series E,569,United States,2024-03-05T16:46:54.000Z,
Edgio,Phoenix,80,2024-03-04,0.1,Infrastructure,https://investors.edg.io/node/13996/html,Post-IPO,462,United States,2024-03-07T19:16:14.000Z,
Melio,New York City,40,2024-03-04,0.07,Finance,https://www.calcalistech.com/ctechnews/article/r1sremqtt,Series D,504,United States,2024-03-05T02:10:15.000Z,
Our Next Energy,Detroit,40,2024-03-04,0.13,Transportation,https://www.bloomberg.com/news/articles/2024-03-04/michigan-battery-startup-one-cuts-jobs-as-ceo-seeks-fresh-funds?embedded-checkout=true,Series B,390,United States,2024-03-05T02:11:25.000Z,
Project Ronin,SF Bay Area,150,2024-03-01,1,Healthcare,https://www.bloomberg.com/news/articles/2024-03-01/larry-ellison-s-cancer-software-startup-project-ronin-is-closing,Unknown,,United States,2024-03-05T02:12:18.000Z,
Pristyn Care,"Gurugram, Non-U.S.",120,2024-03-01,0.07,Healthcare,https://entrackr.com/2024/03/pristyn-care-lays-off-around-120-employees-as-it-targets-profitability-and-ipo/,Series E,177,India,2024-03-01T17:09:48.000Z,
Gro Intelligence,New York City,90,2024-03-01,0.6,Food,https://www.wsj.com/business/climate-data-startup-with-all-star-investors-and-roots-in-africa-nearly-collapses-3f675357?mod=e2li,Series B,118,United States,2024-03-03T16:15:38.000Z,
Tonik,"Singapore, Non-U.S.",,2024-03-01,,Finance,https://www.techinasia.com/tonik-lays-employees-reaching-unit-profitability,Series B,175,Singapore,2024-03-03T16:14:49.000Z,
Fisker,Los Angeles,,2024-02-29,0.15,Transportation,https://techcrunch.com/2024/02/29/fisker-layoffs-cash-going-concern-dealerships/,Post-IPO,1700,United States,2024-02-29T23:35:20.000Z,
Kevin,"Vilnius, Non-U.S.",,2024-02-29,0.14,Finance,https://sifted.eu/articles/kevin-salaries,Series A,79,Lithuania,2024-03-05T20:29:13.000Z,
Electronic Arts,SF Bay Area,670,2024-02-28,0.05,Consumer,https://www.cnbc.com/2024/02/28/ea-layoffs-company-to-cut-5percent-of-workforce-or-about-670-employees.html,Post-IPO,2,United States,2024-02-29T00:45:00.000Z,
Vacasa,Portland,320,2024-02-28,0.05,Travel,https://www.oregonlive.com/business/2024/02/portland-based-vacasa-will-lay-off-another-320-new-year-is-off-to-a-difficult-start.html,Post-IPO,834,United States,2024-02-29T17:22:37.000Z,
OrCam,"Jerusalem, Non-U.S.",50,2024-02-28,0.19,Healthcare,https://www.calcalistech.com/ctechnews/article/skd15oj4a,Unknown,86,Israel,2024-06-04T03:48:43.000Z,
Treasury Prime,SF Bay Area,40,2024-02-28,0.4,Finance,https://www.bankingdive.com/news/treasury-prime-lay-off-40-50-employees-marketing-liaison-direct-fintech-partner-chris-dean/708770/,Series C,71,United States,2024-02-29T00:48:03.000Z,
Motional,Boston,,2024-02-28,0.05,Transportation,https://techcrunch.com/2024/02/28/hyundai-backed-autonomous-company-motional-cuts-5-of-workforce/,Unknown,,United States,2024-02-28T18:50:58.000Z,
Sony Interactive,SF Bay Area,900,2024-02-27,0.08,Consumer,https://www.theverge.com/2024/2/27/24084494/sony-playstation-layoffs-2024,Subsidiary,,United States,2024-02-27T18:49:42.000Z,
Bumble,Austin,350,2024-02-27,0.3,Consumer,https://www.cnbc.com/2024/02/27/bumble-layoffs-350-employees-or-about-37percent-of-workforce.html,Post-IPO,313,United States,2024-02-27T23:56:12.000Z,
PropertyGuru,"Singapore, Non-U.S.",79,2024-02-27,,Real Estate,https://www.theedgesingapore.com/news/company-news/propertyguru-cuts-79-jobs-amid-organisational-changes,Post-IPO,676,Singapore,2024-02-27T21:04:06.000Z,
Apple,SF Bay Area,,2024-02-27,,Transportation,https://techcrunch.com/2024/02/27/apple-cancels-electric-car-project-titan/,Post-IPO,1200,United States,2024-02-27T21:03:21.000Z,
Expedia,Seattle,1500,2024-02-26,0.08,Travel,https://www.geekwire.com/2024/expedia-group-cutbacks-will-impact-1500-roles-this-year-more-than-8-of-workforce/,Post-IPO,3300,United States,2024-02-27T05:49:18.000Z,No
WayCool,"Chennai, Non-U.S.",70,2024-02-26,,Food,https://inc42.com/buzz/exclusive-waycool-fires-70-employees-in-second-restructuring-exercise-within-a-year/,Unknown,363,India,2024-02-27T18:55:51.000Z,
Daraz,"Singapore, Non-U.S.",,2024-02-26,,Retail,https://www.reuters.com/business/retail-consumer/alibabas-south-asian-e-commerce-giant-daraz-announces-layoffs-memo-2024-02-27/,Unknown,,Singapore,2024-02-29T23:33:22.000Z,
Redesign Health,New York City,77,2024-02-23,,Healthcare,https://www.crainsnewyork.com/health-pulse/union-square-based-redesign-health-cuts-staff-slows-startup-creation,Series C,315,United States,2024-02-24T01:34:17.000Z,
Carbon Health,SF Bay Area,56,2024-02-23,,Healthcare,https://www.sfchronicle.com/bayarea/article/bay-area-layoffs-carbon-health-18684600.php,Series D,522,United States,2024-02-24T01:33:51.000Z,
Vice Media,New York City,,2024-02-22,,Media,https://www.nytimes.com/2024/02/22/business/vice-media-layoffs.html,Unknown,1600,United States,2024-02-24T01:55:05.000Z,
Affirm,Pittsburgh,60,2024-02-21,,Finance,https://bnnbreaking.com/finance-nav/affirms-pittsburgh-layoffs-a-tale-of-corporate-strategy-and-employee-impact,Post-IPO,1500,United States,2024-02-22T05:51:24.000Z,
Finder,"Sydney, Non-U.S.",60,2024-02-21,0.17,Retail,https://www.startupdaily.net/topic/business/finder-cuts-staffing-for-the-3rd-time-in-a-year-shedding-60-jobs/,Unknown,30,Australia,2024-02-22T05:50:06.000Z,
BuzzFeed,New York City,,2024-02-21,0.16,Media,https://variety.com/2024/digital/news/buzzfeed-sells-complex-ntwrk-layoffs-1235918498/,Post-IPO,696,United States,2024-02-23T00:21:23.000Z,
Rivian,Detroit,,2024-02-21,0.1,Transportation,https://techcrunch.com/2024/02/21/rivian-lays-off-10-of-workforce-as-ev-pricing-pressure-mounts/,Post-IPO,10700,United States,2024-02-22T05:47:27.000Z,
Aptiv,"Krakow, Non-U.S.",250,2024-02-20,,Transportation,"https://wyborcza.biz/biznes/7,159911,30719165,w-pol-godziny-zwolnili-250-osob-dostal-godzine-na-spakowanie.html?disableRedirects=true",Post-IPO,8,Poland,2024-02-21T04:22:36.000Z,
Tails.com,"London, Non-U.S.",55,2024-02-20,0.25,Retail,https://www.businessinsider.com/tails-com-is-laying-off-25-percent-of-staffers-2024-2,Series A,5,United Kingdom,2024-02-21T04:25:14.000Z,
Auctane,Austin,,2024-02-20,,Retail,https://www.ecommercebytes.com/2024/02/20/layoffs-hit-shipping-solution-auctane-aka-stamps-com/,Unknown,,United States,2024-03-12T23:11:15.000Z,
KnownOrigin,"Manchester, Non-U.S.",,2024-02-20,0.3,Crypto,https://crypto.news/ebay-reportedly-laid-off-staff-at-nft-marketplace-knownorigin-it-acquired-in-2022/,Acquired,3,United Kingdom,2024-02-21T04:26:50.000Z,
Meati,Boulder,,2024-02-20,0.3,Food,https://techcrunch.com/2024/02/20/meati-foods-cuts-workforce-amid-ceo-shift/,Series C,274,United States,2024-02-21T04:28:42.000Z,
Farfetch,"London, Non-U.S.",2000,2024-02-16,0.25,Retail,https://www.drapersonline.com/news/farfetch-to-cut-up-to-30-jobs,Acquired,1700,United Kingdom,2024-02-16T18:39:00.000Z,No
Voi,"Stockholm, Non-U.S.",120,2024-02-16,0.12,Transportation,https://sifted.eu/articles/voi-layoffs-news,Series D,515,Sweden,2024-02-20T02:39:51.000Z,
Toast,Boston,550,2024-02-15,0.1,Food,https://www.bloomberg.com/news/articles/2024-02-15/toast-layoffs-to-impact-hundreds-at-restaurant-tech-company?embedded-checkout=true,Post-IPO,962,United States,2024-02-15T16:48:04.000Z,
Sonder,SF Bay Area,106,2024-02-15,0.17,Travel,https://www.sec.gov/ixviewer/ix.html?doc=/Archives/edgar/data/1819395/000181939524000007/son-20240215.htm,Post-IPO,839,United States,2024-02-21T05:22:49.000Z,
LinkSquares,Boston,90,2024-02-15,,Legal,Internal memo,Series C,161,United States,2025-01-05T00:55:42.000Z,
Storytel,"Stockholm, Non-U.S.",80,2024-02-15,0.13,Consumer,https://investors.storytel.com/en/wp-content/uploads/sites/2/2024/02/presentation-q4-report-2023.pdf,Post-IPO,312,Sweden,2024-02-16T18:37:24.000Z,
Gro Intelligence,New York City,20,2024-02-15,0.1,Food,https://agfundernews.com/ai-powered-ag-insights-platform-gro-intelligence-lays-off-10-of-its-staff,Series B,118,United States,2024-02-16T18:35:19.000Z,
CodeSee,SF Bay Area,,2024-02-15,1,Data,https://www.linkedin.com/posts/shaneak_i-am-very-sad-to-announce-officially-activity-7163970333912289281-DaOb/,Seed,10,United States,2024-02-15T19:34:43.000Z,
May Mobility,Ann Arbor,,2024-02-15,0.13,Transportation,https://www.detroitnews.com/story/business/autos/2024/02/15/michigan-based-av-startup-may-mobility-reduces-workforce-by-13/72618523007/,Series D,303,United States,2024-02-15T23:17:21.000Z,
Cisco,SF Bay Area,4250,2024-02-14,0.05,Infrastructure,https://www.cnbc.com/2024/02/14/cisco-cutting-5percent-of-global-workforce-in-restructuring-move.html,Post-IPO,2,United States,2024-02-14T22:20:55.000Z,No
Wint Wealth,"Nashik, Non-U.S.",19,2024-02-14,0.2,Finance,https://inc42.com/buzz/exclusive-wint-wealth-fires-20-of-its-workforce-in-a-restructuring-exercise/,Series A,16,India,2024-02-15T16:45:26.000Z,
Away,New York City,,2024-02-14,0.25,Retail,https://www.inc.com/rebecca-deczynski/away-just-cut-25-percent-of-its-internal-staff-ceo-jen-rubio-shares-companys-path-forward.html,Series D,181,United States,2024-02-14T20:48:22.000Z,
Instacart,SF Bay Area,250,2024-02-13,0.07,Food,https://www.cnbc.com/2024/02/13/instacart-layoffs-company-to-cut-250-employees-or-about-7percent.html,Post-IPO,2900,United States,2024-02-13T21:17:45.000Z,
Redesign Health,New York City,77,2024-02-13,,Healthcare,https://www.fiercehealthcare.com/health-tech/redesign-health-reduces-workforce-it-slows-down-pace-new-company-launches-2024,Unknown,315,United States,2024-02-14T16:12:55.000Z,
Mozilla,SF Bay Area,60,2024-02-13,0.05,Consumer,https://www.bloomberg.com/news/articles/2024-02-13/firefox-maker-mozilla-is-cutting-60-jobs-after-naming-new-ceo,Unknown,2.3,United States,2024-02-13T21:19:22.000Z,
Impinj,Seattle,50,2024-02-13,0.1,Other,https://www.bizjournals.com/seattle/news/2024/02/12/impinj-layoffs-seattle-internet-of-things.html,Post-IPO,137,United States,2024-03-14T15:44:27.000Z,
Riskified,New York City,40,2024-02-13,0.06,Retail,https://en.globes.co.il/en/article-israeli-fintech-co-riskified-lays-off-6-of-workforce-1001471055,Post-IPO,229,United States,2024-02-14T16:06:51.000Z,
Everybuddy,"Tel Aviv, Non-U.S.",,2024-02-13,1,Consumer,https://www.calcalistech.com/ctechnews/article/rj28wryo6,Series A,15,Israel,2024-02-15T16:51:17.000Z,
Popcore,"Berlin, Non-U.S.",,2024-02-13,,Consumer,https://www.pocketgamer.biz/news/83416/popcore-undergoes-wave-of-layoffs-impacting-key-staff/,Acquired,,Germany,2024-02-28T18:49:40.000Z,
Wisense,"Tel Aviv, Non-U.S.",,2024-02-13,1,Transportation,https://www.calcalistech.com/ctechnews/article/rjeyhktjt,Unknown,37,Israel,2024-02-14T16:09:33.000Z,
SiriusXM,New York City,160,2024-02-12,0.03,Media,https://variety.com/2024/digital/news/siriusxm-layoffs-160-employees-1235908020/,Post-IPO,525,United States,2024-03-17T16:28:08.000Z,
Licious,"Bengaluru, Non-U.S.",80,2024-02-09,0.03,Food,https://www.livemint.com/companies/licious-lays-off-80-employees-with-eye-on-growth-11707473279919.html,Series F,490,India,2024-02-09T16:45:34.000Z,
BlissClub,"Bengaluru, Non-U.S.",21,2024-02-09,0.18,Retail,https://inc42.com/buzz/exclusive-d2c-startup-blissclub-fires-about-18-workforce-to-cut-costs/,Series A,20,India,2024-02-10T00:37:27.000Z,
Kandji,San Diego,,2024-02-09,,Other,Internal memo,Series C,188,United States,2024-02-12T20:57:06.000Z,
Pure Storage,SF Bay Area,275,2024-02-08,,Data,https://blocksandfiles.com/2024/02/08/pure-storage-lays-off-staff-again/,Post-IPO,529,United States,2024-02-08T22:11:27.000Z,
Otovo,"Oslo, Non-U.S.",65,2024-02-08,0.15,Energy,https://www.mynewsdesk.com/otovo/pressreleases/otovo-q4-2023-cost-cuts-and-efficiency-program-executed-ready-for-2024-3302572,Post-IPO,247,Norway,2024-02-20T02:34:33.000Z,
Getaround,SF Bay Area,,2024-02-08,0.3,Transportation,https://techcrunch.com/2024/02/08/car-sharing-company-getaround-cuts-one-third-of-u-s-workforce/,Post-IPO,948,United States,2024-02-08T22:02:59.000Z,
Journera,Chicago,,2024-02-08,1,Travel,https://www.phocuswire.com/jeffrey-katz-journera-shuts-down,Series B,31,United States,2024-02-10T00:36:47.000Z,
Grammarly,SF Bay Area,230,2024-02-07,,Consumer,https://techcrunch.com/2024/02/09/grammarly-lays-off-230-employees-as-part-of-a-business-restructuring/,Unknown,400,United States,2024-02-07T17:14:35.000Z,Yes
Fireblocks,New York City,20,2024-02-07,0.03,Crypto,https://www.calcalistech.com/ctechnews/article/rjkvszzit,Series E,1000,United States,2024-02-07T23:54:30.000Z,
Tenable,Baltimore,,2024-02-07,0.05,Security,https://bnnbreaking.com/finance-nav/tenable-reveals-strong-q4-2023-financial-performance-and-strategy-optimization,Post-IPO,565,United States,2024-02-08T22:21:44.000Z,
Workfellow,"Espoo, Non-U.S.",,2024-02-07,1,HR,https://tech.eu/2024/02/07/finnish-hrtech-startup-workfellow-announces-shutdown-amid-challenges/,Seed,3,Finland,2024-02-07T16:59:39.000Z,
DocuSign,SF Bay Area,440,2024-02-06,0.06,Sales,https://www.cnbc.com/2024/02/06/docusign-to-lay-off-6percent-of-workforce-or-about-440-jobs.html,Post-IPO,536,United States,2024-02-06T17:02:13.000Z,
Amazon,Seattle,400,2024-02-06,,Retail,https://www.businessinsider.com/amazon-one-medical-pharmacy-layoffs-broader-cost-cutting-campaign-2024-2,Post-IPO,108,United States,2024-02-07T16:57:52.000Z,
Glowforge,Seattle,,2024-02-06,,Manufacturing,https://www.geekwire.com/2024/glowforge-lays-off-more-employees-after-funding-round-falls-through-at-3d-laser-engraver-maker/,Series E,133,United States,2024-02-28T18:46:00.000Z,
Snap,Los Angeles,500,2024-02-05,0.1,Consumer,https://www.cnbc.com/2024/02/05/snap-to-lay-off-10percent-of-global-workforce-around-500-employees.html,Post-IPO,4900,United States,2024-02-05T15:04:51.000Z,
Drizly,Boston,168,2024-02-05,1,Retail,https://www.boston.com/news/business/2024/02/05/uber-drizly-to-lay-off-168-boston-workers/,Acquired,119,United States,2024-02-06T04:36:32.000Z,
BillGO,Fort Collins,80,2024-02-05,,Finance,https://www.coloradoan.com/story/money/business/2024/02/05/billgo-announces-80-layoffs-at-fort-collins-office/72484159007/,Series B,119,United States,2024-02-06T04:22:45.000Z,
Impact.com,Los Angeles,40,2024-02-05,0.03,Sales,https://www.adnews.com.au/news/impact-com-cuts-staff-in-global-cost-cutting,Private Equity,361,United States,2024-02-06T17:03:56.000Z,
Astrate Medical,Philadelphia,,2024-02-05,1,Healthcare,https://www.businessinsider.com/exclusive-why-baby-tech-startup-astarte-medical-shutting-down-2024-1,Series A,13,United States,2024-02-06T04:28:06.000Z,
Meetup,New York City,,2024-02-05,,Consumer,https://www.meetup.com/blog/recent-changes-and-a-look-toward-the-future/,Acquired,18,United States,2024-02-06T04:26:42.000Z,
Muvin,"Bengaluru, Non-U.S.",,2024-02-05,1,Finance,https://entrackr.com/2024/02/exclusive-neobank-muvin-shuts-down-operations/,Seed,4,India,2024-02-06T04:37:04.000Z,
Nomad Health,New York City,,2024-02-05,,Healthcare,https://www.businessinsider.com/nomad-health-layoffs-employees-healthcare-2024-2,Unknown,218,United States,2024-02-06T04:25:15.000Z,
Zwift,Los Angeles,,2024-02-05,,Fitness,https://forums.zwift.com/t/zwift-organizational-changes-february-2024/623962,Series C,619,United States,2024-02-06T04:23:29.000Z,
Cue Health,San Diego,245,2024-02-02,0.3,Healthcare,https://www.sandiegouniontribune.com/business/story/2024-02-02/cue-health-lays-off-more-than-30-percent-of-its-global-workforce,Post-IPO,899,United States,2024-02-05T05:01:23.000Z,
Top Hat,"Toronto, Non-U.S.",35,2024-02-02,0.07,Education,https://betakit.com/toronto-software-companies-top-hat-loopio-wattpad-make-layoffs/,Series E,234,Canada,2024-02-02T16:32:39.000Z,
Cake Bikes,"Stockholm, Non-U.S.",,2024-02-02,1,Transportation,https://techcrunch.com/2024/02/02/cake-electric-motorcycle-bankruptcy/,Unknown,74,Sweden,2024-02-03T01:52:50.000Z,
Small Robot Company,"Salisbury, Non-U.S.",,2024-02-02,1,Food,https://www.therobotreport.com/agtech-startup-small-robot-company-shutting-down/,Unknown,10,United Kingdom,2024-02-03T01:53:48.000Z,
Twig,"London, Non-U.S.",,2024-02-02,1,Finance,https://www.fintechfutures.com/2024/02/uk-fintech-twig-enters-liquidation/,Unknown,41,United Kingdom,2024-02-03T01:55:38.000Z,
Okta,SF Bay Area,400,2024-02-01,0.07,Security,https://www.cnbc.com/2024/02/01/okta-to-lay-off-7percent-of-staff-about-400-employees.html,Post-IPO,1200,United States,2024-02-01T17:03:13.000Z,
Zoom,SF Bay Area,150,2024-02-01,0.02,Other,https://www.cnbc.com/2024/02/01/zoom-layoffs-company-cuts-150-employees-2percent-of-workforce.html,Post-IPO,276,United States,2024-02-01T18:25:36.000Z,
Illumina,San Diego,111,2024-02-01,,Healthcare,https://www.sandiegouniontribune.com/business/story/2024-02-01/illumina-lays-off-11,Post-IPO,28,United States,2024-02-03T01:51:41.000Z,
Polygon,"Cayman Islands, Non-U.S.",60,2024-02-01,0.19,Crypto,https://forum.polygon.technology/t/an-update-on-polygon-labs-polygon-ventures-and-polygon-id/13507,Unknown,451,Cayman Islands,2024-02-01T17:14:49.000Z,
Indigo,Boston,,2024-02-01,,Other,https://www.bizjournals.com/boston/news/2024/02/01/indigo-cuts-jobs-new-ceo-takes-over.html,Series F,1200,United States,2024-02-02T00:10:48.000Z,
Proofpoint,SF Bay Area,280,2024-01-31,0.06,Security,https://www.calcalistech.com/ctechnews/article/hjaniiwc6,Acquired,885,United States,2024-01-31T17:02:14.000Z,
Trove Recommerce,SF Bay Area,130,2024-01-31,,Retail,https://www.bizjournals.com/sanfrancisco/news/2024/01/31/trove-apparel-resale-tech-layoff-brisbane.html,Series E,152,United States,2024-02-02T00:09:50.000Z,
CircleCI,SF Bay Area,100,2024-01-31,,Product,Internal memo,Series F,315,United States,2024-02-01T17:19:02.000Z,
Thinx,New York City,95,2024-01-31,,Retail,https://www.modernretail.co/operations/thinx-to-layoff-95-workers-per-new-york-state-labor-filing/,Acquired,26,United States,2024-01-31T17:03:43.000Z,
Innoviz,"Tel Aviv, Non-U.S.",60,2024-01-31,0.13,Transportation,https://www.calcalistech.com/ctechnews/article/hjs6xbucp,Post-IPO,547,Israel,2024-02-01T17:11:16.000Z,
The Messenger,Miami,,2024-01-31,1,Media,https://www.nbcnews.com/news/us-news/startup-news-site-messenger-shutters-less-year-launch-rcna136643,Unknown,,United States,2024-02-01T17:08:27.000Z,
Zuora,SF Bay Area,,2024-01-31,0.08,Finance,https://www.sec.gov/ixviewer/ix.html?doc=/Archives/edgar/data/0001423774/000142377424000052/zuo-20240127.htm,Post-IPO,647,United States,2024-02-02T15:36:48.000Z,
PayPal,SF Bay Area,2500,2024-01-30,0.09,Finance,https://www.bloomberg.com/news/articles/2024-01-30/paypal-to-cut-around-2-500-jobs-as-rivals-snag-market-share,Post-IPO,216,United States,2024-01-30T19:28:43.000Z,No
Block,SF Bay Area,1000,2024-01-30,0.1,Finance,https://www.businessinsider.com/block-layoffs-jack-dorsey-tech-industry-cuts-2024-1,Post-IPO,150,United States,2024-01-30T19:09:30.000Z,No
Kiwi.com,"Brno, Non-U.S.",216,2024-01-30,0.18,Travel,https://cc.cz/vyhledavac-letenek-kiwi-com-hromadne-propousti-nejtezsi-rozhodnuti-v-zivote-rika-dlouhy/,Unknown,107,Czech Republic,2024-01-30T16:43:30.000Z,
Aurora Solar,SF Bay Area,111,2024-01-30,0.2,Energy,https://techcrunch.com/2024/01/30/aurora-solar-layoffs/,Series D,523,United States,2024-01-30T17:59:22.000Z,
Wattpad,"Toronto, Non-U.S.",20,2024-01-30,0.1,Media,https://techcrunch.com/2024/01/30/wattpad-a-storytelling-platform-conducts-another-layoff-round/,Acquired,117,Canada,2024-01-31T19:19:04.000Z,
TechCrunch,SF Bay Area,7,2024-01-30,,Media,https://www.adweek.com/media/techcrunch-shutters-subscription-layoffs/,Acquired,,United States,2024-01-31T03:46:59.000Z,
Noom,New York City,,2024-01-30,,Fitness,https://endpts.com/weight-loss-app-noom-lays-off-employees-including-coaches-and-engineers/,Series F,657,United States,2024-01-31T00:10:02.000Z,
Procore,Santa Barbara,,2024-01-30,0.04,Construction,Internal memo,Post-IPO,654,United States,2024-02-29T00:44:04.000Z,
Vipps,"Vilnius, Non-U.S.",,2024-01-30,,Finance,https://www.lrytas.lt/verslas/rinkos-pulsas/2024/01/30/news/vilniuje-uzdaro-mobiliu-mokejimu-kompanijos-padalini-atleidzia-100-darbuotoju-30322693#google_vignette,Unknown,,Lithuania,2024-02-01T17:13:22.000Z,
iRobot,Boston,350,2024-01-29,0.31,Consumer,https://www.cnbc.com/2024/01/29/amazon-terminates-irobot-deal-vacuum-maker-to-lay-off-31percent-of-staff.html,Post-IPO,30,United States,2024-01-29T16:47:29.000Z,
DispatchHealth,Denver,88,2024-01-29,,Healthcare,https://homehealthcarenews.com/2024/01/layoffs-hit-at-home-care-innovator-dispatchhealth/,Series E,733,United States,2024-01-30T05:10:20.000Z,
Loopio,"Toronto, Non-U.S.",,2024-01-29,0.06,Sales,https://www.linkedin.com/posts/zakirhemraj_today-we-made-the-difficult-decision-to-activity-7157834089197105154-sDoL/,Private Equity,263,Canada,2024-01-30T05:07:29.000Z,
Salesforce,SF Bay Area,700,2024-01-26,0.01,Sales,https://www.wsj.com/economy/jobs/salesforce-laying-off-700-workers-in-latest-tech-industry-downsizing-6a082fa3,Post-IPO,65,United States,2024-01-26T14:26:09.000Z,
Flexport,SF Bay Area,,2024-01-26,0.2,Logistics,https://www.theinformation.com/articles/flexport-to-lay-off-nearly-20-of-staff-in-latest-cuts,Series E,2400,United States,2024-01-26T19:48:39.000Z,
Productboard,SF Bay Area,,2024-01-26,,Product,https://www.businessinsider.com/kleiner-perkins-sequoia-and-bessemer-backed-productboard-fourth-round-layoffs-2024-1,Series D,,United States,2024-01-27T14:06:31.000Z,
Microsoft,Seattle,1900,2024-01-25,,Other,https://www.theverge.com/2024/1/25/24049050/microsoft-activision-blizzard-layoffs,Post-IPO,1,United States,2024-01-25T14:42:40.000Z,No
Swiggy,"Bengaluru, Non-U.S.",400,2024-01-25,0.07,Food,https://techcrunch.com/2024/01/25/swiggy-to-cut-another-400-jobs-ahead-of-ipo-later-this-year/,Unknown,3600,India,2024-01-25T14:45:14.000Z,
Veho,Boulder,65,2024-01-25,0.19,Logistics,https://techcrunch.com/2024/01/25/delivery-startup-veho-makes-corporate-job-cuts/,Series B,299,United States,2024-01-26T19:50:26.000Z,
Amperity,Seattle,20,2024-01-25,,Marketing,https://www.bizjournals.com/seattle/news/2024/01/25/amperity-layoffs-restructuring-seattle.html,Series D,187,United States,2024-01-27T14:08:57.000Z,
MVPindex,Austin,12,2024-01-25,0.3,Marketing,https://www.sportsbusinessjournal.com/Articles/2024/01/25/mvpindex-cuts,Series B,27,United States,2024-02-16T18:36:08.000Z,
Business Insider,New York City,,2024-01-25,0.08,Media,https://thehill.com/homenews/media/4428915-business-insider-lay-off-newsroom/,Acquired,56,United States,2024-01-26T14:47:07.000Z,
Cova,"Lagos, Non-U.S.",,2024-01-25,1,Finance,https://techpoint.africa/2024/01/25/techpoint-digest-756/,Unknown,,Nigeria,2024-01-26T14:43:27.000Z,
Jamf,Minneapolis,,2024-01-25,0.06,Other,https://www.streetinsider.com/dr/news.php?id=22671112,Post-IPO,332,United States,2024-01-25T14:40:34.000Z,
Cult.fit,"Bengaluru, Non-U.S.",100,2024-01-24,,Fitness,https://economictimes.indiatimes.com/tech/startups/zomato-backed-fitness-startup-cult-fit-lays-off-over-100-employees/articleshow/107089694.cms?from=mdr,Series F,635,India,2024-04-12T02:09:31.000Z,
Personio,"Munich, Non-U.S.",100,2024-01-24,,HR,Internal memo,Series E,724,Germany,2024-01-25T18:46:19.000Z,
Storytel,"Stockholm, Non-U.S.",80,2024-01-24,0.13,Media,https://investors.storytel.com/en/storytel-sharpens-focus-on-profitability-on-the-back-of-strong-q4-2023-earnings-and-upgrades-mid-term-financial-targets-announces-efficiency-initiative-and-write-downs/,Post-IPO,275,Sweden,2024-01-24T16:31:34.000Z,
Aurora,Pittsburgh,,2024-01-24,0.03,Transportation,https://techcrunch.com/2024/01/24/self-driving-vehicle-company-aurora-cuts-3-of-its-workforce/,Post-IPO,3700,United States,2024-01-25T14:31:12.000Z,
Desktop Metal,Boston,,2024-01-24,0.2,Other,https://ir.desktopmetal.com/news/press-releases/detail/175/desktop-metal-intensifies-cost-reduction-plan-and-ongoing,Post-IPO,811,United States,2024-01-25T19:05:12.000Z,
HubSpot,Boston,,2024-01-24,,Marketing,https://www.linkedin.com/posts/jcolman_hubspot-content-designers-open-to-work-activity-7156050968306991105-917M/,Post-IPO,100,United States,2024-01-25T14:35:26.000Z,
SAP,"Walldorf, Non-U.S.",8000,2024-01-23,0.07,Other,https://www.cnbc.com/2024/01/23/sap-plans-job-changes-or-buyouts-for-8000-employees-in-restructuring-plan.html,Post-IPO,1300,Germany,2024-01-24T16:25:15.000Z,Yes
eBay,SF Bay Area,1000,2024-01-23,0.09,Retail,https://www.cnbc.com/2024/01/23/ebay-to-slash-about-1000-roles-or-approximately-9percent-of-full-time-employees.html,Post-IPO,1200,United States,2024-01-24T00:28:19.000Z,No
Vroom,New York City,800,2024-01-23,0.9,Transportation,https://www.calcalistech.com/ctechnews/article/bktdjgakt,Post-IPO,1300,United States,2024-01-23T16:13:40.000Z,
Brex,SF Bay Area,282,2024-01-23,0.2,Finance,https://techcrunch.com/2024/01/23/brex-layoffs-fintech/,Series D,1500,United States,2024-01-23T18:26:06.000Z,
Cure.fit,"Bengaluru, Non-U.S.",120,2024-01-23,,Fitness,https://www.moneycontrol.com/europe/?url=https://www.moneycontrol.com/news/technology/zomato-backed-cult-fit-fires-150-employees-to-lower-cash-burn-12110751.html,Series F,625,India,2024-01-23T19:46:53.000Z,
GoStudent,"Vienna, Non-U.S.",100,2024-01-23,,Education,https://www.businessinsider.com/gostudent-softbank-backed-edtech-unicorn-carries-out-more-layoffs-2024-1,Series D,686,Austria,2024-01-24T19:30:43.000Z,
Jellysmack,"Paris, Non-U.S.",30,2024-01-23,,Media,https://www.businessinsider.com/creator-startup-jellysmack-lays-off-staffers-restructures-memo-2024-1,Series C,22,France,2024-10-23T04:02:05.000Z,
GoTo,Boston,29,2024-01-23,,Other,https://www.bizjournals.com/boston/news/2024/01/23/goto-cuts-29-roles-in-massachusetts.html,Acquired,2,United States,2024-01-26T14:16:37.000Z,
Seedr,"London, Non-U.S.",15,2024-01-23,,Finance,https://sifted.eu/articles/seedrs-lays-off-15-of-its-european-workforce-news,Acquired,28,United Kingdom,2024-01-23T23:37:26.000Z,
Riot Games,Los Angeles,530,2024-01-22,0.11,Consumer,https://www.bloomberg.com/news/articles/2024-01-22/tencent-s-riot-games-to-lay-off-530-people-about-11-of-staff,Acquired,21,United States,2024-01-22T23:43:34.000Z,
Xendit,"Jakarta, Non-U.S.",200,2024-01-22,,Finance,https://www.techinasia.com/indonesian-unicorn-slashes-200-jobs,Series D,534,Indonesia,2024-02-02T16:24:06.000Z,
TikTok,Los Angeles,60,2024-01-22,,Consumer,https://www.npr.org/2024/01/22/1226127366/tiktok-cuts-jobs-tech-layoffs-china,Acquired,,United States,2024-01-23T16:15:59.000Z,
2U,Washington D.C.,,2024-01-22,,Education,https://www.classcentral.com/report/2u-layoffs-2024/,Post-IPO,426,United States,2024-01-23T19:45:13.000Z,
Google,SF Bay Area,,2024-01-22,,Consumer,https://www.bloomberg.com/news/articles/2024-01-22/google-layoffs-saga-continues-as-alphabet-s-x-cuts-dozens-of-jobs-seeks-funds,Post-IPO,26,United States,2024-01-23T16:12:00.000Z,
Xendit,"Jakarta, Non-U.S.",,2024-01-22,,Finance,https://www.dealstreetasia.com/stories/xendit-announces-layoffs-379961,Series D,534,Indonesia,2024-01-25T14:46:04.000Z,
SolarEdge,"Tel Aviv, Non-U.S.",900,2024-01-21,0.16,Energy,https://www.calcalistech.com/ctechnews/article/rk4xlfcya,Post-IPO,155,Israel,2024-01-22T04:25:12.000Z,
Wayfair,Boston,1650,2024-01-19,0.13,Retail,https://www.cnbc.com/2024/01/19/wayfair-layoffs-home-goods-retailer-to-cut-1650-employees.html,Post-IPO,1700,United States,2024-01-19T17:28:51.000Z,No
Amazon,Seattle,30,2024-01-18,,Retail,https://www.cnbc.com/2024/01/18/-amazon-layoffs-hit-its-buy-with-prime-unit.html,Post-IPO,108,United States,2024-01-19T21:13:55.000Z,
Fashinza,New York City,,2024-01-18,,Retail,https://www.moneycontrol.com/news/technology/b2b-fashion-startup-fashinza-struggles-to-find-its-footing-bogged-down-by-top-level-exits-12070021.html,Unknown,153,United States,2024-01-23T19:48:00.000Z,
Stitch Fix,Dallas,,2024-01-18,,Retail,https://www.retaildive.com/news/stitch-fix-ends-full-time-work-stylists-layoffs/704886/,Post-IPO,79,United States,2024-01-25T14:38:37.000Z,
YouTube,SF Bay Area,100,2024-01-17,,Media,https://techcrunch.com/2024/01/17/youtube-to-eliminate-100-employees-as-layoffs-at-google-continue/,Acquired,11,United States,2024-01-17T20:46:03.000Z,
Sirplus,"Berlin, Non-U.S.",60,2024-01-17,,Food,https://tech.eu/2024/01/19/food-waste-startup-sirplus-files-for-insolvency-due-to/,Seed,,Germany,2024-01-18T01:17:40.000Z,
SonderMind,Denver,49,2024-01-16,0.17,Healthcare,https://endpts.com/mental-health-tech-unicorn-sondermind-lays-off-17-of-its-employees/,Series C,183,United States,2024-01-18T01:35:58.000Z,
First Mode,Seattle,48,2024-01-16,0.2,Transportation,https://www.geekwire.com/2024/first-mode-reduces-workforce-revises-hybrid-trucks/,Acquired,9,United States,2024-01-18T01:27:06.000Z,
ALI Technologies,"Tokyo, Non-U.S.",,2024-01-16,1,Transportation,https://www.bbc.com/news/technology-67946088,Unknown,,Japan,2024-01-20T02:01:19.000Z,
Google,SF Bay Area,,2024-01-16,,Consumer,https://www.businessinsider.com/google-is-laying-off-hundreds-of-employees-in-its-advertising-team-2024-1,Post-IPO,26,United States,2024-01-30T16:42:08.000Z,
Thursday,"London, Non-U.S.",,2024-01-16,0.7,Consumer,https://www.linkedin.com/feed/update/urn:li:activity:7152989702512414720/,Seed,3,United Kingdom,2024-01-16T21:29:20.000Z,
Veeam,Columbus,300,2024-01-12,,Data,https://blocksandfiles.com/2024/01/12/veeam-layoffs/,Acquired,500,United States,2024-01-13T16:03:40.000Z,
GrabCAD,"Tallinn, Non-U.S.",13,2024-01-12,,Other,https://digipro.geenius.ee/rubriik/uudis/eesti-juurtega-grabcad-paneb-tallinnas-pillid-kotti-siinsed-palgad-kasvavad-liiga-kiiresti/,Acquired,28,Estonia,2024-01-12T15:42:30.000Z,
Artifact,SF Bay Area,,2024-01-12,1,Media,https://techcrunch.com/2024/01/12/instagram-co-founders-news-aggregation-startup-artifact-to-shut-down/,Unknown,,United States,2024-01-13T23:27:29.000Z,
Dastgyr,"Karachi, Non-U.S.",,2024-01-12,0.8,Retail,https://wetalkstartups.com/2024/01/dastgyr-has-reportedly-laid-off-80-workforce/,Series A,41,Pakistan,2024-01-18T01:33:31.000Z,
Hologram,Chicago,,2024-01-12,,Infrastructure,https://www.linkedin.com/feed/update/urn:li:activity:7153148984423841792/,Unknown,82,United States,2024-01-18T01:16:22.000Z,
Vendr,Boston,,2024-01-12,,Other,https://www.vendr.com/blog/vendr-organizational-update,Series B,216,United States,2024-01-13T16:10:09.000Z,
New Work SE,"Hamburg, Non-U.S.",400,2024-01-11,,Consumer,https://www.new-work.se/de/newsroom/pressemitteilungen/2024-ad-hoc-2024-11-01,Post-IPO,,Germany,2024-01-12T04:34:53.000Z,
Playtika,"Tel Aviv, Non-U.S.",300,2024-01-11,0.1,Consumer,https://www.calcalistech.com/ctechnews/article/skb6elt006,Post-IPO,,Israel,2024-01-12T04:36:57.000Z,
Discord,SF Bay Area,170,2024-01-11,0.17,Consumer,https://www.theverge.com/2024/1/11/24034705/discord-layoffs-17-percent-employees,Series H,995,United States,2024-01-11T19:12:13.000Z,
Inmobi,"Bengaluru, Non-U.S.",125,2024-01-11,0.05,Marketing,https://economictimes.indiatimes.com/tech/technology/inmobi-to-lay-off-125-employees-in-operations-rejig/articleshow/106706950.cms,Unknown,320,India,2024-01-12T04:40:15.000Z,
Audible,New York City,100,2024-01-11,0.05,Media,https://variety.com/2024/digital/news/audible-layoffs-amazon-1235869320/,Acquired,14,United States,2024-01-12T04:30:23.000Z,
7Shifts,"Saskatoon, Non-U.S.",68,2024-01-11,0.19,Food,https://betakit.com/7shifts-cuts-19-percent-of-staff-in-new-layoffs-to-start-2024/,Series C,131,Canada,2024-01-18T01:28:17.000Z,
Sisense,New York City,60,2024-01-11,0.13,Data,https://www.calcalistech.com/ctechnews/article/ryujxxtoa,Series F,274,United States,2024-01-12T04:37:58.000Z,
Cloudflare,SF Bay Area,40,2024-01-11,,Security,https://twitter.com/eastdakota/status/1745697840180191501,Post-IPO,332,United States,2024-02-02T16:27:15.000Z,
888,"Tel Aviv, Non-U.S.",,2024-01-11,,Consumer,https://www.calcalistech.com/ctechnews/article/skbqy9a00p,Post-IPO,,Israel,2024-01-13T16:04:44.000Z,
Certinia,SF Bay Area,,2024-01-11,,Other,https://www.kron4.com/news/bay-area/bay-area-based-software-company-conducts-layoffs/,Unknown,194,United States,2024-01-13T16:07:53.000Z,
Chief,New York City,,2024-01-11,,HR,https://updates.chief.com/2024/01/11/an-organization-update-to-our-team/,Series B,140,United States,2024-01-16T18:26:29.000Z,
Dextrous Robotics,Memphis,,2024-01-11,1,Logistics,https://www.therobotreport.com/dextrous-robotics-shuts-down/,Unknown,,United States,2024-01-12T15:39:34.000Z,
Citrix,Miami,1000,2024-01-10,0.12,Infrastructure,https://www.crn.com/news/cloud/2024/citrix-parent-cloud-software-group-cuts-12-percent-of-workforce,Acquired,20,United States,2024-01-11T00:52:14.000Z,No
Google,SF Bay Area,1000,2024-01-10,,Consumer,https://www.theverge.com/2024/1/11/24034124/google-layoffs-engineering-assistant-hardware,Post-IPO,26,United States,2024-01-11T14:42:18.000Z,No
IAC,New York City,330,2024-01-10,,Consumer,https://www.bloomberg.com/news/articles/2024-01-10/iac-divests-mosaic-apps-to-bending-spoons-in-deal-valued-at-100-million-plus?embedded-checkout=true,Post-IPO,,United States,2024-01-13T16:02:16.000Z,
FreshDirect,New York City,100,2024-01-10,0.03,Food,https://www.grocerydive.com/news/freshdirect-restructures-corporate-division-cuts-jobs/704251/,Acquired,280,United States,2024-01-30T05:04:08.000Z,
Beam Benefits,Columbus,74,2024-01-10,,Healthcare,https://coverager.com/layoffs-at-beam-benefits/,Series E,168,United States,2024-01-10T21:52:01.000Z,
Instagram,SF Bay Area,60,2024-01-10,,Consumer,https://www.businessinsider.com/instagram-cuts-technical-program-managers-reinterview-for-pm-roles-2024-1,Acquired,57,United States,2024-01-12T01:56:23.000Z,
Amazon,Seattle,,2024-01-10,,Retail,https://www.reuters.com/technology/amazon-lay-off-employees-prime-video-studios-divisions-information-2024-01-10/,Post-IPO,108,United States,2024-01-10T16:59:58.000Z,
ChargePoint,SF Bay Area,,2024-01-10,0.12,Manufacturing,https://www.businesswire.com/news/home/20240110537239/en/ChargePoint-Announces-Reorganization-to-Position-Itself-for-Long-Term-Sustainable-Growth,Unknown,1400,United States,2024-01-12T04:35:52.000Z,
SoFi,SF Bay Area,,2024-01-10,0.04,Finance,https://twitter.com/SoFiIR/status/1745100766681960696,Post-IPO,3000,United States,2024-01-12T04:26:21.000Z,
Twitch,SF Bay Area,500,2024-01-09,0.35,Consumer,https://www.bloomberg.com/news/articles/2024-01-09/amazon-s-twitch-to-cut-500-employees-about-35-of-staff,Acquired,35,United States,2024-01-09T23:31:25.000Z,
Branch,Columbus,85,2024-01-09,,Finance,https://coverager.com/insurtech-branch-conducts-another-round-of-layoffs/,Series C,229,United States,2024-01-10T21:48:11.000Z,
Nevro,SF Bay Area,63,2024-01-09,0.05,Healthcare,https://www.marketwatch.com/story/nevro-laying-off-63-employees-revenue-to-beat-analyst-estimates-107a85d7,Post-IPO,556,United States,2024-01-10T21:44:24.000Z,
FullStory,Atlanta,50,2024-01-09,0.1,Marketing,https://docs.google.com/spreadsheets/d/e/2PACX-1vQImogyZzjfY7JuSDHLwScTdPsG2S_y6S6qKnfbroU-tglTZUO81W7R4B5U_-qghCLeZ9v3LpaaTxbU/pubhtml,Unknown,197,United States,2024-01-24T16:36:20.000Z,
Uber Freight,SF Bay Area,40,2024-01-09,,Logistics,https://www.freightwaves.com/news/digital-brokerage-uber-freight-slashes-jobs,Subsidiary,2700,United States,2024-01-11T19:13:52.000Z,
Rent the Runway,New York City,37,2024-01-09,0.1,Retail,https://www.wsj.com/business/retail/rent-the-runway-to-cut-about-10-of-corporate-jobs-lose-operating-chief-f7bc74b3,Post-IPO,526,United States,2024-01-09T16:56:52.000Z,
Treasure Financial,SF Bay Area,14,2024-01-09,0.6,Finance,https://techcrunch.com/2024/01/09/treasure-financial-lays-off-staff-just-months-after-reporting-explosive-growth/,Series A,14,United States,2024-01-30T04:57:00.000Z,
Humane,SF Bay Area,10,2024-01-09,0.04,Hardware,https://www.theverge.com/2024/1/9/24032274/humane-layoffs-ai-pin,Series C,230,United States,2024-01-10T21:53:30.000Z,
EVBox,"Amsterdam, Non-U.S.",,2024-01-09,,Energy,https://news.evbox.com/en-WW/233459-evbox-commences-efficiency-enhancement-program-to-streamline-organization,Post-IPO,,Netherlands,2024-01-23T19:44:10.000Z,
Morning Consult,Washington D.C.,,2024-01-09,,Data,https://www.bizjournals.com/washington/news/2024/01/09/morning-consult-layoffs-market-research.html,Series B,91,United States,2024-01-16T21:28:30.000Z,
Trend Micro,"Tokyo, Non-U.S.",,2024-01-09,0.02,Security,https://www.cnbc.com/2024/01/09/trend-micro-lays-off-2percent-of-its-global-workforce.html,Unknown,,Japan,2024-01-10T21:45:30.000Z,
Unity,SF Bay Area,1800,2024-01-08,0.25,Other,https://www.reuters.com/technology/unity-software-cutting-25-staff-company-reset-continuation-2024-01-08/,Post-IPO,1300,United States,2024-01-08T23:23:07.000Z,No
Flipkart,"Bengaluru, Non-U.S.",1100,2024-01-08,0.05,Retail,https://www.republicworld.com/business/industry/flipkart-reportedly-to-lay-off-over-1000-employees/,Acquired,12900,India,2024-01-13T16:13:29.000Z,No
NuScale Power,Corvallis,154,2024-01-08,0.28,Energy,https://www.oregonlive.com/business/2024/01/oregon-nuclear-power-company-nuscale-acknowledges-layoffs-says-154-workers-lost-their-jobs.html,Post-IPO,470,United States,2024-01-07T04:53:10.000Z,
Flexe,Seattle,99,2024-01-08,0.38,Logistics,https://www.geekwire.com/2024/warehousing-and-logistics-startup-flexe-cuts-38-of-workforce-in-latest-layoffs/,Series D,263,United States,2024-01-08T23:25:38.000Z,
Pitch,"Berlin, Non-U.S.",80,2024-01-08,0.67,Other,https://techcrunch.com/2024/01/08/pitch-christian-reber-venture-funding/,Series B,138,Germany,2024-01-08T17:29:50.000Z,
BenchSci,"Toronto, Non-U.S.",70,2024-01-08,0.17,Healthcare,https://betakit.com/benchsci-trims-headcount-citing-generative-ai-economic-conditions/,Series D,164,Canada,2024-01-08T23:26:19.000Z,
Here,Miami,,2024-01-08,1,Real Estate,https://techcrunch.com/2024/01/08/another-proptech-startup-crashes-and-burns-citing-current-interest-rate-environment/,Seed,5,United States,2024-01-09T16:52:59.000Z,
Ledger Investing,New York City,,2024-01-08,0.25,Finance,https://www.theinsurer.com/news/ils-insurtech-ledger-investing-undertakes-40-reduction-in-force/,Series B,91,United States,2024-01-15T03:17:21.000Z,
Lendio,Lehi,,2024-01-08,,Finance,https://www.linkedin.com/posts/paul-o-donnell-89ba19a1_today-we-shared-the-unfortunate-news-of-a-activity-7150269305555664897-OCID/,Series E,108,United States,2024-01-15T03:15:46.000Z,
MeridianLink,Los Angeles,,2024-01-08,0.09,Finance,https://d18rn0p25nwr6d.cloudfront.net/CIK-0001834494/6c1d7f9a-f5ef-4c32-bb54-d5915b81d77e.pdf,Post-IPO,485,United States,2024-01-13T16:16:40.000Z,
LiveVox,SF Bay Area,,2024-01-07,,Support,https://www.channelfutures.com/unified-communications/livevox-layoffs-hit-channel-and-sales-team,Acquired,12,United States,2024-01-20T02:00:33.000Z,
NanoString Technologies,Seattle,50,2024-01-06,0.09,Healthcare,https://www.geekwire.com/2024/nanostring-technologies-to-cut-9-of-workforce-gets-delisting-warning-from-nasdaq/,Post-IPO,826,United States,2024-01-09T23:43:16.000Z,
Cue Health,San Diego,94,2024-01-05,0.13,Healthcare,https://www.360dx.com/business-news/cue-health-lays-94-people-fda-declines-grant-covidflu-test-eua,Post-IPO,899,United States,2024-01-07T04:52:09.000Z,
Lever,SF Bay Area,,2024-01-05,,Recruiting,https://sfstandard.com/2024/01/05/lever-san-francisco-tech-layoffs/,Acquired,123,United States,2024-01-07T04:48:40.000Z,
Trigo,"Tel Aviv, Non-U.S.",30,2024-01-04,0.15,Retail,https://www.calcalistech.com/ctechnews/article/b1pfj7nu6,Series C,199,Israel,2024-01-05T00:29:13.000Z,
InVision,New York City,,2024-01-04,1,Product,https://www.theinformation.com/briefings/design-startup-invision-once-valued-at-2b-is-shutting-down,Series F,356,United States,2024-01-05T00:28:50.000Z,
VideoAmp,Los Angeles,,2024-01-04,0.2,Marketing,https://adage.com/article/measurement/videoamp-ceo-ross-mccray-steps-down-company-lays-20-staff/2535441,Series F,456,United States,2024-01-05T01:18:58.000Z,
Xerox,Norwalk,3000,2024-01-03,0.15,Hardware,https://www.cnbc.com/2024/01/03/xerox-layoffs-company-to-cut-15percent-of-workforce.html,Post-IPO,27200,United States,2024-02-29T23:49:48.000Z,No
Lazada Group ,"Singapore, Non-U.S.",100,2024-01-03,0.3,Retail,https://www.channelnewsasia.com/singapore/lazada-layoffs-retrenchment-job-cuts-employees-4024746,Acquired,7200,Singapore,2024-01-05T01:21:19.000Z,
Orca Security,"Tel Aviv, Non-U.S.",60,2024-01-03,0.15,Security,https://www.calcalistech.com/ctechnews/article/skm23oz00t,Series C,632,Israel,2024-01-03T23:04:50.000Z,
Frontdesk,Milwaukee,200,2024-01-02,1,Travel,https://techcrunch.com/2024/01/02/short-term-rental-provider-frontdesk-lays-off-entire-staff-on-the-verge-of-shutting-down/,Unknown,26,United States,2024-01-03T02:38:00.000Z,
The Messenger,New York City,24,2024-01-02,,Media,https://www.nytimes.com/2024/01/02/business/media/the-messenger-news-layoffs.html,Unknown,,United States,2024-01-03T02:39:14.000Z,
Ocado,"London, Non-U.S.",1000,2023-12-31,,Food,https://www.thetimes.com/business-money/entrepreneurs/article/ocado-reduced-staff-numbers-amid-difficult-times-for-online-grocers-xrxknd58s,Post-IPO,2000,United Kingdom,2024-07-26T16:07:09.000Z,
Bolt.Earth,"Bengaluru, Non-U.S.",,2023-12-29,0.2,Energy,https://inc42.com/buzz/exclusive-ev-charging-infra-provider-bolt-earth-fires-about-20-of-its-workforce/,Series B,24,India,2024-01-02T03:53:48.000Z,
Strake,Boulder,,2023-12-28,1,Infrastructure,https://www.linkedin.com/posts/aryounce_it-saddens-me-to-announce-that-the-company-activity-7146247081442041856-lvdx/,Unknown,,United States,2024-01-02T03:49:58.000Z,
Paytm,"Noida, Non-U.S.",1000,2023-12-25,,Finance,https://timesofindia.indiatimes.com/business/india-business/paytm-announces-layoffs-aims-to-streamline-operations-and-reduce-costs/articleshow/106260763.cms?from=mdr,Unknown,,India,2023-12-26T00:12:53.000Z,
Intel,Sacramento,311,2023-12-21,,Hardware,https://www.theregister.com/2023/12/21/intel_gifts_311_cali_workers/,Post-IPO,12,United States,2023-12-19T17:16:36.000Z,
Hyperloop One,Los Angeles,,2023-12-21,1,Transportation,https://www.bloomberg.com/news/articles/2023-12-21/hyperloop-one-to-shut-down-after-raising-millions-to-reinvent-transit?embedded-checkout=true,Unknown,368,United States,2023-12-22T00:50:48.000Z,
Palmetto Clean Technology,Charleston,,2023-12-21,,Energy,https://www.bizjournals.com/charlotte/inno/stories/news/2023/12/21/clean-tech-unicorn-startup-palmetto-layoff-rounds.html,Private Equity,628,United States,2023-12-22T00:49:40.000Z,
ShareChat,"Bengaluru, Non-U.S.",200,2023-12-20,0.15,Consumer,https://entrackr.com/2023/12/sharechat-lays-off-15-of-its-workforce/,Series H,1700,India,2023-12-20T21:30:23.000Z,
InSightec,"Haifa, Non-U.S.",100,2023-12-19,0.2,Healthcare,https://www.calcalistech.com/ctechnews/article/bkmqvekv6,Unknown,733,Israel,2023-12-20T21:39:04.000Z,
Kaspien,Seattle,,2023-12-19,1,Retail,https://www.geekwire.com/2023/kaspien-a-e-commerce-company-previously-known-as-etailz-is-shutting-down/,Post-IPO,52,United States,2023-12-22T00:48:13.000Z,
Enphase Energy,SF Bay Area,350,2023-12-18,0.1,Energy,https://enphase.com/blog/employees/dec-2023-message-from-our-ceo,Post-IPO,116,United States,2023-12-19T17:24:27.000Z,
Udaan,"Bengaluru, Non-U.S.",100,2023-12-18,0.1,Retail,https://startupstorymedia.com/insights-udaan-despite-340-million-funding-implements-layoffs-cuts-10-of-workforce/,Unknown,1500,India,2023-12-19T17:14:47.000Z,
Checkout.com,"London, Non-U.S.",80,2023-12-18,,Finance,https://enphase.com/blog/employees/dec-2023-message-from-our-ceo,Series D,1800,United Kingdom,2023-12-19T17:20:51.000Z,
Arm Holdings,"Shanghai, Non-U.S.",70,2023-12-18,,Hardware,https://www.bloomberg.com/news/articles/2023-12-18/arm-lays-off-over-70-engineers-in-china-relocating-roles,Post-IPO,,China,2023-12-19T17:18:35.000Z,
Delivery Hero,"Berlin, Non-U.S.",,2023-12-18,,Food,https://www.bloomberg.com/news/articles/2023-12-18/delivery-hero-closes-hubs-in-taiwan-turkey-in-push-to-cut-costs,Post-IPO,9900,Germany,2023-12-18T18:41:12.000Z,
eBay,"Tel Aviv, Non-U.S.",20,2023-12-17,,Retail,https://www.calcalistech.com/ctechnews/article/h1d3zchia,Post-IPO,1200,Israel,2023-12-18T18:44:27.000Z,
Glowforge,Seattle,30,2023-12-15,,Manufacturing,https://www.geekwire.com/2023/glowforge-lays-off-30-employees-as-maker-of-3d-laser-engravers-gets-ready-for-whats-next/,Series E,133,United States,2024-02-28T18:45:36.000Z,
Jellysmack,"Paris, Non-U.S.",,2023-12-15,,Media,https://www.businessinsider.com/creator-startup-jellysmack-lays-off-staffers-restructures-memo-2024-1,Series C,22,France,2024-01-20T01:55:01.000Z,
Superpedestrian,Boston,,2023-12-15,,Transportation,https://techcrunch.com/2023/12/15/scooter-startup-superpedestrian-shutting-down-us-operations-explores-sale-of-europe-business/,Series C,262,United States,2023-12-18T18:36:51.000Z,
Cruise,SF Bay Area,900,2023-12-14,0.24,Transportation,https://techcrunch.com/2023/12/14/cruise-slashes-24-of-self-driving-car-workforce-in-sweeping-layoffs/,Acquired,15000,United States,2023-12-14T16:08:46.000Z,
Solarisbank,"Berlin, Non-U.S.",20,2023-12-14,,Finance,https://finanz-szene.de/fintech/solarisbank-entlaesst-mehr-als-20-beschaeftigte-auch-drei-manager-gehen/,Unknown,385,Germany,2023-12-19T17:15:53.000Z,
Bolt,SF Bay Area,,2023-12-14,0.29,Finance,https://www.theinformation.com/briefings/bolt-lays-off-29-of-staff-in-latest-cut-for-checkout-software-firm,Series E,1300,United States,2023-12-14T21:39:58.000Z,
Curalie,"Berlin, Non-U.S.",,2023-12-14,1,Healthcare,https://www.msn.com/de-de/finanzen/top-stories/fresenius-aktie-gibt-nach-fresenius-stampft-digitaltochter-curlie-ein/ar-AA1lxOnW,Unknown,,Germany,2024-01-02T03:47:04.000Z,
Curbio,Washington D.C.,,2023-12-14,,Real Estate,https://www.linkedin.com/posts/rick-rudman-18019731_proptech-recruiting-talentacquisition-activity-7141099800715747329-1Ffy/,Series B,76,United States,2023-12-15T01:38:22.000Z,
Flyhomes,Seattle,,2023-12-14,,Real Estate,https://www.geekwire.com/2023/seattle-real-estate-startup-flyhomes-conducts-more-layoffs-amid-worsening-industry-headwinds/,Series C,310,United States,2023-12-18T18:38:03.000Z,
Stellar Pizza,Los Angeles,,2023-12-14,0.5,Food,https://www.bloomberg.com/news/articles/2023-12-14/layoffs-bankruptcies-and-reorgs-haunted-silicon-valley-startups-this-year,Series A,25,United States,2023-12-14T17:25:29.000Z,
Invitae,SF Bay Area,235,2023-12-13,0.15,Healthcare,https://sfstandard.com/2023/12/19/tech-layoffs-san-francisco-invitae/,Post-IPO,2500,United States,2023-12-15T01:39:59.000Z,
Etsy,New York City,225,2023-12-13,0.11,Retail,https://www.cnbc.com/2023/12/13/etsy-laying-off-11percent-of-staff-citing-competitive-environment.html,Post-IPO,97,United States,2023-12-13T17:36:58.000Z,
Analog Devices,SF Bay Area,111,2023-12-13,,Manufacturing,https://www.bizjournals.com/sanjose/news/2023/12/13/layoffs-come-to-analog-devices-as-111.html,Post-IPO,,United States,2023-12-22T00:55:06.000Z,
ForgeRock,SF Bay Area,109,2023-12-13,,Other,https://www.sfchronicle.com/bayarea/article/bay-area-tech-layoffs-pac-12-forgerock-analog-18552853.php,Acquired,234,United States,2023-12-22T00:53:11.000Z,
Flex,SF Bay Area,31,2023-12-13,,Manufacturing,https://www.siliconvalley.com/2023/12/13/tech-job-cut-layoff-san-jose-economy-sports-google-facebook-nextdoor/,Unknown,,United States,2023-12-22T00:56:53.000Z,
FourKites,Chicago,,2023-12-13,0.15,Logistics,https://www.freightwaves.com/news/fourkites-confirms-15-cut-in-global-workforce-dismisses-key-exec,Unknown,241,United States,2024-01-08T23:29:07.000Z,
Sojern,SF Bay Area,,2023-12-13,0.2,Marketing,https://skift.com/2023/12/13/sojern-lays-off-20-of-staff-to-reduce-expenses/,Unknown,172,United States,2023-12-13T23:10:03.000Z,
TomTom,"Lodz, Non-U.S.",45,2023-12-12,,Transportation,https://businessinsider.com.pl/wiadomosci/tomtom-oglosil-zwolnienia-grupowe-wszystko-przez-sztuczna-inteligencje/czlqpyz,Post-IPO,,Poland,2023-12-19T17:22:11.000Z,
Chipper Cash,SF Bay Area,15,2023-12-11,0.33,Finance,https://techcabal.com/2023/12/11/chipper-cash-cuts-15-jobs/,Series C,302,United States,2023-12-11T18:37:34.000Z,
Jungle Scout,Austin,,2023-12-09,,Retail,https://www.linkedin.com/feed/update/urn:li:activity:7138998837737648130/,Private Equity,110,United States,2023-12-12T15:12:30.000Z,
SmileDirectClub,Nashville,,2023-12-09,1,Healthcare,https://www.cnn.com/2023/12/09/business/smiledirectclub-shutdown-bankruptcy/index.html,Post-IPO,694,United States,2023-12-10T03:32:34.000Z,
Sunfolding,SF Bay Area,,2023-12-09,1,Energy,https://www.openthenews.com/sunfolding-an-inventive-solar-tracker-startup-has-shut-down/,Series B,32,United States,2023-12-10T20:07:58.000Z,
Zulily,Seattle,839,2023-12-08,1,Retail,https://www.geekwire.com/2023/zulilys-closure-of-ohio-fulfillment-center-will-impact-274-workers/,Acquired,194,United States,2023-12-08T18:06:12.000Z,
D2iQ,SF Bay Area,,2023-12-08,1,Infrastructure,https://www.theinformation.com/articles/a16z-backed-startup-that-once-rejected-150m-sale-to-microsoft-shuts-down?shared=e532b505170fc244,Series D,247,United States,2023-12-10T03:31:43.000Z,
Simplilearn,"Bengaluru, Non-U.S.",200,2023-12-07,,Education,https://startupstorymedia.com/insights-simplilearn-backed-by-blackstone-terminates-200-employees-citing-performance-issues/,Acquired,76,India,2023-12-08T19:19:51.000Z,
Rivian,Detroit,20,2023-12-07,,Transportation,https://www.theinformation.com/articles/exclusive-from-the-electric-rivian-becomes-the-latest-to-lay-off-battery-workers,Post-IPO,10700,United States,2023-12-22T01:02:29.000Z,
Atmosphere,Austin,,2023-12-07,,Other,https://www.bizjournals.com/austin/inno/stories/inno-insights/2023/12/07/austin-viral-tv-unicorn-layoffs-off-employees.html,Series D,214,United States,2023-12-07T19:28:39.000Z,
Navan,SF Bay Area,145,2023-12-06,,Travel,https://skift.com/2023/12/06/navan-lays-off-145-people-to-reach-profitability/,Unknown,2200,United States,2024-01-03T23:01:37.000Z,
Tidal,New York City,40,2023-12-06,0.1,Consumer,https://www.bloomberg.com/news/articles/2023-12-06/dorsey-s-ax-hits-tidal-music-service-over-10-of-staff-let-go,Acquired,,United States,2023-12-07T19:22:55.000Z,
FNZ,"London, Non-U.S.",240,2023-12-05,,Finance,https://citywire.com/new-model-adviser/news/exclusive-fnz-makes-100-uk-job-cuts-in-another-redundancy-round/a2431949,Private Equity,3500,United Kingdom,2026-06-16T20:43:28.000Z,
ZestMoney,"Bengaluru, Non-U.S.",150,2023-12-05,1,Finance,https://techcrunch.com/2023/12/05/goldman-sachs-backed-zestmoney-once-valued-at-450m-to-shut-down/,Series C,120,India,2023-12-06T00:10:02.000Z,
Navan,SF Bay Area,145,2023-12-05,0.05,Finance,https://www.theinformation.com/briefings/ipo-candidate-navan-lays-off-145-in-profitability-push,Unknown,2200,United States,2023-12-06T00:11:01.000Z,
Incredibuild,"Tel Aviv, Non-U.S.",40,2023-12-05,0.2,Product,https://www.calcalistech.com/ctechnews/article/b14g5i3rt,Series B,35,Israel,2023-12-07T19:19:27.000Z,
Bill.com,SF Bay Area,,2023-12-05,0.15,Finance,https://www.investing.com/news/stock-market-news/bill-gains-on-plans-to-cut-workforce-by-15-432SI-3249756,Post-IPO,280,United States,2023-12-05T17:23:24.000Z,
Contentful,"Berlin, Non-U.S.",,2023-12-05,,Marketing,https://www.businessinsider.de/gruenderszene/technologie/software-unicorn-contentful-entlaesst-50-mitarbeitende/,Series F,350,Germany,2023-12-07T19:16:59.000Z,
Course Hero,SF Bay Area,,2023-12-05,0.25,Education,https://www.linkedin.com/posts/coursehero_course-hero-alumni-talent-activity-7137848787347132416-q9KI/,Series C,477,United States,2023-12-08T17:50:24.000Z,
Pivo,"Abuja, Non-U.S.",,2023-12-05,1,Finance,https://techpoint.africa/2023/12/05/pivo-has-shut-down/,Seed,3,Nigeria,2023-12-07T19:18:20.000Z,
Yahoo,SF Bay Area,,2023-12-05,,Consumer,https://www.thedailybeast.com/yahoo-news-lays-off-staffers-shuts-down-gen-z-focused-site,Acquired,6,United States,2024-01-30T05:06:16.000Z,
Spotify,"Stockholm, Non-U.S.",1500,2023-12-04,0.17,Media,https://www.cnbc.com/2023/12/04/spotify-to-lay-off-17percent-of-employees-ceo-daniel-ek-says.html,Post-IPO,2100,Sweden,2023-12-04T15:55:19.000Z,
TuSimple,San Diego,150,2023-12-04,,Transportation,https://www.morningstar.com/news/marketwatch/20231204801/autonomous-truck-company-tusimple-to-wind-down-us-operations-slash-jobs,Post-IPO,648,United States,2023-12-05T15:48:18.000Z,
Meow Wolf,Santa Fe,8,2023-12-04,,Media,https://finance.yahoo.com/news/meow-wolf-lays-off-eight-003400761.html,Unknown,185,United States,2023-12-07T19:20:57.000Z,
DwellWell,Los Angeles,,2023-12-04,1,Real Estate,https://www.linkedin.com/feed/update/urn:li:activity:7137484656584622080/,Seed,6,United States,2023-12-05T00:23:59.000Z,
Twilio,SF Bay Area,,2023-12-04,0.05,Other,https://www.bloomberg.com/news/articles/2023-12-04/twilio-to-cut-another-5-of-workforce-in-third-round-of-layoffs,Post-IPO,614,United States,2023-12-04T17:06:48.000Z,
Filmic,Seattle,,2023-12-01,1,Other,https://petapixel.com/2023/12/01/filmics-entire-staff-laid-off-by-parent-company-bending-spoons/,Acquired,,United States,2023-12-03T00:23:45.000Z,
Loco,"Mumbai, Non-U.S.",40,2023-11-30,0.36,Consumer,https://inc42.com/buzz/krafton-backed-loco-joins-layoff-spree-trims-36-headcount/,Acquired,52,India,2023-12-02T01:15:58.000Z,
Zepz,"London, Non-U.S.",30,2023-11-30,0.02,Finance,https://www.cnbc.com/2023/11/30/zepz-a-5-billion-fintech-unicorn-is-laying-off-more-staff.html,Series E,700,United Kingdom,2023-12-02T01:17:42.000Z,
Domo,Salt Lake City,,2023-11-30,0.07,Data,https://finance.yahoo.com/news/q3-2024-domo-inc-earnings-134921438.html,Post-IPO,689,United States,2023-12-02T01:20:48.000Z,
Mojo,New York City,,2023-11-30,,Consumer,https://www.businessinsider.com/sports-betting-app-mojo-cuts-staff-amid-strategic-shift-2023-11,Unknown,100,United States,2023-12-03T00:25:20.000Z,
Pipedrive,"Tallinn, Non-U.S.",,2023-11-30,,Sales,https://digipro.geenius.ee/rubriik/uudis/pipedrive-koondab-tootajaid-seoses-strateegiliste-muudatustega/,Private Equity,90,Estonia,2023-12-02T01:19:21.000Z,
Vox Media,Washington D.C.,,2023-11-30,0.04,Media,https://www.theinformation.com/briefings/vox-media-cuts-4-of-workforce,Series F,307,United States,2023-11-30T21:54:11.000Z,
Unity,SF Bay Area,265,2023-11-28,0.04,Other,https://www.reuters.com/technology/unity-software-cut-38-staff-company-reset-2023-11-28/,Post-IPO,1300,United States,2023-11-29T15:51:58.000Z,
Dataminr,New York City,150,2023-11-28,0.2,AI,https://techcrunch.com/2023/11/28/dataminr-the-4b-big-data-startup-is-laying-off-20-of-staff-today-or-150-people-as-it-preps-to-double-down-on-ai/,Series F,1100,United States,2023-11-28T18:25:23.000Z,
Multiverse,"London, Non-U.S.",,2023-11-28,0.05,Education,https://sifted.eu/articles/multiverse-layoffs,Series D,414,United Kingdom,2023-11-29T15:50:36.000Z,
Tier Mobility,"Berlin, Non-U.S.",,2023-11-28,0.22,Transportation,https://techcrunch.com/2023/11/28/scooter-startup-tier-lays-off-22-of-workforce-to-reach-profitability/,Series D,646,Germany,2023-11-29T15:49:29.000Z,
VMware,SF Bay Area,2837,2023-11-27,,Infrastructure,https://arstechnica.com/information-technology/2023/12/broadcom-cuts-at-least-2800-vmware-jobs-following-69-billion-acquisition/,Acquired,393,United States,2023-11-29T15:54:04.000Z,
Bytedance,"Shanghai, Non-U.S.",1000,2023-11-27,,Consumer,https://asia.nikkei.com/Business/China-tech/TikTok-parent-ByteDance-to-cut-1-000-gaming-jobs-in-strategic-shift,Unknown,9400,China,2023-11-27T16:56:12.000Z,
Our Next Energy,Detroit,128,2023-11-27,0.25,Transportation,https://www.reuters.com/business/autos-transportation/ev-battery-startup-one-cuts-workforce-by-25-2023-11-27/,Series B,390,United States,2023-11-28T02:05:47.000Z,
Veev,SF Bay Area,,2023-11-26,1,Construction,https://www.theinformation.com/briefings/khosla-backed-construction-tech-startup-veev-to-shut-down,Series D,597,United States,2023-11-27T05:18:23.000Z,
Anar,"Mumbai, Non-U.S.",,2023-11-25,1,Marketing,https://inc42.com/buzz/as-elevation-backed-anar-shuts-shop-here-are-key-learnings-from-b2b-networking-startups-cofounder-ceo/,Seed,6,India,2023-11-27T05:19:23.000Z,
Alerzo,"Ibadan, Non-U.S.",100,2023-11-21,,Retail,https://techpoint.africa/2023/11/21/alerzo-has-laid-off-100-employees-due-to-warehouse-automation/,Series B,16,Nigeria,2023-11-22T16:12:38.000Z,
McMakler,"Berlin, Non-U.S.",60,2023-11-21,,Real Estate,https://www.businessinsider.de/gruenderszene/business/naechste-entlassungswelle-bei-mcmakler-58-personen-verlieren-ihren-job/,Unknown,214,Germany,2023-11-21T15:52:34.000Z,
Tulip Retail,"Toronto, Non-U.S.",25,2023-11-21,,Retail,https://www.linkedin.com/posts/aliasaria_yesterday-was-a-difficult-day-at-tulip-we-activity-7133191110356566016-8eiX/,Series C,79,Canada,2023-11-23T03:00:21.000Z,
Jodo,"Bengaluru, Non-U.S.",100,2023-11-20,,Finance,https://inc42.com/buzz/exclusive-tiger-global-backed-jodo-sacks-100-employees-as-business-outlook-falters/,Series A,19,India,2023-11-20T20:37:16.000Z,
C3.ai,SF Bay Area,,2023-11-20,,AI,https://www.nasdaq.com/articles/c3.ai-cuts-jobs-to-reduce-costs-bloomberg-news,Series F,228,United States,2023-11-21T15:53:51.000Z,
Presto,SF Bay Area,,2023-11-20,0.17,Food,https://investor.presto.com/news-releases/news-release-details/presto-automation-announces-fiscal-first-quarter-2024-financial,Post-IPO,167,United States,2024-01-13T23:26:29.000Z,
Physics Wallah,"Noida, Non-U.S.",120,2023-11-19,0.01,Education,https://entrackr.com/2023/11/exclusive-physicswallah-lays-off-over-100-employees/,Series A,100,India,2023-11-20T20:35:33.000Z,
NextGen Healthcare,St. Louis,84,2023-11-17,,Healthcare,https://www.bizjournals.com/stlouis/news/2023/11/17/health-care-tech-firm-lay-off-84-st-louis-workers.html,Acquired,,United States,2023-11-18T00:04:34.000Z,
Amazon,Seattle,,2023-11-17,,Retail,https://www.geekwire.com/2023/amazon-will-cut-several-hundred-more-jobs-on-alexa-team-as-it-discontinues-some-initiatives/,Post-IPO,108,United States,2023-11-17T16:24:43.000Z,
Buildertrend,Omaha,,2023-11-17,0.16,Construction,https://siliconprairienews.com/2023/11/buildertrend-layoffs-november-2023/,Unknown,,United States,2023-11-18T00:07:40.000Z,
Jane,Lehi,,2023-11-17,1,Retail,https://www.sltrib.com/news/business/2023/11/17/utah-based-online-marketplace/,Series A,40,United States,2023-11-22T16:08:55.000Z,
Zazuu,London,,2023-11-17,,Finance,https://www.benjamindada.com/african-focused-fintech-zazuu-shuts-down/,Unknown,,United Kingdom,2023-11-18T00:06:44.000Z,
Sierra Space,Boulder,115,2023-11-16,,Aerospace,https://www.cnbc.com/2023/11/16/sierra-space-layoffs.html,Series B,1700,United States,2023-11-17T21:17:28.000Z,
Paystack,"Lagos, Non-U.S.",33,2023-11-16,,Finance,https://techcrunch.com/2023/11/16/paystack-reduces-operations-outside-of-africa-affecting-33-employees-in-europe-and-dubai/,Acquired,10,Nigeria,2023-11-17T21:16:41.000Z,
Beamery,"London, Non-U.S.",,2023-11-16,0.25,HR,https://tech.eu/2023/11/16/london-hrtech-startup-beamery-to-cut-25-of-workforce-amid-restructuring/,Series D,223,United Kingdom,2023-11-16T23:11:34.000Z,
Sonos,New York City,,2023-11-16,,Consumer,https://www.bloomberg.com/news/articles/2023-11-16/sonos-plans-to-cut-jobs-as-it-prepares-push-into-headphones,Post-IPO,455.2,United States,2023-12-14T16:12:43.000Z,
FintechOS,"Bucharest, Non-U.S.",,2023-11-15,,Finance,https://www.startupcafe.ro/idei-antreprenori/concedieri-startup-it-fintechos-companie-restructurari.htm,Series B,91,Romania,2023-11-15T16:40:02.000Z,
FreshBooks,"Toronto, Non-U.S.",,2023-11-15,0.06,Finance,https://betakit.com/freshbooks-president-and-ceo-depart-as-company-lays-off-six-percent-of-employees/,Unknown,331,Canada,2023-11-16T21:38:20.000Z,
Landing,Birmingham,,2023-11-15,,Real Estate,https://www.bizjournals.com/birmingham/inno/stories/news/2023/11/15/landing-initiates-another-round-of-layoffs.html,Series C,347,United States,2023-11-18T00:06:12.000Z,
Singular Genomics,San Diego,,2023-11-15,0.1,Healthcare,https://www.genomeweb.com/sequencing/singular-genomics-lays-10-percent-workforce-adjusts-product-roadmap,Post-IPO,176,United States,2023-11-22T16:11:33.000Z,
Uleet,Columbus,,2023-11-15,1,Healthcare,https://www.bizjournals.com/columbus/inno/stories/inno-insights/2023/11/15/columbus-uleet-shutdown-alex-husted-interview.html,Unknown,,United States,2023-11-16T01:22:49.000Z,
Chewy,Miami,200,2023-11-14,,Retail,https://techcrunch.com/2023/11/14/online-pet-goods-retailer-chewy-lays-off-200-employees/,Post-IPO,451,United States,2023-11-15T02:11:14.000Z,
Sarcos,Pittsburgh,150,2023-11-14,,Aerospace,https://www.bizjournals.com/pittsburgh/inno/stories/profiles/2023/11/14/sarcos-robotics-to-close-pittsburgh-office.html,Post-IPO,316,United States,2024-01-02T03:51:22.000Z,
Cake Group,"Singapore, Non-U.S.",50,2023-11-14,0.3,Crypto,https://www.linkedin.com/posts/julianhosp_cake-group-ceos-message-to-employees-activity-7130117237218156545-oPjI/,Unknown,,Singapore,2023-11-15T16:39:27.000Z,
Halodoc,"Jakarta, Non-U.S.",,2023-11-14,,Healthcare,https://www.techinasia.com/halodoc-lays-employees-pursue-sustainable-business-growth,Series D,245,India,2023-11-15T02:12:44.000Z,
Markforged,Boston,,2023-11-14,,Manufacturing,https://www.bizjournals.com/boston/news/2023/11/14/markforged-layoffs-2023-macroeconomic-headwinds.html,Post-IPO,347,United States,2023-11-15T02:13:19.000Z,
Ping Identity,Denver,,2023-11-14,,Security,https://www.bizjournals.com/denver/news/2023/11/14/ping-identity-layoffs-thoma-bravo.html,Acquired,128,United States,2023-11-15T16:38:14.000Z,
Amazon,Seattle,180,2023-11-13,,Retail,https://www.cnbc.com/2023/11/13/amazon-cuts-more-than-180-jobs-in-gaming-division.html,Post-IPO,108,United States,2023-11-13T20:03:26.000Z,
TripAdvisor,Boston,125,2023-11-12,0.04,Travel,https://skift.com/2023/11/12/tripadvisor-laid-off-4-of-its-workforce-and-more-cuts-are-on-the-way/,Post-IPO,3,United States,2023-12-22T23:12:17.000Z,
Bowery Farming,New York City,,2023-11-10,,Food,https://pitchbook.com/news/articles/indoor-farming-bowery-vc-valuation-layoffs-loans,Unknown,626,United States,2024-01-02T03:52:02.000Z,
Carta,SF Bay Area,,2023-11-09,,HR,https://fortune.com/2023/11/09/exclusive-unicorn-carta-lays-off-another-round-of-employees/,Series G,1100,United States,2023-11-10T00:02:18.000Z,
Commure,SF Bay Area,,2023-11-09,,Healthcare,https://www.businessinsider.com/commure-layoffs-healthcare-ai-merger-athelas-2023-12,Unknown,1900,United States,2023-12-20T21:37:48.000Z,
OSlash,"Bengaluru, Non-U.S.",,2023-11-09,1,Other,https://inc42.com/buzz/accel-backed-saas-startup-oslash-to-shut-down-by-end-of-this-month/,Seed,7,India,2023-11-10T00:03:12.000Z,
Snap,Los Angeles,20,2023-11-08,,Consumer,https://www.theinformation.com/articles/snap-lays-off-product-managers-as-spiegel-revamps-workforce,Post-IPO,4900,United States,2023-11-09T04:18:36.000Z,
Amazon,Seattle,,2023-11-08,,Retail,https://www.reuters.com/technology/amazon-says-cuts-jobs-music-streaming-unit-2023-11-08/,Post-IPO,108,United States,2023-11-09T04:17:13.000Z,
BigCommerce,Austin,,2023-11-08,0.07,Retail,https://www.pymnts.com/news/ecommerce/2023/bigcommerce-cuts-staff-amid-ecommerce-headwinds/,Post-IPO,224,United States,2023-11-10T00:04:44.000Z,
CloudKitchens,Los Angeles,,2023-11-08,,Real Estate,https://www.businessinsider.com/travis-kalanick-cloudkitchens-startup-cuts-jobs-2023-11,Unknown,1300,United States,2023-11-09T04:17:58.000Z,
Google,SF Bay Area,,2023-11-08,,Consumer,https://www.theinformation.com/briefings/google-lays-off-some-user-support-staff,Post-IPO,26,United States,2023-11-09T18:32:46.000Z,
Oportun,SF Bay Area,185,2023-11-07,0.07,Finance,https://finance.yahoo.com/news/oportun-lay-off-18-corporate-021807823.html,Post-IPO,766,United States,2024-03-09T00:59:21.000Z,
Zillow,Seattle,23,2023-11-07,,Real Estate,https://www.realestatenews.com/2023/11/07/zillow-confirms-layoffs-affecting-a-small-number-of-roles,Post-IPO,97,United States,2023-11-08T21:31:08.000Z,
Nextdoor,SF Bay Area,,2023-11-07,0.25,Consumer,https://investors.nextdoor.com/news/news-details/2023/Nextdoor-Reports-Third-Quarter-2023-Results/,Post-IPO,736,United States,2023-11-07T22:22:22.000Z,
Zeus Living,SF Bay Area,,2023-11-07,1,Real Estate,https://www.theinformation.com/articles/airbnb-backed-real-estate-startup-zeus-living-to-shut-down,Series C,151,United States,2023-11-07T23:42:52.000Z,
Ava Labs,New York City,,2023-11-06,0.12,Crypto,https://decrypt.co/204581/ava-labs-employees-report-layoffs-many-people-affected,Unknown,640,United States,2023-11-07T23:43:38.000Z,
Homie,Salt Lake City,,2023-11-06,,Real Estate,https://www.sltrib.com/news/business/2023/11/06/utah-grown-homie-vowed-disrupt/,Series B,35,United States,2023-11-07T04:18:36.000Z,
Moore Threads,"Beijing, Non-U.S.",,2023-11-06,,Hardware,https://www.bloomberg.com/news/articles/2023-11-07/china-ai-chipmaker-moore-threads-cuts-jobs-after-us-blacklisting?embedded-checkout=true,Series B,,China,2023-11-09T04:19:30.000Z,
Pico Interactive,SF Bay Area,,2023-11-06,,Other,https://www.uploadvr.com/major-pico-layoffs/,Acquired,62,United States,2023-11-07T04:14:51.000Z,
F5,Seattle,120,2023-11-03,0.02,Security,https://www.geekwire.com/2023/seattle-cloud-giant-f5-lays-off-120-employees/,Post-IPO,,United States,2023-11-06T16:08:56.000Z,
NIO,"Shanghai, Non-U.S.",,2023-11-03,0.1,Transportation,https://www.bloomberg.com/news/articles/2023-11-03/chinese-ev-maker-nio-to-cut-10-of-staff-positions-and-may-spin-off-businesses#xj4y7vzkg,Post-IPO,7200,China,2023-11-06T16:09:37.000Z,
OpenSea,New York City,,2023-11-03,0.5,Crypto,https://decrypt.co/204371/opensea-slashes-nft-marketplace-staff-50-layoffs,Series C,427,United States,2023-11-03T23:10:11.000Z,
Viasat,San Diego,800,2023-11-02,0.1,Other,https://news.bloomberglaw.com/bankruptcy-law/viasat-to-cut-global-workforce-by-approximately-10,Post-IPO,366,United States,2023-11-02T18:13:06.000Z,
Beyond Meat,Los Angeles,65,2023-11-02,0.08,Food,https://investors.beyondmeat.com/news-releases/news-release-details/beyond-meatr-provides-select-third-quarter-financial-results,Post-IPO,122,United States,2023-11-07T04:16:49.000Z,
OpenSpace,SF Bay Area,,2023-11-02,,Construction,https://www.linkedin.com/posts/jeevan_i-wanted-to-share-with-our-customers-partners-activity-7125890673840394240-QmO9/,Series D,200,United States,2023-11-02T22:13:44.000Z,
Orchard,New York City,,2023-11-02,,Real Estate,https://www.linkedin.com/feed/update/urn:li:activity:7125905764115722241/,Series D,472,United States,2023-11-03T22:19:29.000Z,
Sportradar,"St. Gallen, Non-U.S.",,2023-11-02,0.1,Data,https://www.sportspromedia.com/news/sportradar-job-cuts-sports-data/?zephr_sso_ott=VfONzi,Post-IPO,84,Switzerland,2024-01-24T16:33:53.000Z,
Informatica,SF Bay Area,545,2023-11-01,0.1,Data,https://www.barrons.com/articles/informatica-buyback-earnings-6cc15b80,Post-IPO,,United States,2023-11-02T03:18:45.000Z,
Splunk,SF Bay Area,500,2023-11-01,0.07,Data,https://www.cnbc.com/2023/11/01/splunk-layoffs-7percent-of-workforce-to-be-cut-ahead-of-cisco-acquisition.html,Post-IPO,2400,United States,2023-11-01T15:56:34.000Z,
Faire,SF Bay Area,250,2023-11-01,0.2,Retail,https://www.businessinsider.com/wholesale-startup-faire-lays-off-another-250-employees-2023-11,Series G,1700,United States,2023-11-02T18:10:53.000Z,
Sana Benefits,Austin,73,2023-11-01,0.5,HR,https://www.sanabenefits.com/blog/changes-at-sana/,Series B,106,United States,2023-11-02T03:16:40.000Z,
Olive,Columbus,,2023-10-31,1,Healthcare,https://www.axios.com/pro/health-tech-deals/2023/10/31/olive-ai-is-shutting-down,Series H,856,United States,2023-11-02T03:14:12.000Z,
StepStone,"Berlin, Non-U.S.",215,2023-10-30,0.05,Recruiting,https://aimgroup.com/2023/10/30/recruitment-giant-stepstone-lays-off-more-than-200-people/,Acquired,,Germany,2023-10-31T23:42:44.000Z,
Bungie,Seattle,100,2023-10-30,0.08,Consumer,https://www.geekwire.com/2023/bungie-hit-with-layoffs-in-latest-gaming-industry-workforce-cuts/,Acquired,100,United States,2026-06-27T16:46:15.000Z,
Hubilo,SF Bay Area,50,2023-10-30,,Other,https://meetings.skift.com/hubilo-lays-off-at-least-50-staffers-hints-at-desperate-times-for-virtual-platforms/?utm_content=270020146&utm_medium=social&utm_source=linkedin&hss_channel=lcp-6921677,Series B,153,United States,2023-11-02T03:18:02.000Z,
Karat Financial,Los Angeles,,2023-10-27,,Finance,https://www.businessinsider.com/creator-startup-karat-lays-off-staff-firing-financial-services-funding-2023-10,Series B,116,United States,2023-10-27T23:06:35.000Z,
Hippo Insurance,SF Bay Area,120,2023-10-26,0.2,Finance,https://www.theinsurer.com/news/hippo-undertakes-another-round-of-job-cuts-impacting-70-roles/,Post-IPO,1300,United States,2023-10-27T16:02:12.000Z,
Graphy,"Bengaluru, Non-U.S.",50,2023-10-26,0.2,Education,https://inc42.com/buzz/exclusive-unacademys-graphy-cuts-20-30-jobs-to-focus-on-offline-ops/,Subsidiary,,India,2023-10-26T17:50:45.000Z,
Salsify,Boston,110,2023-10-25,,Retail,https://www.bizjournals.com/boston/inno/stories/news/2023/10/25/salsify-cuts-over-100-jobs-moves-roles-abroad.html,Unknown,453,United States,2023-10-25T22:25:09.000Z,
F-Secure ,"Helsinki, Non-U.S.",70,2023-10-25,,Security,https://yle.fi/a/74-20056883,Post-IPO,,Finland,2023-10-26T17:51:19.000Z,
Virgio,"Bengaluru, Non-U.S.",20,2023-10-25,0.33,Retail,https://inc42.com/buzz/after-pivoting-accel-backed-virgio-lays-off-33-workforce/,Series A,,India,2023-10-09T03:53:08.000Z,
Exabeam,SF Bay Area,,2023-10-25,0.2,Security,https://www.exabeam.com/company-news/company-update-october-25-2023/,Series F,391,United States,2023-10-26T16:58:27.000Z,
Multiverse,"London, Non-U.S.",,2023-10-25,,Education,https://www.cityam.com/euan-blairs-multiverse-quietly-shelves-school-leaver-mission-as-growing-pains-set-in/,Series D,414,United Kingdom,2023-11-29T15:52:50.000Z,
Slync,Dallas,,2023-10-25,1,Logistics,https://www.forbes.com/sites/davidjeans/2023/10/25/slync-goldman-sachs-shutting-down/?sh=46b485021818,Series B,76,United States,2023-10-26T17:42:46.000Z,
SiFive,SF Bay Area,130,2023-10-24,0.2,Hardware,https://www.theinformation.com/articles/semiconductor-firm-sifive-on-sidelines-of-ai-chip-boom-lays-off-130-workers,Series F,365,United States,2023-10-25T04:08:40.000Z,
Pebble,SF Bay Area,,2023-10-24,1,Consumer,https://techcrunch.com/2023/10/24/pebble-the-twitter-alternative-previously-known-as-t2-is-closing-down/,Seed,1,United States,2023-10-25T04:11:40.000Z,
Shipt,Birmingham,,2023-10-24,0.03,Retail,https://www.al.com/business/2023/10/shipt-lays-off-35-of-filled-positions-closing-many-open-ones.html,Acquired,65,United States,2023-10-25T04:13:41.000Z,
Parity Technologies,"London, Non-U.S.",100,2023-10-23,0.3,Crypto,https://www.bloomberg.com/news/articles/2023-10-23/polkadot-blockchain-developer-parity-to-eliminate-about-30-of-staff?embedded-checkout=true,Unknown,,United Kingdom,2023-10-12T15:24:19.000Z,
Roblox China,"Shenzen, Non-U.S.",15,2023-10-23,,Consumer,https://techcrunch.com/2023/10/23/roblox-china-tencent-layoff/,Subsidiary,,China,2023-10-25T04:12:42.000Z,
Nomad Health,New York City,119,2023-10-20,0.17,Healthcare,https://www.forbes.com/sites/katiejennings/2023/02/09/staffing-marketplace-nomad-health-lays-off-20-of-workforce-employees-say/?sh=71b4037a1557,Unknown,218,United States,2023-02-10T21:21:07.000Z,
Tropic,New York City,26,2023-10-20,,Finance,https://www.linkedin.com/posts/davidtropic_today-weve-made-the-sad-decision-to-let-activity-7121182074861957120-UzOF/,Series B,67,United States,2023-10-20T23:47:04.000Z,
Nomad Health,New York City,,2023-10-20,0.25,Healthcare,https://www.businessinsider.com/nomad-health-layoffs-healthcare-staffing-startup-2023-10,Unknown,218,United States,2023-10-20T23:38:57.000Z,
Convoy,Seattle,500,2023-10-19,1,Logistics,https://www.geekwire.com/2023/convoy-collapse-read-ceos-memo-detailing-sudden-shutdown-of-seattle-trucking-startup/,Series E,1100,United States,2023-10-19T00:45:08.000Z,
Bullhorn,Boston,140,2023-10-19,0.09,Sales,https://www.bizjournals.com/boston/news/2023/10/20/bullhorn-cuts-downturn.html,Acquired,32,United States,2023-10-20T00:46:56.000Z,
LegalZoom,Austin,100,2023-10-19,,Legal,https://www.bizjournals.com/austin/news/2023/10/19/legal-zoom-layoffs-williamson-county-warn-notice.html,Post-IPO,951,United States,2023-10-20T00:47:51.000Z,
StellarAlgo,"Calgary, Non-U.S.",21,2023-10-19,0.28,Data,https://betakit.com/cooler-financing-environment-leads-stellaralgo-to-restructure-and-make-layoffs/,Series A,16,Canada,2023-10-20T00:44:31.000Z,
ManoMano,"Paris, Non-U.S.",230,2023-10-18,0.25,Retail,https://www.lesechos.fr/industrie-services/conso-distribution/face-a-la-deprime-du-bricolage-manomano-reduit-ses-effectifs-dun-quart-1987873,Series F,705,France,2023-10-18T17:21:13.000Z,
Google,SF Bay Area,40,2023-10-18,,Consumer,https://www.cnbc.com/2023/10/18/google-cuts-dozens-of-jobs-in-news-division-.html,Post-IPO,26,United States,2023-10-19T00:46:45.000Z,
WeTransfer,"Amsterdam, Non-U.S.",35,2023-10-18,0.1,Other,https://fd.nl/tech-en-innovatie/1493394/wetransfer-schrapt-10-van-de-banen,Series A,64,Netherlands,2023-10-26T17:52:35.000Z,
Plume,Denver,24,2023-10-18,,Healthcare,https://techcrunch.com/2023/10/18/trans-healthcare-startup-plume-lays-off-dozens-of-workers/,Series B,38,United States,2023-10-19T00:43:31.000Z,
Belora Paris,"Gurugram, Non-U.S.",,2023-10-18,1,Retail,https://entrackr.com/2023/10/exclusive-surge-backed-belora-cosmetics-may-shut-down/,Seed,,India,2023-12-04T03:05:25.000Z,
Made Renovation,SF Bay Area,,2023-10-18,1,Construction,https://techcrunch.com/2023/10/18/made-renovation-which-intrigued-then-infuriated-its-customers-is-shutting-down/,Seed,9,United States,2023-10-19T00:44:39.000Z,
Volta Trucks,"Stockholm, Non-U.S.",,2023-10-18,1,Transportation,https://voltatrucks.com/press-and-media,Series C,391,Sweden,2023-10-23T02:28:14.000Z,
Expedia,Seattle,100,2023-10-17,,Travel,https://skift.com/2023/10/17/expedia-laid-off-around-100-employees-in-second-round-of-job-cuts/,Post-IPO,3300,United States,2023-10-17T23:07:19.000Z,
Waymo,SF Bay Area,,2023-10-17,,Transportation,https://sfstandard.com/2023/10/17/tech-layoffs-waymo-san-francisco-robotaxi/,Subsidiary,5500,United States,2023-10-17T22:34:34.000Z,
LinkedIn,SF Bay Area,660,2023-10-16,0.03,Recruiting,https://techcrunch.com/2023/10/16/linkedin-layoffs-2/,Acquired,154,United States,2023-10-16T15:36:26.000Z,
CityMall,"Gurugram, Non-U.S.",90,2023-10-16,,Retail,https://inc42.com/buzz/exclusive-norwest-backed-social-commerce-startup-citymall-fires-90-employees/,Series C,112,India,2023-10-17T14:13:23.000Z,
C2FO,Kansas City,80,2023-10-16,0.03,Finance,https://www.bizjournals.com/kansascity/news/2022/12/09/c2fo-layoff-recession-efficiency-profitability.html,Series H,537,United States,2023-10-20T23:42:20.000Z,
Kayak / OpenTable,Stamford,80,2023-10-16,,Travel,https://skift.com/blog/kayak-and-opentable-laid-off-80-employees/,Acquired,229,United States,2023-10-17T23:06:37.000Z,
Bandcamp,SF Bay Area,58,2023-10-16,0.5,Other,https://www.sfgate.com/tech/article/bandcamp-layoffs-oakland-songtradr-epic-18429463.php,Acquired,,United States,2023-10-17T01:43:02.000Z,
Stack Overflow,New York City,,2023-10-16,0.28,Recruiting,https://www.theverge.com/2023/10/16/23919004/stack-overflow-layoff-ai-profitability,Acquired,153,United States,2023-10-16T15:35:24.000Z,
PokerStars,"Leeds, Non-U.S.",,2023-10-15,,Consumer,https://sigma.world/news/flutters-restructuring-of-pokerstars-division-leads-to-job-losses/,Acquired,,United Kingdom,2023-10-17T01:48:30.000Z,
Adda247,"Gurugram, Non-U.S.",300,2023-10-14,,Education,https://entrackr.com/2023/10/exclusive-edtech-startup-adda247-fires-300-employees/,Series B,61,India,2023-10-15T20:11:17.000Z,
Flexport,SF Bay Area,,2023-10-13,0.2,Logistics,https://www.cnbc.com/2023/10/12/flexport-is-laying-off-20percent-of-its-workforce.html,Series E,2400,United States,2023-10-12T22:18:24.000Z,
Uno Health,New York City,,2023-10-13,,Healthcare,https://docs.google.com/spreadsheets/d/1uCA0BFMYjCFYeoC7ilv5FvA-oCPGHLPKJZ8xjql_K54/edit#gid=0,Unknown,,United States,2023-10-17T15:49:26.000Z,
Qualcomm,San Diego,1258,2023-10-12,0.02,Hardware,https://www.cnbc.com/2023/10/12/qualcomm-to-cut-roughly-1258-jobs-in-california.html,Post-IPO,,United States,2023-10-13T16:22:24.000Z,
Lending Club,SF Bay Area,172,2023-10-12,0.14,Finance,https://www.bloomberg.com/news/articles/2023-10-12/lendingclub-plans-to-cut-172-jobs-reports-preliminary-results?embedded-checkout=true,Post-IPO,392,United States,2023-10-13T16:23:13.000Z,
MariaDB,SF Bay Area,84,2023-10-12,0.28,Data,https://www.sec.gov/ix?doc=/Archives/edgar/data/0001929589/000155837023016381/mrdb-20231012x8k.htm,Post-IPO,272,United States,2023-10-12T15:24:48.000Z,
Deepgram,SF Bay Area,20,2023-10-11,0.2,AI,https://www.theinformation.com/articles/ai-startup-lays-off-workers-again-in-fresh-sign-of-sector-belt-tightening,Series B,86,United States,2023-10-12T15:20:13.000Z,
Acronis,"Zurich, Non-U.S.",,2023-10-11,,Security,https://www.acronis.com/en-us/blog/posts/putting-the-focus-on-accelerating-our-partners-growth/,Private Equity,658,Switzerland,2023-10-12T15:25:58.000Z,
Neon,"Sao Paulo, Non-U.S.",180,2023-10-10,,Finance,https://valorinveste.globo.com/mercados/renda-variavel/empresas/noticia/2023/10/10/banco-neon-promove-demissao-em-massa-e-corta-cerca-de-200-funcionarios.ghtml,Series D,727,Brazil,2024-02-16T18:41:49.000Z,
Stitch Fix,Dallas,558,2023-10-09,,Retail,https://www.retaildive.com/news/stitch-fix-layoffs-dallas-distribution-center-closures/695985/,Post-IPO,79,United States,2023-10-15T20:13:11.000Z,
Carbon Health,SF Bay Area,114,2023-10-09,0.05,Healthcare,https://www.beckershospitalreview.com/digital-health/carbon-health-lays-off-114-employees.html,Series D,522,United States,2023-10-25T04:08:01.000Z,
Blue Origin,Seattle,40,2023-10-09,,Aerospace,https://www.theinformation.com/briefings/blue-origin-lays-off-around-40-people,Unknown,167,United States,2023-10-09T15:27:58.000Z,
Braid,SF Bay Area,,2023-10-09,1,Finance,https://techcrunch.com/2023/10/09/consumer-payments-startup-braid-shuts-down-cites-struggles-with-leveraging-third-party-software/,Unknown,,United States,2023-10-10T15:01:54.000Z,
Product Hunt,,,2023-10-09,0.6,Consumer,https://techcrunch.com/2023/10/19/product-hunt-cleans-house-with-layoffs-impacting-60-of-staff/,Acquired,,United States,2023-10-15T20:10:12.000Z,
VTrips,Jacksonville,75,2023-10-07,0.09,Travel,https://skift.com/2023/10/07/a-trimmed-down-vtrips-laid-off-9-of-its-employees/,Private Equity,,United States,2023-12-22T23:10:19.000Z,
Juniper Networks,SF Bay Area,440,2023-10-06,0.04,Hardware,https://www.lightreading.com/finance/juniper-networks-to-layoff-440-employees-at-a-cost-of-59m,Post-IPO,39,United States,2024-01-09T23:42:12.000Z,
InvestCloud,Los Angeles,80,2023-10-06,0.05,Finance,https://citywire.com/ria/news/investcloud-lays-off-5-of-staff/a2427557,Private Equity,54,United States,2023-10-06T23:08:12.000Z,
Brave,SF Bay Area,,2023-10-06,0.09,Consumer,https://techcrunch.com/2023/10/06/brave-lays-off-9-of-its-workforce/,Series B,42,United States,2023-10-07T16:10:47.000Z,
Dash,New York City,,2023-10-06,1,Finance,https://weetracker.com/2023/10/06/dash-african-fintech-scandal/,Unknown,86,United States,2023-10-08T03:23:55.000Z,
Shift,SF Bay Area,,2023-10-06,1,Transportation,https://www.marketwatch.com/story/shift-technologies-files-for-bankruptcy-amid-wind-down-33602dbf,Post-IPO,504,United States,2023-10-08T03:24:47.000Z,
Yuga Labs,Miami,,2023-10-06,,Crypto,https://decrypt.co/200455/bored-ape-yacht-club-nft-creator-yuga-labs-confirms-layoffs,Unknown,450,United States,2023-10-06T23:09:08.000Z,
Enovix,SF Bay Area,185,2023-10-05,,Energy,https://www.theinformation.com/articles/the-electric-enovix-lays-off-185-engineers-and-shifts-most-of-its-operations-to-malaysia,Post-IPO,516,United States,2023-10-06T15:31:39.000Z,
Bizongo,"Mumbai, Non-U.S.",50,2023-10-05,,Retail,https://inc42.com/buzz/a-day-after-50-mn-fundraise-bizongo-lays-off-50-employees/,Series E,315,India,2023-10-06T15:33:07.000Z,
SchoolMint,SF Bay Area,29,2023-10-05,0.14,Education,https://www.businessinsider.com/schoolmint-layoffs-edtech-school-choice-slowdown-2023-10,Acquired,8,United States,2023-10-06T15:35:20.000Z,
SeekOut,Seattle,16,2023-10-05,0.07,Recruiting,https://www.claytoncountyregister.com/news2/seekout-lays-off-7-of-staff-in-restructuring-but-plans-to-grow-headcount-this-year/539529/,Series C,,United States,2023-10-06T15:32:08.000Z,
Arrival,"London, Non-U.S.",,2023-10-05,0.25,Transportation,https://techcrunch.com/2023/10/10/cash-strapped-ev-maker-arrival-lays-off-yet-more-workers/,Post-IPO,629,United Kingdom,2023-10-11T02:52:25.000Z,
Ledger,"Paris, Non-U.S.",,2023-10-05,0.12,Crypto,https://www.bloomberg.com/news/articles/2023-10-05/french-crypto-wallet-maker-ledger-lays-off-12-of-staff,Series C,577,France,2023-10-06T15:34:16.000Z,
Qualtrics,Salt Lake City,780,2023-10-04,0.14,Other,https://www.geekwire.com/2023/qualtrics-cuts-780-jobs-about-14-of-workforce-citing-complexity-from-rapid-hiring/,Acquired,400,United States,2023-10-04T17:38:59.000Z,
Hopper,"Montreal, Non-U.S.",250,2023-10-04,0.3,Travel,https://skift.com/2023/10/04/hopper-cuts-30-of-staff-in-bid-to-get-profitable/,Unknown,730,Canada,2023-10-04T17:37:40.000Z,
Bird,Los Angeles,,2023-10-04,,Transportation,https://techcrunch.com/2023/10/04/bird-lays-off-staff-after-spin-acquisition-to-reduce-redundancies/,Post-IPO,916,United States,2023-10-04T23:28:12.000Z,
Block,SF Bay Area,,2023-10-04,,Finance,https://www.afr.com/technology/afterpay-s-block-begins-layoffs-after-stock-crashes-20231004-p5e9pe,Post-IPO,150,United States,2023-10-04T22:34:58.000Z,
Meta,SF Bay Area,,2023-10-04,,Consumer,https://www.reuters.com/technology/meta-lay-off-employees-metaverse-silicon-unit-wednesday-2023-10-03/,Post-IPO,26000,United States,2023-10-04T02:24:49.000Z,
Dare,"London, Non-U.S.",,2023-10-03,,Energy,https://www.linkedin.com/posts/wearedare_activity-7114953772254011392-4EY6/,Unknown,,United Kingdom,2023-10-08T03:20:29.000Z,
Sendoso,SF Bay Area,,2023-10-03,,Marketing,https://www.businessinsider.com/softbank-backed-startup-sendoso-axed-headcount-fourth-time-16-months-2023-10,Series C,152,United States,2023-10-04T17:26:43.000Z,
Twitch,SF Bay Area,,2023-10-03,,Consumer,https://www.gamesindustry.biz/twitch-makes-another-round-of-layoffs,Acquired,35,United States,2023-10-04T02:23:53.000Z,
Chainalysis,New York City,150,2023-10-02,0.15,Crypto,https://www.forbes.com/sites/stevenehrlich/2023/10/02/chainalysis-idling-150-employees-as-chill-of-crypto-winter-persists/?sh=5e9464256bc8,Series F,536,United States,2023-10-04T01:36:27.000Z,
Synapse,SF Bay Area,86,2023-10-02,0.4,Finance,https://techcrunch.com/2023/10/06/a16z-backed-fintech-synapse-lays-off-40-of-its-staff/,Series B,50,United States,2023-10-06T23:06:16.000Z,
Chia Network,SF Bay Area,26,2023-10-02,0.37,Crypto,https://www.coindesk.com/policy/2023/10/02/chia-network-lays-off-third-of-its-staff-as-loss-of-banker-delayed-going-public/,Series D,70,United States,2023-10-04T01:37:08.000Z,
IronNet,Washington D.C.,,2023-10-02,1,Security,https://techcrunch.com/2023/10/02/ironnet-founded-by-former-nsa-director-shuts-down-and-lays-off-staff/,Post-IPO,428,United States,2023-10-04T02:21:17.000Z,
Sono Motors,"Munich, Non-U.S.",,2023-10-02,,Transportation,https://www.linkedin.com/feed/update/urn:li:activity:7114544303233740800/,Post-IPO,127,Germany,2023-10-02T15:50:34.000Z,
Cowbell,SF Bay Area,28,2023-09-29,0.12,Finance,https://cowbell.insure/blog/letter-from-the-ceo/,Series B,123,United States,2023-10-02T16:10:59.000Z,
N26,"Berlin, Non-U.S.",14,2023-09-29,,Finance,https://financefwd.com/de/n26-sparkurs/,Series E,1700,Germany,2023-09-29T21:14:12.000Z,
Andgo,"Saskatoon, Non-U.S.",9,2023-09-29,,HR,https://betakit.com/saskatoon-software-startups-vendasta-7shifts-andgo-systems-make-layoffs/,Series A,5,Canada,2023-09-29T21:23:49.000Z,
Vendasta,"Saskatoon, Non-U.S.",,2023-09-29,,Marketing,https://betakit.com/saskatoon-software-startups-vendasta-7shifts-andgo-systems-make-layoffs/,Series D,178,Canada,2023-09-29T21:22:58.000Z,
Epic Games,Raleigh,870,2023-09-28,0.16,Consumer,https://techcrunch.com/2023/09/28/fortnite-maker-epic-games-is-laying-off-16-of-its-workforce/,Unknown,6400,United States,2023-09-28T18:31:30.000Z,
Lululemon Studio,New York City,120,2023-09-28,,Fitness,https://www.businessinsider.com/lululemon-lays-off-workers-discontinues-mirror-amid-peloton-deal-2023-9,Acquired,75,United States,2023-09-29T02:43:32.000Z,
2U,Washington D.C.,,2023-09-28,,Education,https://2u.com/latest/organizational-changes-2u/,Post-IPO,426,United States,2023-09-29T23:10:38.000Z,
Fit Analytics,"Berlin, Non-U.S.",,2023-09-28,1,Retail,https://www.businessinsider.de/gruenderszene/technologie/nach-uebernahme-snap-kuendigt-allen-mitarbeitern-von-berliner-ki-startup/,Acquired,,,2023-09-29T02:45:14.000Z,
Snap,Los Angeles,170,2023-09-27,,Consumer,https://newsroom.snap.com/ar-enterprise-strategic-review,Post-IPO,4900,United States,2023-09-28T00:03:40.000Z,
Fi.Money,"Bengaluru, Non-U.S.",30,2023-09-27,0.1,Finance,https://entrackr.com/2023/09/neobank-fi-lays-off-10-of-workforce/,Series C,137,India,2023-09-28T00:01:25.000Z,
Dunzo,"Bengaluru, Non-U.S.",150,2023-09-26,0.3,Food,https://www.entrepreneur.com/en-in/news-and-trends/dunzo-announces-fresh-round-of-layoffs/459709,Unknown,458,India,2023-09-27T02:38:11.000Z,
Flexe,Seattle,131,2023-09-26,0.33,Logistics,https://www.geekwire.com/2023/seattle-warehousing-startup-flexe-lays-off-33-of-workforce-amid-freight-industry-slowdown/,Series D,263,United States,2023-09-27T02:37:30.000Z,
Talkdesk,SF Bay Area,,2023-09-26,,Support,https://techcrunch.com/2023/09/26/talkdesk-conducts-third-round-of-layoffs-in-less-than-14-months/,Series D,497,United States,2023-09-27T02:36:46.000Z,
Lucid Software,Salt Lake City,75,2023-09-25,0.07,Other,https://lucid.co/blog/a-message-to-lucid-employees,Series E,170,United States,2023-09-25T22:30:32.000Z,
Eat Just,SF Bay Area,40,2023-09-22,,Food,https://news.bloomberglaw.com/daily-labor-report/vegan-egg-maker-eat-just-cuts-jobs-after-raising-money-1,Unknown,465,United States,2023-10-02T15:49:38.000Z,
Appsmith,SF Bay Area,35,2023-09-22,0.25,,https://inc42.com/buzz/exclusive-insight-partners-backed-appsmith-lays-off-25-of-its-workforce/,Series B,51,United States,2023-09-24T17:50:08.000Z,
Roblox,New York City,30,2023-09-22,,Consumer,https://techcrunch.com/2023/09/21/roblox-cuts-30-on-talent-acquisition-team-as-hiring-slows/,Post-IPO,857,United States,2023-09-22T00:09:34.000Z,
Foodpanda,"Singapore, Non-U.S.",,2023-09-22,,Food,https://www.cnbc.com/2023/09/22/foodpanda-confirms-talks-to-sell-part-of-its-asia-business-layoffs.html,Acquired,749,Singapore,2023-09-24T17:45:37.000Z,
Recast,"Edinburgh, Non-U.S.",,2023-09-22,1,Media,https://www.linkedin.com/posts/recasttv_were-very-sad-to-share-the-news-that-despite-activity-7110960509750796288-hqzt/,Series A,14,United Kingdom,2023-09-24T17:47:36.000Z,
DealShare,"Bengaluru, Non-U.S.",130,2023-09-21,,Retail,https://yourstory.com/2023/09/dealshare-shuts-b2b-business-lays-off-employees,Series E,390,India,2023-09-24T17:29:32.000Z,
Merative,"Dublin, Non-U.S.",100,2023-09-21,,Healthcare,https://www.irishexaminer.com/business/companies/arid-41230633.html,Acquired,,Ireland,2023-09-24T17:48:34.000Z,
Robinhood,SF Bay Area,,2023-09-21,,Finance,https://www.businessinsider.com/robinhood-layoffs-reorganization-credit-cards-shrinking-user-base-insiders-say-2023-9,Post-IPO,5600,United States,2023-09-24T17:42:12.000Z,
Akudo,"Bengaluru, Non-U.S.",,2023-09-20,1,Finance,https://entrackr.com/2023/09/exclusive-y-combinator-backed-akudo-to-shut-down-ops/,Seed,4,India,2023-12-04T03:06:34.000Z,
Outreach,Seattle,,2023-09-20,0.12,Sales,https://www.geekwire.com/2023/more-layoffs-at-outreach-seattle-sales-software-startup-cuts-12-of-staff/,Series G,489,United States,2023-09-22T00:07:26.000Z,
Truss Works,SF Bay Area,,2023-09-20,,Real Estate,Internal memo,Unknown,,United States,2023-09-25T23:11:46.000Z,
Nowadays,SF Bay Area,,2023-09-18,1,Food,https://www.linkedin.com/posts/max-elder_hi-friends-with-a-heart-full-of-gratitude-activity-7107774956486230016-IKOz/,Seed,10,United States,2023-10-02T15:48:55.000Z,
Cisco,SF Bay Area,350,2023-09-17,,Infrastructure,https://www.marketwatch.com/story/cisco-to-cut-350-jobs-in-latest-round-of-layoffs-f9084451,Post-IPO,2,United States,2023-09-20T21:11:53.000Z,
Hooray Foods,SF Bay Area,,2023-09-17,1,Food,https://www.bizjournals.com/sanfrancisco/news/2023/09/18/plant-bacon-hooray-foods-alternative-protein.html,Seed,7,United States,2023-09-21T07:10:46.000Z,
Sage Therapeutics copy,Boston,290,2023-09-15,,Healthcare,https://www.bizjournals.com/boston/news/2023/09/15/sage-therapeutics-cambridge-layoffs.html,Post-IPO,438,United States,2023-09-21T07:06:44.000Z,
7shifts,"Saskatoon, Non-U.S.",30,2023-09-15,0.07,Food,https://www.linkedin.com/feed/update/urn:li:activity:7108084382132801536/,Series C,131,Canada,2023-09-21T07:21:33.000Z,
Velocity,"Bengaluru, Non-U.S.",,2023-09-15,0.14,Finance,https://inc42.com/buzz/exclusive-revenue-based-financing-platform-velocity-lays-off-around-14-workforce/,Series A,30,India,2023-09-20T21:18:14.000Z,
Airtable,SF Bay Area,237,2023-09-14,0.27,Product,https://www.forbes.com/sites/stevenbertoni/2023/09/14/unicorn-startup-airtable-lays-off-27-of-firm-shifts-focus-to-big-clients/?sh=171151534589,Series F,1400,United States,2023-09-14T15:48:51.000Z,
Project44,Chicago,116,2023-09-14,,Logistics,https://www.freightwaves.com/news/freighttech-industry-isnt-what-it-was-a-year-ago,Unknown,817,United States,2023-09-20T21:16:01.000Z,
VideoAmp,Los Angeles,40,2023-09-14,0.1,Marketing,https://www.axios.com/2023/09/14/videoamp-layoffs,Series F,456,United States,2023-09-20T21:15:06.000Z,
R3,New York City,,2023-09-14,0.2,Crypto,https://www.bloomberg.com/news/articles/2023-09-14/blockchain-startup-r3-trims-fifth-of-jobs-in-cost-cutting-drive#xj4y7vzkg,Series A,112,United States,2023-09-14T23:07:48.000Z,
Google,SF Bay Area,75,2023-09-13,,Consumer,https://www.eastbaytimes.com/2023/10/31/google-tech-job-cut-layoff-bay-area-economy-office-lease-alphabet/,Post-IPO,26,United States,2023-09-13T19:47:38.000Z,
Akili Labs,Boston,,2023-09-13,0.4,Healthcare,https://www.bizjournals.com/boston/news/2023/09/13/akili-interactive-layoffs-september-2023-otc.html,Post-IPO,301,United States,2023-09-14T18:07:26.000Z,
Evolve,Denver,175,2023-09-12,0.2,Travel,https://skift.com/2023/09/13/property-manager-evolve-lays-off-20-of-its-workforce/amp/,Series F,224,United States,2023-09-14T13:55:27.000Z,
Binance.US,SF Bay Area,100,2023-09-12,0.33,Crypto,https://www.bloomberg.com/news/articles/2023-09-12/binance-us-cuts-100-positions-as-crackdown-erodes-crypto-business#xj4y7vzkg,Subsidiary,,United States,2023-09-13T02:11:53.000Z,
Paper,"Montreal, Non-U.S.",87,2023-09-12,0.03,Education,https://paper.co/inside-paper/a-message-from-paper-founders-0,Series D,389,Canada,2023-09-14T13:57:39.000Z,
Homeday,"Berlin, Non-U.S.",40,2023-09-12,0.2,Real Estate,https://www.businessinsider.de/gruenderszene/business/mcmakler-rivale-homeday-verkauft-gruender-und-viele-mitarbeiter-weg/,Unknown,71,Germany,2023-09-13T01:07:07.000Z,
At-Bay,SF Bay Area,27,2023-09-12,0.09,Security,https://www.calcalistech.com/ctechnews/article/sypw6110a3,Unknown,296,United States,2023-09-06T01:52:51.000Z,
Eurora,"Tallinn, Non-U.S.",111,2023-09-11,,Other,https://www.aripaev.ee/uudised/2023/09/11/maksuvolga-jaanud-idufirma-eurora-koondab-ule-100-tootaja,Series A,42,Estonia,2023-09-11T15:30:43.000Z,
Chargebee,SF Bay Area,100,2023-09-11,0.1,Finance,https://inc42.com/buzz/tiger-global-backed-chargebee-fires-10-workforce-in-2nd-round-of-layoffs/,Series H,468,United States,2023-09-11T15:33:14.000Z,
Divvy Homes,SF Bay Area,94,2023-09-11,,Real Estate,https://techcrunch.com/2023/09/11/divvy-homes-goes-from-2b-valuation-to-third-layoff-in-a-year/,Series B,180,United States,2023-09-09T14:37:39.000Z,
Grabango,SF Bay Area,34,2023-09-11,0.4,Food,https://docs.google.com/spreadsheets/d/1WvO3p93hUJjOCJHn4Ig3tu-nbPfGpJfiEURsY5zBRWI/edit#gid=827597978,Unknown,94,United States,2023-09-13T02:21:34.000Z,
Bonterra ,Austin,,2023-09-11,,Other,https://campaignsandelections.com/industry-news/staff-shake-ups-at-two-big-democratic-tech-companies/,Unknown,,United States,2023-09-21T07:18:58.000Z,
Mollie,"Amsterdam, Non-U.S.",,2023-09-11,,Finance,https://nltimes.nl/2023/09/11/payment-service-mollie-announces-first-reorganization-years-unbridled-growth,Series C,928,Netherlands,2023-09-11T15:31:55.000Z,
Oyster,Charlotte,,2023-09-11,,HR,https://oysterhr.notion.site/A-message-from-Oyster-s-CEO-Tony-Jamous-4f56b1d14252420885edffe23b194857,Series C,224,United States,2023-09-13T01:56:30.000Z,
ChargePoint,SF Bay Area,,2023-09-08,0.1,Manufacturing,https://investorplace.com/2023/09/chargepoint-layoffs-2023-what-to-know-about-the-latest-chpt-job-cuts/,Unknown,1400,United States,2023-09-08T16:04:49.000Z,
Sensor Tower,SF Bay Area,,2023-09-08,,Marketing,https://techcrunch.com/2023/09/08/market-intelligence-firm-sensor-tower-conducts-layoffs-several-execs-out/,Private Equity,46,United States,2023-09-09T14:40:58.000Z,
Drift,Boston,100,2023-09-07,0.25,Marketing,https://www.bizjournals.com/boston/news/2023/09/07/drift-second-round-layoffs.html,Acquired,107,United States,2023-09-09T14:40:14.000Z,
Hijra,"Jakarta, Non-U.S.",,2023-09-07,,Finance,https://www.techinasia.com/indonesian-shariah-fintech-firm-hijra-lays-employees,Unknown,67,Indonesia,2023-09-08T15:58:25.000Z,
Roku,SF Bay Area,360,2023-09-06,0.1,Media,https://www.cnbc.com/2023/09/06/roku-to-lay-off-10percent-of-workforce-stock-jumps.html,Post-IPO,208,United States,2023-09-06T23:37:23.000Z,
ForeScout,"Tel Aviv, Non-U.S.",40,2023-09-06,,Security,https://www.calcalistech.com/ctechnews/article/sjdyqira3,Acquired,125,Israel,2023-09-09T14:29:05.000Z,
Better.com,New York City,,2023-09-06,,Real Estate,https://www.businessinsider.com/mortgage-startup-better-cut-jobs-after-spac-merger-stock-debut-2023-9,Unknown,905,United States,2023-09-24T17:46:57.000Z,
Blue Origin,Seattle,,2023-09-06,,Aerospace,https://www.geekwire.com/2023/rare-layoffs-blue-origin-hr/,Unknown,167,United States,2023-09-08T16:01:57.000Z,
iSpecimen,Boston,,2023-09-06,0.2,Healthcare,https://seekingalpha.com/news/4009713-ispecimen-to-lay-off-20-of-its-employees-as-it-seeks-profitability,Post-IPO,31,United States,2023-09-09T14:27:47.000Z,
MaxMilhas,"Belo Horizonte, Non-U.S.",82,2023-09-05,0.18,Travel,https://g1.globo.com/mg/minas-gerais/noticia/2023/09/05/maxmilhas-do-grupo-da-123-milhas-anuncia-corte-de-18percent-dos-funcionarios.ghtml,Unknown,,Brazil,2023-09-06T01:55:33.000Z,
Absci,Portland,30,2023-09-05,0.15,Healthcare,https://www.geekwire.com/2023/biotech-company-absci-lays-off-30-employees-about-15-of-staff/,Post-IPO,238,United States,2023-09-07T15:26:54.000Z,
Hodinkee,New York City,24,2023-09-05,0.2,Retail,"https://ww.fashionnetwork.com/news/Lvmh-backed-luxury-watch-site-hodinkee-cuts-a-fifth-of-jobs,1552691.html",Seed,40,United States,2023-09-06T01:54:32.000Z,
Talent.com,"Montreal, Non-U.S.",,2023-09-05,,Recruiting,https://aimgroup.com/2023/09/05/talent-com-staff-use-linkedin-to-announce-more-layoffs/,Series B,150,Canada,2023-09-07T15:29:04.000Z,
mPharma,"Accra, Non-U.S.",150,2023-09-04,,Healthcare,https://techcabal.com/2023/09/04/exclusive-mpharma-lays-off-150-employees-due-to-tightening-macroenomic-conditions/,Series D,90,Ghana,2023-09-07T15:29:34.000Z,
Xolo,"Tallinn, Non-U.S.",24,2023-09-04,,Finance,https://arileht.delfi.ee/artikkel/120229031/vabakutseliste-platvorm-xolo-koondab-tootajaid-eesmark-on-jouda-kasumisse,Series A,11,Estonia,2023-09-04T23:15:00.000Z,
Nexar,New York City,17,2023-09-04,0.14,Transportation,https://www.calcalistech.com/ctechnews/article/rktq3gqc3,Series D,149,United States,2023-09-04T23:16:03.000Z,
Khatabook,"Bengaluru, Non-U.S.",42,2023-09-01,,Finance,https://entrackr.com/2023/09/peak-xv-backed-khatabook-lays-off-over-40-employees/,Series C,187,India,2023-09-04T23:08:53.000Z,
Clearcover,Chicago,,2023-09-01,0.28,Finance,https://coverager.com/clearcover-makes-additional-cuts/,Series D,304,United States,2023-09-01T23:38:09.000Z,
Gated,SF Bay Area,,2023-09-01,1,Other,https://www.linkedin.com/posts/gated_hello-gated-community-weve-some-news-to-activity-7103355034842628096-MOYT/,Seed,3,United States,2023-09-04T23:11:50.000Z,
Lunchtime,"Brno, Non-U.S.",,2023-09-01,1,Food,https://inc42.com/buzz/foodtech-giant-zomato-shutters-czech-subsidiary-lunchtime/,Acquired,,Czech Republic,2023-09-04T23:18:14.000Z,
Pegasystems,Boston,240,2023-08-31,0.04,HR,https://www.bizjournals.com/boston/news/2023/08/31/pegasystems-layoffs-second-round.html,Post-IPO,,United States,2023-09-01T02:31:34.000Z,
Biofourmis,Boston,120,2023-08-31,,Healthcare,https://www.peoplematters.in/news/leadership/biofourmis-ceo-resigns-abruptly-after-layoffs-firm-begins-new-ceo-search-38874,Series D,464,United States,2023-09-01T02:41:26.000Z,
Malwarebytes,SF Bay Area,100,2023-08-31,,Security,https://techcrunch.com/2023/08/31/malwarebytes-layoffs-business-split/,Series B,80,United States,2023-08-31T18:17:49.000Z,
Expedia,Seattle,,2023-08-31,,Travel,https://www.geekwire.com/2023/internal-email-expedia-group-lays-off-some-tech-workers-in-latest-move-to-reshape-its-workforce/,Post-IPO,3300,United States,2023-09-04T23:11:11.000Z,
Productboard,SF Bay Area,,2023-08-31,0.1,Product,https://www.businessinsider.com/kleiner-perkins-sequoia-and-bessemer-backed-productboard-fourth-round-layoffs-2024-1,Series D,,United States,2024-01-27T14:08:17.000Z,
SkyKick,Seattle,140,2023-08-30,,Other,https://www.geekwire.com/2023/cloud-automation-startup-skykick-lays-off-181-employees-in-washington-state/,Unknown,198,United States,2023-08-30T23:48:56.000Z,
Omuni,"Bengaluru, Non-U.S.",60,2023-08-30,0.35,Retail,https://inc42.com/buzz/exclusive-shiprocket-owned-omuni-fires-nearly-35-workforce-ceo-cto-to-exit/,Acquired,10,India,2023-08-30T15:21:22.000Z,
Kenko Health,"Mumbai, Non-U.S.",50,2023-08-30,0.2,Healthcare,https://www.businessinsider.in/business/startups/news/healthcare-startup-kenko-health-lays-off-20-of-workforce-across-functions/articleshow/103201380.cms,Series A,14,India,2023-09-01T02:35:51.000Z,
Huma,"London, Non-U.S.",45,2023-08-30,0.1,Healthcare,https://sifted.eu/articles/uk-healthtech-huma-layoffs,Unknown,217,United Kingdom,2023-08-30T23:46:42.000Z,
Zeplin,SF Bay Area,37,2023-08-30,0.35,Product,https://sfstandard.com/2023/08/30/san-francisco-software-startup-lays-off-one-third-of-workforce/,Seed,1,United States,2023-08-30T23:45:48.000Z,
Kenko Health,"Mumbai, Non-U.S.",50,2023-08-29,0.2,Healthcare,https://entrackr.com/2023/08/exclusive-kenko-health-lays-off-20-of-workforce/,Unknown,14,India,2023-08-29T15:18:58.000Z,
123Milhas,"Belo Horizonte, Non-U.S.",,2023-08-29,,Travel,https://economia.uol.com.br/noticias/redacao/2023/08/28/123milhas-demissao-funcionarios.htm,Unknown,,Brazil,2023-10-06T15:21:03.000Z,
Zebra Technologies,Chicago,700,2023-08-28,0.07,Manufacturing,https://www.chicagobusiness.com/technology/zebra-technologies-cuts-700-jobs-or-7-percent-bar-code-maker-workforce,Post-IPO,2000,United States,2023-08-28T20:14:19.000Z,
CoinSwitch,"Bengaluru, Non-U.S.",44,2023-08-28,,Crypto,https://entrackr.com/2023/08/crypto-firm-coinswitch-kuber-lays-off-44-employees/,Series C,301,India,2023-08-28T20:17:49.000Z,
Clockwork,Dallas,,2023-08-28,1,Crypto,8/28/solana-based-automation-startup-clockwork-to-shut-down/,Seed,4,United States,2023-08-28T23:05:00.000Z,
SenseTime,"Hong Kong, Non-U.S.",,2023-08-28,,AI,https://technode.com/2023/08/28/chinese-ai-company-sensetime-initiates-new-round-of-layoffs-in-overhaul/,Post-IPO,2600,Hong Kong,2023-08-28T20:33:59.000Z,
HackerRank,SF Bay Area,53,2023-08-27,,Recruiting,https://telecom.economictimes.indiatimes.com/news/internet/hackerrank-lays-off-53-employees-amid-economic-uncertainty/103102308,Series D,103,United States,2023-08-28T20:30:04.000Z,
Cuemath,"Bengaluru, Non-U.S.",100,2023-08-26,,Education,https://inc42.com/buzz/edtech-startup-cuemath-fires-another-100-employees-to-cut-costs/,Unknown,121,India,2023-08-27T02:37:50.000Z,
Fortinet,SF Bay Area,,2023-08-25,,Security,https://www.crn.com/news/security/fortinet-makes-cuts-to-sales-channel-business-development-groups,Post-IPO,89,United States,2023-08-27T02:37:10.000Z,
Captiv8,SF Bay Area,8,2023-08-24,0.03,Marketing,https://www.prweek.com/article/1835107/influencer-marketing-platform-captiv8-lays-off-eight-employees-3-staff,Unknown,4,United States,2023-08-25T20:23:49.000Z,
Chingari,"Bengaluru, Non-U.S.",,2023-08-24,0.5,Media,https://inc42.com/buzz/exclusive-chingari-sacks-over-50-employees-in-second-round-of-layoffs/,Unknown,88,India,2023-08-24T22:08:08.000Z,
Atlas,Chicago,150,2023-08-23,0.3,HR,https://www.forbes.com/sites/angelicamarideoliveira/2023/08/24/hrtech-atlas-announces-layoffs-six-months-post-brazil-launch/?sh=31ea27cb6b7d,Series B,220,United States,2023-08-24T22:12:01.000Z,
Veriff,"Tallinn, Non-U.S.",101,2023-08-23,0.21,Security,https://digipro.geenius.ee/rubriik/uudis/veriff-koondab-taas-sel-korral-peab-lahkuma-viiendik-tootajaist/,Series C,192,Estonia,2023-08-23T23:23:14.000Z,
BlackLine,Los Angeles,95,2023-08-23,0.05,Finance,https://beststocks.com/blackline-announces-workforce-reduction-to-st/,Post-IPO,220,United States,2023-08-24T22:09:50.000Z,
Rivos,SF Bay Area,24,2023-08-23,0.06,Hardware,https://www.theinformation.com/articles/chip-startup-sued-by-apple-has-struggled-to-raise-capital,Unknown,,United States,2023-11-10T00:05:37.000Z,
Cellulant,"Nairobi, Non-U.S.",,2023-08-23,0.2,Finance,https://techeconomy.ng/cellulant-to-lay-off-20-of-its-workforce/,Series C,54,Kenya,2023-08-24T22:10:32.000Z,
JOIN,"Berlin, Non-U.S.",,2023-08-23,,Recruiting,https://docs.google.com/spreadsheets/d/1bsu6O2DCEkzM-4Ny8q6HmLZ2DGfjpZVYdxTOgg3z23M/edit?resourcekey#gid=2104038854,Unknown,,Germany,2023-08-25T20:49:41.000Z,
Getir,"London, Non-U.S.",2500,2023-08-22,0.11,Food,https://www.reuters.com/world/middle-east/turkeys-getir-cut-11-workers-global-restructuring-2023-08-22/,Series E,1800,United Kingdom,2023-08-22T15:44:03.000Z,
CoinDCX,"Mumbai, Non-U.S.",,2023-08-22,0.12,Crypto,https://www.moneycontrol.com/europe/?url=https://www.moneycontrol.com/news/business/crypto-exchange-coindcx-lays-off-12-of-workforce-11236611.html,Series D,247,India,2023-08-23T00:01:37.000Z,
Datagen,"Tel Aviv, Non-U.S.",,2023-08-22,,AI,https://www.calcalistech.com/ctechnews/article/h1f0hxft3,Series B,72,Israel,2023-08-23T23:25:53.000Z,
Hypefast,"Jakarta, Non-U.S.",,2023-08-22,0.3,Retail,https://www.techinasia.com/indonesian-brand-aggregator-hypefast-lays-30-staff,Series A,33,Indonesia,2023-08-25T20:24:49.000Z,
Tempo Automation,SF Bay Area,,2023-08-22,,Other,https://www.bizjournals.com/sanfrancisco/news/2023/08/22/tmpo-asia-io-layoffs-san-francisco-manufacturing.html,Post-IPO,154,United States,2023-08-23T23:27:07.000Z,
Recur,Miami,,2023-08-21,,Crypto,https://www.theblock.co/post/246477/recur-to-shut-down-less-than-two-years-after-raising-50-million-in-series-a,Series A,55,United States,2023-08-23T00:01:07.000Z,
Unite Us,New York City,,2023-08-21,,Healthcare,https://www.fiercehealthcare.com/health-tech/unite-us-lays-employees-amid-negative-ebitda-margins,Series C,196,United States,2023-09-09T14:31:33.000Z,
Twiga,"Nairobi, Non-U.S.",283,2023-08-20,0.33,Food,https://techcabal.com/2023/08/20/twiga-foods-lays-off-283-employees/,Series C,157,Kenya,2023-08-22T23:59:53.000Z,
Spartan Poker,"Kolkata, Non-U.S.",125,2023-08-19,0.4,Consumer,https://inc42.com/buzz/after-mpl-hike-spartan-poker-follows-suit-lays-off-40-of-workforce/,Unknown,,India,2023-08-19T15:42:16.000Z,
Times Internet ,"Gurugram, Non-U.S.",100,2023-08-18,0.05,Media,Times Internet ,Subsidiary,,India,2023-08-19T15:40:33.000Z,
Detectify,"Stockholm, Non-U.S.",30,2023-08-18,,Security,https://www.breakit.se/artikel/37377/sakrade-kapital-nu-far-annu-fler-ga-fran-detectify,Unknown,42,Sweden,2023-10-23T02:26:52.000Z,
Embrace,SF Bay Area,,2023-08-18,,Product,https://www.linkedin.com/posts/futoran_healthy-does-not-mean-infinite-while-embrace-activity-7097259048655355904-4JnJ/,Unknown,77,United States,2023-09-01T23:36:37.000Z,
Zylo,Indianapolis,,2023-08-18,0.1,Other,https://www.insideindianabusiness.com/articles/indy-tech-company-zylo-conducts-layoffs,Series C,72,United States,2023-08-19T15:39:53.000Z,
Illumina,San Diego,151,2023-08-17,,Healthcare,https://www.sandiegouniontribune.com/business/story/2023-08-17/illumina-lays-off-151-san-diego-workers,Post-IPO,28,United States,2023-08-19T15:33:35.000Z,
AppFolio,Santa Barbara,149,2023-08-17,0.09,Real Estate,https://www.pacbiztimes.com/2023/08/17/appfolio-lays-off-9-of-workforce-in-second-round-of-2023-cuts/,Post-IPO,30,United States,2023-08-18T15:11:37.000Z,
Intel,SF Bay Area,140,2023-08-17,,Hardware,https://www.tomshardware.com/news/intel-to-make-further-workforce-cuts-in-us-report,Post-IPO,12,United States,2023-08-19T15:36:35.000Z,
StreamElements,"Tel Aviv, Non-U.S.",60,2023-08-17,0.35,Media,https://www.calcalistech.com/ctechnews/article/s1xjtrs22,Series B,111,Israel,2023-08-18T15:14:26.000Z,
CircleCI,SF Bay Area,,2023-08-17,,Product,Internal memo,Series F,315,United States,2023-08-18T15:13:18.000Z,
FlexCar,Boston,20,2023-08-16,,Transportation,https://www.bizjournals.com/boston/news/2023/08/16/flexcar-layoffs-2023.html,Unknown,297,United States,2023-08-18T15:09:23.000Z,
Xendit,"Jakarta, Non-U.S.",,2023-08-16,,Finance,https://www.techinasia.com/xendit-conducts-layoffs-product-team-affected,Series D,534,Indonesia,2024-02-02T16:26:33.000Z,
Noice,"Helsinki, Non-U.S.",,2023-08-15,,Consumer,https://www.techinasia.com/noice-lays-off-restructuring,Seed,5,Finland,2023-08-15T16:35:44.000Z,
SecureWorks,Atlanta,300,2023-08-14,0.15,Security,https://techcrunch.com/2023/08/14/secureworks-second-round-layoffs-this-year/,Post-IPO,83,United States,2023-08-14T21:19:12.000Z,
Easee,"Sandnes, Non-U.S.",200,2023-08-14,0.57,Energy,https://www.dn.no/teknologi/easee/jonas-helmikstol/kjetil-nasje/easee-med-masseoppsigelser-grunder-og-toppsjef-jonas-helmikstol-gar-av/2-1-1500472,Unknown,,Norway,2023-08-19T15:38:28.000Z,
CoinDesk,New York City,,2023-08-14,,Crypto,https://www.theblock.co/post/244665/coindesk-lays-off-45-of-editorial-staff-as-it-eyes-deal-to-sell-company,Acquired,,United States,2023-08-15T00:09:53.000Z,
iQiyi Smart,"Beijing, Non-U.S.",,2023-08-14,,Other,https://www.caixinglobal.com/2023-08-14/iqiyis-vr-unit-fails-to-pay-staff-slashes-jobs-as-metaverse-hype-fades-102093155.html,Series C,,China,2023-08-15T16:34:29.000Z,
LingoAce,"Singapore, Non-U.S.",,2023-08-11,,Education,https://www.techinasia.com/entire-teams-overnight-lingoace-laid-hundreds-expansion-hurdles,Series C,180,Singapore,2023-08-15T16:35:22.000Z,
Shutterfly,Minneapolis,246,2023-08-10,,Manufacturing,https://www.cbsnews.com/minnesota/news/shutterfly-closing-shakopee-plant/,Post-IPO,50,United States,2023-08-11T15:21:17.000Z,
SHINE Technologies,Milwaukee,59,2023-08-10,,Other,https://www.nbc15.com/2023/08/10/janesville-based-shine-announces-layoffs-days-after-announcing-nuclear-fusion-breakthrough/,Series C,672,United States,2023-08-11T15:19:34.000Z,
Hike,"New Delhi, Non-U.S.",55,2023-08-10,,Consumer,https://economictimes.indiatimes.com/tech/startups/hike-lays-off-around-55-people-after-gst-hike-on-online-gaming/articleshow/102608819.cms?from=mdr,Unknown,261,India,2023-08-11T15:06:32.000Z,
NCC Group,"Manchester, Non-U.S.",,2023-08-10,,Security,https://techcrunch.com/2023/08/10/ncc-group-layoffs/,Post-IPO,,United Kingdom,2023-08-17T00:28:47.000Z,
Blend,SF Bay Area,150,2023-08-09,0.19,Finance,http://archive.fast-edgar.com/20230809/A7L2K22CZ22282Z2222G22ZZMTBIQQB2A252/,Post-IPO,665,United States,2023-08-11T15:00:48.000Z,
Niantic,Los Angeles,100,2023-08-09,,Other,https://www.bizjournals.com/losangeles/news/2023/08/09/niantic-100-layoffs-los-angeles.html,Series D,770,United States,2023-08-11T15:04:05.000Z,
Babylon Health,"London, Non-U.S.",94,2023-08-09,,Healthcare,https://www.fiercehealthcare.com/digital-health/babylon-closes-us-business-lays-employees-after-mindmaze-take-private-deal-collapses,Post-IPO,1200,United Kingdom,2023-08-11T15:13:59.000Z,
Dealtale,"Tel Aviv, Non-U.S.",70,2023-08-09,1,Sales,https://www.calcalistech.com/ctechnews/article/rkn8dlz32,Acquired,2,Israel,2023-08-11T15:04:56.000Z,
Bukalapak,"Jakarta, Non-U.S.",,2023-08-09,,Retail,https://www.techinasia.com/bukalapak-conducts-new-round-of-layoffs,Post-IPO,925,Indonesia,2023-08-09T17:56:24.000Z,
Podium,Lehi,,2023-08-09,,Support,Internal memo,Series D,419,United States,2023-08-11T15:15:11.000Z,
Quizy,"Gurugram, Non-U.S.",,2023-08-09,1,Consumer,https://www.timesnownews.com/business-economy/companies/gst-hike-impact-gaming-startup-quizy-shuts-down-what-lies-ahead-for-online-gaming-companies-article-102571971,Seed,,India,2023-08-09T17:59:13.000Z,
StyleSeat,SF Bay Area,,2023-08-09,0.17,Consumer,https://docs.google.com/spreadsheets/d/1q4eOXAZiboWrj3goaBeOKfGOKP3ONsVQkXxDH1nXZw0/edit#gid=0,Series C,40,United States,2023-10-02T16:08:11.000Z,
Thoughtworks,Chicago,579,2023-08-08,0.05,Other,https://www.chicagobusiness.com/employment/thoughtworks-cut-hundreds-jobs,Post-IPO,748,United States,2023-10-17T01:46:05.000Z,
Rapid7,Boston,470,2023-08-08,0.18,Security,https://www.bizjournals.com/boston/news/2023/08/08/rapid7-layoffs-q2-earnings.html,Post-IPO,89,United States,2023-08-08T23:59:37.000Z,
MPL,"Bengaluru, Non-U.S.",350,2023-08-08,,Consumer,https://www.moneycontrol.com/europe/?url=https://www.moneycontrol.com/news/business/mpl-to-lay-off-350-employees-after-gst-councils-new-28-tax-proposal-11126951.html,Unknown,375,India,2023-08-08T22:52:22.000Z,
Doximity,SF Bay Area,100,2023-08-08,0.1,Healthcare,https://www.fiercehealthcare.com/health-tech/doximity-lays-10-workforce-stock-sinks-company-downgrades-revenue-guidance,Post-IPO,82,United States,2023-08-09T00:00:34.000Z,
23andMe,SF Bay Area,71,2023-08-08,0.11,Healthcare,https://www.streetinsider.com/Corporate+News/23andMe+Holding+%28ME%29+Announces+11%25+Workforce+Cut/22014370.html,Post-IPO,1100,United States,2023-08-08T22:57:09.000Z,
Caliva,SF Bay Area,54,2023-08-08,,Retail,https://www.bizjournals.com/sanfrancisco/news/2023/08/08/gold-flora-tpco-caliva-jay-z-cannabis-layoff-sj.html,Series B,75,United States,2023-08-09T17:54:55.000Z,
Sendy,"Nairobi, Non-U.S.",,2023-08-08,1,Logistics,https://techcrunch.com/2023/08/08/kenyan-logistics-startup-sendy-shuts-down-embarks-on-asset-sale/,Series B,26,Kenya,2023-08-08T22:55:16.000Z,
Dell,Austin,,2023-08-07,,Hardware,https://www.crn.com/news/channel-news/dell-confirms-sales-layoffs-as-part-of-new-partner-led-storage-strategy,Post-IPO,,United States,2023-08-08T02:57:54.000Z,
Verse,"Barcelona, Non-U.S.",,2023-08-07,1,Finance,https://www.finextra.com/newsarticle/42741/block-shuts-european-p2p-payments-brand-verse,Acquired,38,Spain,2023-08-29T15:17:58.000Z,
Qomplx,Washington D.C.,60,2023-08-04,,AI,https://www.bizjournals.com/washington/news/2023/08/04/tysons-qomplx-layoffs-spac.html,Series A,107,United States,2023-08-05T00:51:43.000Z,
CodeClan,"Edinburgh, Non-U.S.",57,2023-08-04,1,Education,https://www.edinburghnews.scotsman.com/news/people/codeclan-crowdfunder-launched-to-help-students-after-tech-training-academy-goes-into-administration-4245811,Seed,,United Kingdom,2023-08-08T02:58:34.000Z,
Top Hat,"Toronto, Non-U.S.",42,2023-08-04,0.07,Education,https://betakit.com/canadian-startup-struggles-continue-as-silofit-closes-up-shop-top-hat-and-fable-cut-staff/,Series E,234,Canada,2023-08-05T04:00:35.000Z,
Astra,SF Bay Area,,2023-08-04,0.25,Aerospace,https://techcrunch.com/2023/08/04/astra-lays-off-25-of-workforce-reallocates-engineers-in-an-effort-to-fight-dwindling-cash-reserves/,Post-IPO,300,United States,2023-08-05T00:51:06.000Z,
Big Cabal Media,"Lagos, Non-U.S.",,2023-08-04,0.19,Media,https://www.benjamindada.com/big-cabal-media-lays-off-workforce/,Seed,3,Nigeria,2023-08-05T00:52:28.000Z,
Discord,SF Bay Area,37,2023-08-03,0.04,Consumer,https://www.theinformation.com/briefings/discord-lays-off-4-of-workforce,Series H,995,United States,2023-08-04T04:06:29.000Z,
Bardee,"Melbourne, Non-U.S.",30,2023-08-03,,Food,https://www.businessnewsaustralia.com/articles/bardee-lets-go-staff-to-make-its-food-waste-revolution-profitable.html,Seed,5,Australia,2023-08-03T03:32:02.000Z,
Aware,Columbus,,2023-08-03,,Security,https://www.bizjournals.com/columbus/inno/stories/news/2023/08/03/columbus-startup-aware-job-cut-pivot.html,Series C,88,United States,2023-08-06T03:43:19.000Z,
Ayoconnect,"Jakarta, Non-U.S.",,2023-08-03,0.1,Finance,https://www.dealstreetasia.com/stories/ayoconnect-cuts-staff-356209,Series B,43,Indonesia,2023-08-05T03:57:25.000Z,
Finastra,"Tel Aviv, Non-U.S.",,2023-08-03,,Finance,https://www.calcalistech.com/ctechnews/article/uaxzby5po,Unknown,,Israel,2023-08-04T04:04:40.000Z,
Spinny,"Gurugram, Non-U.S.",300,2023-08-02,0.05,Transportation,https://www.moneycontrol.com/europe/?url=https://www.moneycontrol.com/news/business/tiger-global-backed-spinny-fires-300-employees-ahead-of-business-rejig-11085751.html,Series E,513,India,2023-08-04T04:07:32.000Z,
Tekion,"Bengaluru, Non-U.S.",300,2023-08-02,0.1,Other,https://inc42.com/buzz/exclusive-tekion-lays-off-around-200-indian-employees/,Series D,435,India,2023-08-03T03:39:59.000Z,
BetterUp,SF Bay Area,100,2023-08-02,0.16,HR,https://www.thedailybeast.com/prince-harrys-silicon-valley-gig-betterup-chops-16-of-staff-amid-tumult,Series E,567,United States,2023-08-04T15:24:04.000Z,
Augury,New York City,70,2023-08-02,0.18,Manufacturing,https://www.calcalistech.com/ctechnews/article/ryoxde00j3,Series E,274,United States,2023-08-03T03:32:52.000Z,
Gem,SF Bay Area,70,2023-08-02,,Recruiting,https://www.linkedin.com/feed/update/urn:li:activity:7092626063834443776/,Series C,148,United States,2023-08-03T03:30:52.000Z,
Gupy,"Sao Paulo, Non-U.S.",58,2023-08-02,0.08,HR,https://startups.com.br/noticias/gupy-reorganiza-a-casa-e-faz-demissoes-humanizadas/,Series B,105,Brazil,2023-08-03T04:33:14.000Z,
Salesforce,"Dublin, Non-U.S.",50,2023-08-02,,Sales,https://www.bloomberg.com/news/articles/2023-08-02/salesforce-cuts-more-jobs-after-10-reduction-earlier-this-year?in_source=embedded-checkout-banner#xj4y7vzkg,Post-IPO,65,Ireland,2023-08-04T04:10:19.000Z,
FamPay,"Bengaluru, Non-U.S.",18,2023-08-02,,Finance,https://www.moneycontrol.com/europe/?url=https://www.moneycontrol.com/news/business/announcements/peak-xv-backed-fampay-undertakes-layoffs-cuts-18-jobs-11083941.html,Series A,42,India,2023-08-03T03:41:10.000Z,
Actyv.ai,"Bengaluru, Non-U.S.",,2023-08-02,0.6,Finance,https://entrackr.com/2023/08/exclusive-saas-startup-actyv-ai-lays-off-more-than-60-employees/,Seed,12,India,2023-08-03T03:33:57.000Z,
ConnectedH,"Gurugram, Non-U.S.",,2023-08-02,1,Healthcare,https://inc42.com/buzz/kalaari-backed-connectedh-shuts-shop-to-return-capital-to-investors/,Seed,2,India,2023-08-03T03:35:57.000Z,
DICE,"London, Non-U.S.",,2023-08-02,,Consumer,https://tech.eu/2023/08/02/dice-layoffs/,Series C,135,United Kingdom,2023-08-04T04:11:38.000Z,
HackerOne,SF Bay Area,,2023-08-02,0.12,Security,https://www.hackerone.com/ceo/company-update,Series E,159,United States,2023-08-02T21:52:03.000Z,
Silofit,"Montreal, Non-U.S.",,2023-08-02,1,Fitness,https://betakit.com/canadian-startup-struggles-continue-as-silofit-closes-up-shop-top-hat-and-fable-cut-staff/,Series A,19,Canada,2023-08-05T03:58:19.000Z,
TripAdvisor,Boston,,2023-08-02,,Travel,https://ir.tripadvisor.com/static-files/d6752890-85a0-4764-a90e-f6213480c7e1,Post-IPO,3,United States,2023-08-03T04:35:01.000Z,
Vesttoo,"Tel Aviv, Non-U.S.",150,2023-08-01,0.75,Finance,https://www.calcalistech.com/ctechnews/article/ryuwahiih,Series C,110,Israel,2023-08-03T03:43:19.000Z,
Planet,SF Bay Area,117,2023-08-01,0.1,Aerospace,https://www.cnbc.com/2023/08/01/planet-pl-lays-off-about-10percent-company-restructures.html,Post-IPO,574,United States,2023-08-01T16:46:16.000Z,
Paper,"Montreal, Non-U.S.",106,2023-08-01,0.04,Education,https://paper.co/inside-paper/a-message-from-paper-founders,Series D,389,Canada,2023-08-01T21:00:22.000Z,
Archipelago,SF Bay Area,40,2023-08-01,0.3,Real Estate,https://www.theinsurer.com/news/ai-driven-property-risk-insurtech-archipelago-analytics-cuts-30-of-workforce/,Series B,57,United States,2023-08-01T20:57:54.000Z,
Increff,"Bengaluru, Non-U.S.",,2023-08-01,0.2,Retail,https://inc42.com/buzz/exclusive-premji-invest-backed-increff-lays-off-20-workforce/,Series B,17,India,2023-08-02T00:28:49.000Z,
Indigo,Boston,,2023-08-01,,Other,https://www.bizjournals.com/boston/inno/stories/news/2023/08/01/indigo-ag-makes-second-round-of-layoffs-in-2023.html,Series F,1200,United States,2023-08-01T20:59:26.000Z,
inDrive,SF Bay Area,,2023-08-01,0.1,Transportation,https://www.forbes.ru/biznes/493840-servis-indrive-resil-sokratit-10-svoih-rabotnikov,Unknown,387,United States,2023-08-01T16:48:48.000Z,
Outreach ,Seattle,,2023-08-01,0.05,Sales,https://www.geekwire.com/2023/seattle-sales-software-startup-outreach-lays-off-employees-again-as-it-aims-for-profitability/,Series G,489,United States,2023-08-01T20:58:34.000Z,
Qoala,"Jakarta, Non-U.S.",80,2023-07-31,,Finance,https://www.techinasia.com/id-insurtech-qoala-confirms-laying-80-employee,Series B,89,Indonesia,2023-08-05T04:02:50.000Z,
Fable,"Toronto, Non-U.S.",13,2023-07-31,0.09,Other,https://betakit.com/canadian-startup-struggles-continue-as-silofit-closes-up-shop-top-hat-and-fable-cut-staff/,Series A,12,Canada,2023-08-05T03:59:47.000Z,
Nexar,New York City,12,2023-07-31,,Transportation,https://www.calcalistech.com/ctechnews/article/rktq3gqc3,Series D,149,United States,2023-09-04T23:17:22.000Z,
Cambricon,"Beijing, Non-U.S.",,2023-07-31,,Hardware,https://www.digitimes.com/news/a20230731PD208/ai-cambricon-china.html,Series B,200,China,2023-08-01T15:28:34.000Z,
Kape Technologies,"London, Non-U.S.",200,2023-07-30,0.3,Security,https://techreport.com/news/cybersecurity-firm-kape-technologies-lay-off-around-200-employees/,Post-IPO,188,United Kingdom,2023-07-30T23:11:05.000Z,
Eroad,"Auckland, Non-U.S.",200,2023-07-28,0.31,Transportation,https://businessdesk.co.nz/article/markets/eroad-investors-grill-management-on-buyout-offer,Unknown,46,New Zealand,2023-08-01T15:30:35.000Z,
Kape,"London, Non-U.S.",180,2023-07-28,,Security,https://www.pcmag.com/news/tough-times-for-vpns-expressvpn-parent-company-lays-off-30-of-staff,Post-IPO,188,United Kingdom,2023-08-05T17:23:46.000Z,
Homology,Boston,,2023-07-28,,Healthcare,https://www.bizjournals.com/boston/news/2023/07/28/homology-layoffs-july-2023.html,Post-IPO,187,United States,2023-07-29T03:26:52.000Z,
Milkbasket,"Gurugram, Non-U.S.",400,2023-07-27,0.67,Food,https://entrackr.com/2023/07/reliance-pulls-plug-on-milkbasket-brand-mass-layoffs-to-follow/,Acquired,39,India,2023-07-29T03:27:27.000Z,
Wish,SF Bay Area,255,2023-07-27,0.34,Retail,https://ir.wish.com/node/10081/html,Post-IPO,1600,United States,2023-08-01T20:56:56.000Z,
Point,SF Bay Area,61,2023-07-27,0.28,Real Estate,https://www.bizjournals.com/sanfrancisco/inno/stories/news/2023/09/05/finance-startup-slashes-28-percent-of-us-staff.html,Series C,149,United States,2023-09-07T15:30:32.000Z,
Akseleran,"Jakarta, Non-U.S.",60,2023-07-27,,Finance,https://www.techinasia.com/indonesias-akseleran-lays-60-employees-delaying-ipo,Series A,9,Indonesia,2023-07-29T03:31:43.000Z,
Verbit,New York City,60,2023-07-27,0.06,Data,https://www.calcalistech.com/ctechnews/article/b1butaacn,Series E,569,United States,2023-07-27T23:53:55.000Z,
Datree,SF Bay Area,,2023-07-27,1,Other,https://www.linkedin.com/feed/update/urn:li:activity:7090315185344716800/,Seed,11,United States,2023-07-30T23:12:26.000Z,
Degreed,SF Bay Area,,2023-07-27,,Education,https://www.linkedin.com/posts/davidblake_ive-been-back-at-degreed-for-a-year-i-am-activity-7090395014110875648-9Dcn/,Unknown,463,United States,2023-07-27T23:55:39.000Z,
Copia,"Nairobi, Non-U.S.",350,2023-07-26,0.25,Retail,https://techcabal.com/2023/07/26/copia-lays-off-350-employees/,Series C,103,Kenya,2023-07-26T23:10:21.000Z,
Figure,SF Bay Area,90,2023-07-26,0.2,Crypto,https://www.bloomberg.com/news/articles/2023-07-28/mike-cagney-s-figure-lays-off-20-of-staff-amid-ipo-plans#xj4y7vzkg,Unknown,1500,United States,2023-07-29T03:24:37.000Z,
Calendly,Atlanta,60,2023-07-26,0.1,Other,https://www.theinformation.com/briefings/calendly-cuts-roughly-10-of-staff,Series B,351,United States,2023-07-27T20:08:57.000Z,
Myntra,"Bengaluru, Non-U.S.",50,2023-07-26,,Retail,https://economictimes.indiatimes.com/tech/technology/myntra-plans-makeover-in-private-label-strategy-layoffs-likely-to-hit-50-employees/articleshow/102114887.cms,Acquired,516,India,2023-07-26T23:12:03.000Z,
Kleos Space,"Luxembourg, Raleigh",,2023-07-26,1,Aerospace,https://spacenews.com/geospatial-intelligence-startup-kleos-space-files-for-bankruptcy/,Post-IPO,17,Luxembourg,2023-07-27T23:56:31.000Z,
Ripl,Seattle,,2023-07-26,,Marketing,https://www.linkedin.com/posts/careydijulio_opentowork-talent-activity-7092986397040541696-YvWs/,Unknown,9,United States,2024-04-10T21:48:07.000Z,
Deep Instict,New York City,46,2023-07-25,0.15,Security,https://www.calcalistech.com/ctechnews/article/sj5p0va9n,Unknown,322,United States,2023-07-26T23:14:00.000Z,
Pluralsight,Salt Lake City,,2023-07-25,,Education,https://www.sltrib.com/news/business/2023/07/25/its-third-round-layoffs-utah-tech/,Acquired,192,United States,2023-07-26T01:05:31.000Z,
AppHarvest,Lexington,,2023-07-24,1,Food,https://marketrealist.com/why-did-this-farming-startup-app-harvest-declare-bankruptcy/,Post-IPO,692,United States,2023-07-27T23:57:26.000Z,
Arive,"Munich, Non-U.S.",,2023-07-24,,Retail,https://www.businessinsider.de/gruenderszene/business/lieferdienst-arive-betrieb-gestoppt-geldnot/,Unknown,37,Germany,2023-07-26T01:01:06.000Z,
Onfido,"London, Non-U.S.",,2023-07-24,,Finance,https://sifted.eu/articles/onfido-ceo-mike-tuchen-layoffs,Series D,182,United Kingdom,2023-07-26T23:12:42.000Z,
PathAI,Boston,87,2023-07-21,,Healthcare,https://www.bizjournals.com/boston/inno/stories/news/2023/07/21/pathai-layoffs-healthtech-company.html,Series C,255,United States,2023-07-11T01:51:56.000Z,
Bundle Africa,"Lagos, Non-U.S.",,2023-07-21,1,Crypto,https://technext24.com/2023/07/21/bundle-africa-ceases-operations/,Seed,1,Nigeria,2023-07-22T01:12:12.000Z,
Viaplay,"Stockholm, Non-U.S.",450,2023-07-20,0.25,Media,https://deadline.com/2023/07/viaplay-layoffs-strategic-review-pulls-out-of-uk-mulls-a-sale-1235442717/,Unknown,,Sweden,2023-07-11T01:51:13.000Z,
Stoa,Phoenix,80,2023-07-20,0.8,Real Estate,https://www.calcalistech.com/ctechnews/article/sjl3blvcn,Unknown,,United States,2023-07-22T01:06:38.000Z,
Dunzo,"Bengaluru, Non-U.S.",,2023-07-20,,Food,https://www.peoplematters.in/news/strategic-hr/dunzos-third-round-of-layoffs-announced-salary-deadline-missed-dues-pushed-to-september-38490,Unknown,382,India,2023-07-20T16:12:56.000Z,
MiQ,"London, Non-U.S.",,2023-07-20,,Marketing,https://www.businessinsider.com/adtech-layoffs-continued-into-summer-2023-7,Private Equity,,United Kingdom,2023-07-21T03:33:53.000Z,
Phunware,Austin,,2023-07-20,,Other,https://seekingalpha.com/news/3989259-software-developer-phunware-to-lay-off-one-third-of-its-workforce,Post-IPO,87,United States,2023-07-22T01:08:33.000Z,
Saarthi.ai,"Bengaluru, Non-U.S.",,2023-07-20,,Support,https://economictimes.indiatimes.com/tech/startups/saarthi-ai-fires-employees-in-batches-withholds-salaries-cites-investor-pressure-to-become-profitable/articleshow/101990247.cms,Unknown,,India,2023-07-22T01:07:37.000Z,
AgentSync,Denver,67,2023-07-19,0.24,Finance,Internal memo,Series B,111,United States,2023-07-26T01:04:04.000Z,
Inspirato,Denver,50,2023-07-19,0.06,Travel,https://skift.com/2023/07/20/inspirato-lays-off-6-of-workforce-second-round-of-cuts-this-year/,Post-IPO,179,United States,2023-07-20T22:37:16.000Z,
Tilia,SF Bay Area,28,2023-07-19,0.32,Finance,Internal memo,Unknown,32,United States,2023-08-14T21:20:00.000Z,
Blue Apron,New York City,,2023-07-19,0.2,Food,https://seekingalpha.com/news/3999870-blue-apron-discloses-that-it-cut-20-of-its-corporate-workforce-in-july,Post-IPO,422,United States,2023-08-09T18:46:12.000Z,
Microsoft,Seattle,1000,2023-07-18,,Other,https://www.businessinsider.com/microsoft-layoffs-more-than-1000-jobs-sales-customer-service-2023-7?IR=T,Post-IPO,1,United States,2023-07-10T20:23:21.000Z,
Cameo,Chicago,80,2023-07-18,,Consumer,https://www.theinformation.com/articles/cameo-cuts-staff-to-fewer-than-50-after-financial-stumble,Unknown,165,United States,2023-07-18T19:29:56.000Z,
Square Roots,New York City,,2023-07-18,,Food,https://www.businessinsider.com/kimbal-musk-startup-square-roots-layoffs-farm-closures-2023-7,Unknown,91,United States,2023-07-22T01:11:33.000Z,
Sarcos,Salt Lake City,75,2023-07-17,0.25,Aerospace,https://www.therobotreport.com/sarcos-plans-to-layoff-around-75-workers-as-part-of-optimization-plan/,Post-IPO,316,United States,2023-07-19T16:38:44.000Z,
Code42,Minneapolis,,2023-07-17,,Security,https://blocksandfiles.com/2023/07/17/data-loss-preventer-code42-loses-staff/,Unknown,137,United States,2023-07-17T22:38:28.000Z,
Ezoic,San Diego,,2023-07-17,0.28,Infrastructure,https://www.ezoic.com/ceo-dwayne-letter-to-employees/,Series A,39,United States,2023-07-19T16:40:09.000Z,
IBM,"Tel Aviv, Non-U.S.",,2023-07-17,,Hardware,https://www.calcalistech.com/ctechnews/article/ryacsbqqh,Post-IPO,,Israel,2023-07-19T16:41:01.000Z,
Lamudi Indonesia,"Jakarta, Non-U.S.",,2023-07-17,,Real Estate,https://www.dealstreetasia.com/stories/lamudi-indonesia-layoffs-353347,Acquired,56,Indonesia,2023-07-23T16:05:21.000Z,
Binance,Cayman Islands,1000,2023-07-14,,Crypto,https://www.wsj.com/articles/binance-lays-off-over-1-000-employees-d59ff6ad,Unknown,,Cayman Islands,2023-07-14T18:27:29.000Z,
PayScale,Seattle,14,2023-07-14,0.02,HR,https://www.bizjournals.com/seattle/news/2023/07/14/payscale-layoffs-seattle-office.html,Acquired,33,United States,2023-07-15T03:40:15.000Z,
Navi Technologies,"Bengaluru, Non-U.S.",200,2023-07-13,,Finance,https://economictimes.indiatimes.com/tech/startups/sachin-bansals-navi-technologies-lays-off-around-200-employees/articleshow/101713488.cms,Unknown,659,India,2023-07-13T03:42:21.000Z,
Skill Lync,"Chennai, Non-U.S.",200,2023-07-13,,Education,https://entrackr.com/2023/07/edtech-company-skill-lync-fires-over-200-employees/,Series A,17,India,2023-07-13T18:29:00.000Z,
Amazon,Seattle,80,2023-07-13,,Retail,https://news.yahoo.com/amazon-lays-off-80-workers-230451163.html?guccounter=1,Post-IPO,108,United States,2023-07-14T18:25:12.000Z,
AudioCodes,"Tel Aviv, Non-U.S.",80,2023-07-13,0.06,Other,https://www.calcalistech.com/ctechnews/article/bkrcqqaf3,Post-IPO,91,Israel,2023-07-17T02:39:33.000Z,
Tempo Automation,SF Bay Area,62,2023-07-13,,Other,https://investors.tempoautomation.com/static-files/f021231f-65a6-4ae2-8680-3bc48a51a028,Post-IPO,154,United States,2023-07-17T23:02:10.000Z,
Uber Freight,SF Bay Area,40,2023-07-13,,Logistics,https://www.freightwaves.com/news/uber-freight-lays-off-as-many-as-50-brokerage-employees,Subsidiary,2700,United States,2023-07-14T18:19:46.000Z,
Deepwatch,Tampa Bay,30,2023-07-13,0.07,Security,https://www.deepwatch.com/blog/a-message-from-deepwatchs-ceo/,Series C,256,United States,2023-07-14T03:26:00.000Z,
Centr,"Sydney, Non-U.S.",22,2023-07-13,,Fitness,https://www.news.com.au/finance/business/chris-hemsworths-fitness-app-centr-reportedly-sacks-australian-staff/news-story/8e6dacc01c9d4b4569401e997e303ca6,Unknown,,Australia,2023-07-13T03:44:08.000Z,
Factorial,"Barcelona, Non-U.S.",20,2023-07-13,,HR,https://www.businessinsider.es/factorial-despide-veintena-trabajadores-1274860,Series C,220,Spain,2023-07-17T02:35:51.000Z,
Peloton,New York City,11,2023-07-13,,Fitness,https://dol.ny.gov/system/files/documents/2023/07/warn-peloton-interactive-nyc-2023-0006-7-14-2023.pdf,Post-IPO,1900,United States,2023-07-17T23:04:12.000Z,
Bark,New York City,,2023-07-13,0.08,Retail,https://seekingalpha.com/news/3987629-bark-cuts-8-of-workforce-as-part-of-cost-reduction-initiative,Post-IPO,282,United States,2023-07-26T23:15:58.000Z,
Khoros,Austin,,2023-07-13,0.05,Sales,Internal memo,Private Equity,138,United States,2023-07-19T16:43:58.000Z,
Netlify,SF Bay Area,,2023-07-13,,Other,https://www.netlify.com/blog/ceo-announcement-to-the-netlify-team/,Series D,212,United States,2023-07-14T03:25:21.000Z,
SAS,Raleigh,,2023-07-13,,Data,https://www.newsobserver.com/news/business/article277322113.html,Unknown,,United States,2023-07-15T13:00:15.000Z,
Stitch Fix,Philadelphia,400,2023-07-12,,Retail,https://www.inquirer.com/jobs/labor/stitch-fix-layoffs-closure-bethlehem-lehigh-valley-warehouse-20230712.html,Post-IPO,79,United States,2023-07-14T18:20:39.000Z,
Dapper Labs,Vancouver,51,2023-07-12,,Crypto,https://twitter.com/roham/status/1679301700669296640,Unknown,,Canada,2023-07-13T03:46:15.000Z,
DeepVerge,"Dublin, Non-U.S.",50,2023-07-12,1,Healthcare,https://www.standard.co.uk/business/life-science-ai-firm-deepverge-lays-off-staff-tech-collapse-jobs-redundancy-skin-water-technology-b1093932.html,Post-IPO,20,Ireland,2023-07-13T18:27:43.000Z,
Freightos,Miami,50,2023-07-12,0.13,Logistics,https://sourcingjournal.com/topics/logistics/freightos-layoffs-13-percent-persistently-weak-freight-market-job-cuts-costs-445086/,Post-IPO,118,United States,2023-07-13T03:39:47.000Z,
Circle,Boston,,2023-07-12,,Crypto,https://www.axios.com/2023/07/12/circle-stablecoin-layoffs,Private Equity,1100,United States,2023-07-13T03:48:18.000Z,
CyberGRX,Denver,,2023-07-12,,Security,https://www.bizjournals.com/denver/news/2023/07/12/cybergrx-acquired-by-processunity-layoffs.html,Acquired,99,United States,2023-07-13T03:40:42.000Z,
Duck Creek Technologies,Boston,,2023-07-12,0.09,Finance,https://iireporter.com/duck-creek-reduces-workforce-by-nine-percent/,Acquired,357,United States,2023-08-11T15:22:03.000Z,
Expedia,Seattle,,2023-07-12,,Travel,https://www.phocuswire.com/expedia-group-lays-of-staff-us-and-abroad,Post-IPO,3300,United States,2023-07-17T23:03:29.000Z,
WayCool,"Chennai, Non-U.S.",300,2023-07-11,0.12,Food,https://timesofindia.indiatimes.com/business/india-business/with-focus-on-profitability-agritech-waycool-to-lay-off-300/articleshow/101652858.cms,Unknown,363,India,2023-07-13T03:29:34.000Z,
Matterport,SF Bay Area,170,2023-07-11,0.3,Data,https://investors.matterport.com/static-files/9d9ec717-3e67-410b-92cb-8cb27218fbe4,Post-IPO,409,United States,2023-07-11T16:26:43.000Z,
Everquote,Evansville,100,2023-07-11,,Finance,https://www.insurancejournal.com/news/national/2023/07/11/729444.htm,Post-IPO,53,United States,2023-07-13T03:37:20.000Z,
Sisense,New York City,100,2023-07-11,0.15,Data,https://www.calcalistech.com/ctechnews/article/hyqikock2,Series F,274,United States,2023-07-11T16:27:28.000Z,
Built Technologies,Nashville,,2023-07-11,,Construction,https://www.nashvillepost.com/business/technology/built-makes-second-round-of-layoffs-this-year/article_7e899552-2000-11ee-8965-47697ce53ccd.html,Unknown,313,United States,2023-07-13T03:34:30.000Z,
Butterfly Network copy,Boston,,2023-07-11,0.25,Healthcare,https://www.marketscreener.com/quote/stock/BUTTERFLY-NETWORK-INC-119073390/news/Butterfly-Network-Costs-Associated-with-Exit-Disposal-Form-8-K-44342052/,Post-IPO,530,United States,2023-07-17T02:38:12.000Z,
Dukaan,"Bengaluru, Non-U.S.",,2023-07-11,,Retail,https://timesofindia.indiatimes.com/gadgets-news/dukaan-cuts-90-customer-service-jobs-how-founder-suumit-shah-defended-layoffs-on-twitter/articleshow/101670439.cms,Series A,17,India,2023-07-11T16:15:25.000Z,
Jasper,"Montreal, Non-U.S.",,2023-07-11,,AI,https://www.linkedin.com/feed/update/urn:li:activity:7084564488154177536/,Series A,131,Canada,2023-07-14T20:41:26.000Z,
Shift,SF Bay Area,,2023-07-11,0.34,Transportation,https://seekingalpha.com/news/3986897-shift-to-terminate-34-of-workforce-end-investment-into-dealer-marketplace-business,Post-IPO,504,United States,2023-07-13T03:31:22.000Z,
Rad Power Bikes,Seattle,40,2023-07-10,,Transportation,https://www.theverge.com/2023/7/10/23785871/rad-power-bikes-uk-europe-shut-down-ebike,Series D,329,United States,2024-08-01T19:08:35.000Z,
FrontRow,"Bengaluru, Non-U.S.",,2023-07-10,1,Education,Read more at:,Series A,17,India,2023-07-11T01:52:49.000Z,
IntelyCare,Boston,,2023-07-10,,Healthcare,https://www.bizjournals.com/boston/inno/stories/news/2023/07/10/intelycare-reorganization-layoffs.html,Series C,171,United States,2023-07-11T01:50:24.000Z,
Latch,New York City,,2023-07-10,0.59,Security,https://www.marketscreener.com/quote/stock/LATCH-INC-117136898/news/Latch-Drives-Additional-Discipline-and-Efficiency-Setting-the-Stage-For-Accelerated-Future-Growth-44303832/,Post-IPO,342,United States,2023-07-11T01:49:18.000Z,
Motive,SF Bay Area,,2023-07-10,0.05,Transportation,Internal memo,Series F,567,United States,2023-07-13T03:45:11.000Z,
Medsaf,"Lagos, Non-U.S.",30,2023-07-07,1,Healthcare,https://techcabal.com/2023/07/07/medsaf-laid-off-full-time-employees/,Unknown,,Nigeria,2023-07-15T03:41:15.000Z,
Evernote,SF Bay Area,,2023-07-07,,Consumer,https://www.sfgate.com/tech/article/evernote-layoffs-moving-to-europe-18190083.php,Acquired,290,United States,2023-07-08T00:19:50.000Z,
PaulCamper,"Berlin, Non-U.S.",,2023-07-07,,Travel,https://docs.google.com/spreadsheets/d/1fj_4FdZsMfdH3hggkiZTY1moY7rTRhzfaEfkJmMBxyk/edit#gid=0,Acquired,12,Germany,2023-08-04T04:15:30.000Z,
Trellix,SF Bay Area,,2023-07-07,,Security,,Unknown,35,United States,2023-07-11T01:53:22.000Z,
Amdocs,St. Louis,2000,2023-07-06,0.06,Support,https://www.calcalistech.com/ctechnews/article/sjfzud4f3,Post-IPO,,United States,2023-01-06T01:42:10.000Z,
FNZ,"London, Non-U.S.",1000,2023-07-06,0.15,Finance,https://citywire.com/new-model-adviser/news/exclusive-fnz-to-make-1000-redundancies-globally/a2421080,Private Equity,1400,United Kingdom,2023-07-07T02:38:14.000Z,
FNZ,"London, Non-U.S.",1000,2023-07-06,0.15,Finance,https://citywire.com/new-model-adviser/news/exclusive-fnz-to-make-1000-redundancies-globally/a2421080,Private Equity,3500,United Kingdom,2026-06-16T20:43:48.000Z,
Perfect Day,SF Bay Area,134,2023-07-06,0.15,Food,https://www.nosh.com/news/2023/perfect-day-lays-off-15-of-workforce-shutters-consumer-biz-coolhaus/,Series D,711,United States,2023-07-13T18:30:21.000Z,
Solidigm,Sacramento,98,2023-07-06,,Hardware,https://www.bizjournals.com/sacramento/inno/stories/news/2023/07/06/solidigm-layoffs-rancho-cordova-headquarters.html,Unknown,,United States,2023-07-13T18:32:45.000Z,
TytoCare,New York City,20,2023-07-06,0.1,Healthcare,https://www.calcalistech.com/ctechnews/article/byu1xnefn,Series D,156,United States,2023-07-07T02:39:48.000Z,
Circles.Life,"Singapore, Non-U.S.",,2023-07-06,,Marketing,https://www.campaignasia.com/article/circles-life-faces-more-layoffs-amid-allegations-of-toxic-workplace-culture-int/485236,Unknown,50,Singapore,2023-07-07T17:05:34.000Z,
ConnectRN,Boston,,2023-07-06,,Healthcare,https://www.bizjournals.com/boston/inno/stories/news/2023/07/06/connectrn-layoffs-tech-nursing.html,Unknown,160,United States,2023-07-06T15:21:33.000Z,
Crunchbase,SF Bay Area,,2023-07-06,,Sales,https://www.linkedin.com/posts/jager_crunchbase-affected-employees-activity-7083189330520784896-EAZT/,Series D,106,United States,2023-07-08T20:49:52.000Z,
DayTwo,SF Bay Area,,2023-07-06,,Healthcare,https://www.calcalistech.com/ctechnews/article/sy2rgx4yh,Series B,90,United States,2023-07-07T03:01:36.000Z,
Athennian,"Calgary, Non-U.S.",30,2023-07-05,,Legal,https://betakit.com/legaltech-scaleup-athennian-navigates-growing-pains-with-layoffs-leadership-changes/,Series B,47,Canada,2023-08-17T00:27:09.000Z,
Vista Group,"Auckland, Non-U.S.",,2023-07-05,0.06,Data,https://www.nzherald.co.nz/business/vista-group-the-latest-kiwi-tech-to-lay-off-staff/XEXAP52NNZCR3GO7EJKWUDSAHY/,Post-IPO,,New Zealand,2023-07-06T15:20:30.000Z,
Highsnobiety,"Berlin, Non-U.S.",24,2023-07-03,0.1,Media,https://www.businessoffashion.com/articles/news-analysis/highsnobiety-lays-off-10-percent-of-its-staff/,Acquired,8,Germany,2023-07-05T00:17:58.000Z,
Zip,"Sydney, Non-U.S.",300,2023-07-02,0.2,Finance,https://www.theaustralian.com.au/business/dataroom/zip-co-sacks-staff-as-buy-now-pay-later-sector-struggles/news-story/6ab956577a322e3f12e4146444e1cb64?amp&nk=842499914bf8dcecd67ffaacf7550303-1688513490,Post-IPO,896,Australia,2023-07-05T00:20:55.000Z,
Buzzer,New York City,,2023-06-30,1,Consumer,https://frontofficesports.com/buzzer-the-gen-z-sports-app-backed-by-44-million-shuts-down/,Series A,24,United States,2023-07-01T00:57:52.000Z,
Lunya,Los Angeles,,2023-06-30,1,Retail,https://www.modernretail.co/operations/dtc-sleepwear-startup-lunya-has-filed-for-chapter-11-bankruptcy/,Unknown,,United States,2023-07-01T00:58:52.000Z,
MediaMath,New York City,,2023-06-30,1,Marketing,https://www.adexchanger.com/online-advertising/mediamath-files-for-bankruptcy-after-acquisition-talks-fall-apart/,Private Equity,607,United States,2023-07-01T15:49:19.000Z,
Petal,New York City,,2023-06-30,0.2,Finance,https://finance.yahoo.com/news/exclusive-petal-card-fintech-backed-130000347.html,Series D,704,United States,2023-12-04T03:11:56.000Z,
Niantic,SF Bay Area,230,2023-06-29,,Other,https://www.cnbc.com/2023/06/29/pokemon-go-maker-niantic-lays-off-230-employees-cancels-games-.html,Series D,770,United States,2023-06-29T19:14:00.000Z,
Headspace,Los Angeles,181,2023-06-29,0.15,Healthcare,https://www.latimes.com/business/story/2023-06-29/headspace-meditation-app-lays-off-15-of-employees,Unknown,216,United States,2023-06-30T15:05:37.000Z,
Artsy,New York City,35,2023-06-29,0.15,Retail,https://www.artnews.com/art-news/news/artsy-lays-off-35-employees-across-divisions-1234672920/,Series D,100,United States,2023-06-30T14:55:57.000Z,
Candy Digital,New York City,30,2023-06-29,,Crypto,https://decrypt.co/146734/candy-digital-confirms-layoffs-reveals-merger-palm-nft-studio,Series A,138,United States,2023-06-30T14:57:01.000Z,
Xiaomi India,"Bengaluru, Non-U.S.",30,2023-06-29,,Other,https://economictimes.indiatimes.com/industry/cons-products/electronics/xiaomi-india-to-rejig-operations-bring-headcount-to-below-1000/articleshow/101347837.cms?from=mdr,Subsidiary,,India,2023-06-30T15:00:28.000Z,
Torii,"Ra'anana, Non-U.S.",28,2023-06-29,0.3,Other,https://www.calcalistech.com/ctechnews/article/hjqdc1i00h,Series B,65,Israel,2023-07-01T00:57:04.000Z,
Insider Intelligence,New York City,20,2023-06-29,,Media,https://www.theinformation.com/briefings/insider-intelligence-to-lay-off-20-outsource-to-philippines,Subsidiary,,United States,2023-06-30T16:22:06.000Z,
Merama,"Mexico City, Non-U.S.",,2023-06-29,0.1,Retail,https://www.reuters.com/technology/latam-unicorn-merama-cuts-nearly-10-staff-amid-strategy-refocus-2023-06-29/,Series B,445,Mexico,2023-07-01T00:56:04.000Z,
Qyuki,"Bengaluru, Non-U.S.",,2023-06-29,0.3,Other,https://www.exchange4media.com/announcements-news/vc-backed-start-up-qyuki-downsizes-shuts-some-offices-128299.html,Seed,19,India,2023-07-05T00:19:52.000Z,
Stripe,SF Bay Area,,2023-06-29,,Finance,https://www.theinformation.com/articles/stripe-lays-off-dozens-mostly-in-recruiting,Series I,8700,United States,2023-06-30T15:04:39.000Z,
Vowel,New York City,,2023-06-29,1,Other,https://twitter.com/berman66/status/1674552743858511873?s=46&t=gjICOYvLX7vrlS7ffAtQoA,Series A,18,United States,2023-06-30T15:09:22.000Z,
ClickUp,San Diego,90,2023-06-28,0.1,Other,https://techcrunch.com/2023/07/04/clickup-layoffs/,Series C,537,United States,2023-07-04T23:29:24.000Z,
Ludia,"Montreal, Non-U.S.",55,2023-06-28,,Consumer,https://mobilegamer.biz/up-to-55-staff-laid-off-at-jurassic-world-alive-maker-ludia/,Acquired,1,,2023-06-30T14:57:57.000Z,
Karat,Seattle,47,2023-06-28,,HR,https://www.geekwire.com/2023/technical-recruiting-startup-karat-lays-off-47-employees-for-the-second-time-this-year/,Unknown,169,United States,2023-06-30T14:59:42.000Z,
Plex,SF Bay Area,37,2023-06-28,0.2,Media,https://www.theverge.com/2023/6/28/23777418/plex-layoffs-20-percent-staff,Unknown,81,United States,2023-06-28T22:36:59.000Z,
Starburst,Boston,,2023-06-28,0.15,Data,Internal memo,Series D,414,United States,2023-07-13T03:38:37.000Z,
Zapier,SF Bay Area,,2023-06-28,0.1,Other,https://zapier.com/blog/changes-at-zapier/,Seed,1,United States,2023-06-28T15:16:27.000Z,
Selina,"London, Non-U.S.",350,2023-06-27,,Travel,https://www.calcalistech.com/ctechnews/article/hjprald00n,Post-IPO,612,United Kingdom,2023-07-07T03:00:57.000Z,
New Relic,SF Bay Area,255,2023-06-27,0.1,Infrastructure,https://www.oregonlive.com/silicon-forest/2023/06/new-relic-will-lay-off-another-255-in-latest-restructuring.html,Post-IPO,214,United States,2023-06-27T18:12:56.000Z,
Tibber,"Førde, Non-U.S.",50,2023-06-27,,Energy,https://www.shifter.no/nyheter/inntil-50-ma-ga-i-tibber/281838,Series C,181,Norway,2023-06-27T15:56:51.000Z,
ClearPay,"Manchester, Non-U.S.",,2023-06-27,,Finance,https://www.cityam.com/clearpay-jobs-at-risk-as-bnpl-firm-winds-down-eu-business/,Acquired,85,United Kingdom,2023-07-06T15:24:16.000Z,
Eyowo,"Lagos, Non-U.S.",,2023-06-27,1,Finance,https://technext24.com/2023/06/26/eyowo-to-shutdown-operations-tomorrow/,Unknown,,Nigeria,2023-06-26T23:38:08.000Z,
Honor,SF Bay Area,,2023-06-27,0.15,Healthcare,https://homehealthcarenews.com/2023/06/honor-lays-off-15-of-hq-staff-including-long-time-home-instead-employees/,Unknown,625,United States,2024-01-31T19:33:07.000Z,
Loopio,"Toronto, Non-U.S.",,2023-06-27,0.09,Sales,https://www.linkedin.com/feed/update/urn:li:activity:7079578026635636737/,Private Equity,263,Canada,2023-06-28T13:57:31.000Z,
Lordstown Motors,Detroit,,2023-06-27,1,Transportation,https://www.cnn.com/2023/06/27/business/lordstown-motors-bankruptcy-foxconn-lawsuit-intl-hnk/index.html,Post-IPO,1100,United States,2023-06-30T14:58:47.000Z,
Waze,SF Bay Area,,2023-06-27,,Transportation,https://www.cnbc.com/2023/06/27/google-cuts-jobs-at-waze-as-it-continues-to-merge-mapping-products.html,Acquired,67,United States,2023-06-28T00:05:13.000Z,
Payoneer,New York City,200,2023-06-26,0.1,Finance,https://www.calcalistech.com/ctechnews/article/sjctoolon,Post-IPO,,United States,2023-06-27T15:53:17.000Z,
Robinhood,SF Bay Area,150,2023-06-26,0.07,Finance,https://www.wsj.com/articles/robinhood-lays-off-about-7-of-its-full-time-employees-2111cb48,Post-IPO,5600,United States,2023-06-26T23:36:58.000Z,
Convoy,Seattle,30,2023-06-26,0.05,Logistics,https://www.geekwire.com/2023/trucking-marketplace-convoy-makes-more-layoffs-citing-customer-service-efficiency-gains/,Series E,1100,United States,2023-06-27T15:54:27.000Z,
Joonko,New York City,,2023-06-25,1,Recruiting,https://www.calcalistech.com/ctechnews/article/skf0iabdh,Series B,38,United States,2023-06-27T15:51:38.000Z,
IRL,SF Bay Area,,2023-06-23,1,Consumer,https://www.theinformation.com/articles/social-app-irl-which-raised-200-million-shuts-down-after-ceo-misconduct-probe,Series C,197,United States,2023-06-25T23:04:16.000Z,
Retool,SF Bay Area,,2023-06-22,0.09,Other,Internal memo,Series C,141,United States,2023-06-22T14:23:40.000Z,
Anaplan,SF Bay Area,300,2023-06-21,,Other,https://nypost.com/2023/06/23/software-giant-anaplan-begins-layoffs-after-thoma-bravos-10-4b-buyout-deal/,Acquired,300,United States,2023-06-24T03:48:00.000Z,
Uber,SF Bay Area,200,2023-06-21,,Transportation,https://www.nasdaq.com/articles/uber-to-lay-off-200-employees-in-recruitment-division,Post-IPO,25200,United States,2023-06-22T00:19:03.000Z,
Tackle.io,Boise,75,2023-06-21,,Infrastructure,https://tackle.io/blog/tackle-company-update/,Series C,148,United States,2023-06-23T15:38:59.000Z,
Ritual,"Toronto, Non-U.S.",38,2023-06-21,0.4,Food,https://www.theglobeandmail.com/business/article-food-ordering-service-ritual-lays-off-nearly-half-of-employees/,Series C,134,Canada,2023-06-24T20:53:29.000Z,
Friday Health Plans,Alamosa,,2023-06-21,,Healthcare,https://www.bizjournals.com/denver/news/2023/06/21/friday-health-plans-layoffs-colorado-insurance.html,Private Equity,306,United States,2023-06-22T00:18:22.000Z,
Illumina,San Diego,,2023-06-21,,Healthcare,https://www.sec.gov/Archives/edgar/data/1110803/000111080323000048/ilmn-20230621.htm,Post-IPO,28,United States,2023-06-27T22:09:27.000Z,
Mutiny,SF Bay Area,,2023-06-21,0.3,Marketing,https://www.theinformation.com/briefings/jasper-mutiny-ai-startups-cut-workers-as-chatbot-rivalry-grows,Series B,69,United States,2023-07-14T20:42:28.000Z,
Grab,"Singapore, Non-U.S.",1000,2023-06-20,0.11,Transportation,https://www.reuters.com/technology/singapores-grab-informs-staff-1000-layoffs-2023-06-20/,Post-IPO,16500,Singapore,2023-06-20T15:56:54.000Z,
OLX Group,"Amsterdam, Non-U.S.",800,2023-06-20,,Marketing,https://techcrunch.com/2023/06/20/olx-group-layoffs/,Acquired,,Netherlands,2023-06-20T16:18:45.000Z,
AvantStay,Los Angeles,37,2023-06-20,,Travel,https://skift.com/2023/06/20/property-manager-avantstay-lays-off-10-of-staff-third-round-of-job-cuts-in-a-year/,Private Equity,686,United States,2023-12-22T23:08:55.000Z,
Karakuki,"London, Non-U.S.",,2023-06-20,1,Food,https://www.therobotreport.com/food-robotics-startup-karakuri-shutting-down/,Unknown,13,United Kingdom,2023-06-22T00:19:45.000Z,
Chingari,"Bengaluru, Non-U.S.",48,2023-06-19,0.2,Media,https://inc42.com/buzz/exclusive-weeks-after-cofounders-exit-short-video-app-chingari-lays-off-20-workforce/,Unknown,88,India,2023-06-20T02:56:18.000Z,
Panther,Tampa Bay,,2023-06-19,1,HR,https://mattredler.substack.com/p/an-important-panther-update-and-our?sd=pf,Seed,2,United States,2023-06-20T02:55:39.000Z,
Fuzzy,SF Bay Area,,2023-06-18,1,Healthcare,https://www.coverager.com/san-francisco-startup-fuzzy-shuts-down-after-raising-80-million/,Series C,80,United States,2023-06-18T23:31:33.000Z,
Mojocare,"Bengaluru, Non-U.S.",170,2023-06-17,0.8,Healthcare,https://entrackr.com/2023/06/exclusive-mojocare-lays-off-around-170-employees-within-a-year-of-fundraise/,Series A,24,India,2023-06-17T23:41:14.000Z,
Nikola,Phoenix,270,2023-06-16,,Transportation,https://www.reuters.com/business/autos-transportation/electric-truck-maker-nikola-laying-off-270-employees-2023-06-16/,Post-IPO,3300,United States,2023-06-17T23:42:53.000Z,
Qualcomm,SF Bay Area,84,2023-06-16,,Hardware,https://www.bizjournals.com/sanjose/news/2023/06/16/qualcomm-laying-off-dozens-in-santa-clara.html,Post-IPO,,United States,2023-07-19T16:45:53.000Z,
Pilot,SF Bay Area,45,2023-06-16,0.13,Finance,Internal memo,Unknown,116,United States,2023-07-01T00:53:57.000Z,
Karshare,"London, Non-U.S.",,2023-06-16,1,Transportation,https://karshare.com/,Seed,4,United Kingdom,2023-06-17T00:37:07.000Z,
Zulily,Seattle,,2023-06-16,,Retail,https://www.geekwire.com/2023/more-layoffs-at-zulily-e-commerce-company-trims-headcount-after-private-equity-acquisition/,Acquired,194,United States,2023-06-17T04:50:21.000Z,
CareRev,Los Angeles,100,2023-06-15,0.33,Healthcare,https://www.theinformation.com/articles/carerev-plans-to-cut-roughly-a-third-of-staff,Series A,51,United States,2023-06-16T05:05:42.000Z,
TADA,"Seoul, Non-U.S.",45,2023-06-15,0.6,Transportation,https://techcrunch.com/2023/06/15/socars-ride-hailing-platform-tada-adds-to-growing-list-of-tech-layoffs/,Subsidiary,,South Korea,2023-06-17T00:39:13.000Z,
Binance.US,SF Bay Area,,2023-06-15,,Crypto,https://www.reuters.com/technology/crypto-giant-binances-us-affiliate-fires-staff-after-sec-charges-sources-2023-06-15/,Subsidiary,,United States,2023-06-16T22:28:42.000Z,
Cerner,Kansas City,,2023-06-15,,Healthcare,https://www.businessinsider.com/oracle-conducts-layoffs-cerner-health-unit-2023-6,Acquired,,United States,2023-06-19T01:54:56.000Z,
FrontRow,"Bengaluru, Non-U.S.",,2023-06-15,0.9,Education,https://inc42.com/buzz/lightspeed-backed-edtech-frontrow-acquisition-laying-off-90-employees/,Series A,17,India,2023-06-16T04:30:29.000Z,
Bitwise Industries,SF Bay Area,900,2023-06-14,1,Education,https://www.bakersfield.com/news/bitwise-lays-off-entire-staff/article_57c2a40c-0b12-11ee-84ca-f7e6d77ee2e9.html,Series C,158,United States,2023-06-16T22:30:50.000Z,
Sonos,New York City,130,2023-06-14,0.07,Consumer,https://www.cnbc.com/2023/06/14/sonos-layoffs-company-cuts-7percent-or-about-130-employees.html,Post-IPO,455.2,United States,2023-06-14T18:26:03.000Z,
TrueCar,Los Angeles,102,2023-06-14,0.24,Transportation,https://techcrunch.com/2023/06/14/truecar-lays-off-102-employees-taps-new-ceo-amid-restructure/,Post-IPO,340,United States,2023-06-15T03:50:01.000Z,
Olo,New York City,81,2023-06-14,0.11,Food,https://www.restaurantbusinessonline.com/technology/olo-lays-81-people-part-reorganization,Post-IPO,184,United States,2023-06-14T18:24:46.000Z,
Mamaearth,"Gurugram, Non-U.S.",80,2023-06-14,,Retail,https://inc42.com/buzz/exclusive-ipo-bound-mamaearth-to-shut-momspressos-mymoney-brand-marketing-vertical/,Unknown,111,India,2023-06-14T18:29:59.000Z,
Synapse,SF Bay Area,,2023-06-14,0.18,Finance,https://medium.com/@sankaet/a-hard-decision-to-position-us-for-the-future-7f8a38f0fa69,Series B,50,United States,2023-06-15T04:10:35.000Z,
Western Digital,SF Bay Area,211,2023-06-13,,Hardware,https://www.bizjournals.com/sanjose/news/2023/06/13/western-digital-to-cut-more-silicon-valley-workers.html,Post-IPO,900,United States,2023-10-20T23:44:32.000Z,
JupiterOne,Raleigh,8,2023-06-13,,Security,https://www.bizjournals.com/triangle/news/2023/06/13/pendo-layoffs-raleigh-jupiterone-tech-job-cuts.html,Series C,119,United States,2023-06-14T03:45:09.000Z,
Zalando,"Berlin, Non-U.S.",,2023-06-13,,Retail,https://www.textilwirtschaft.de/business/news/abfindungsprogramm-zalando-neue-details-zum-stellenabbau-240656?crefresh=1,Post-IPO,468,Germany,2023-07-05T00:22:05.000Z,
Grubhub,SF Bay Area,400,2023-06-12,0.15,Food,https://www.cnbc.com/2023/06/12/grubhub-layoffs-400-employees-or-15percent-of-corporate-workforce.html,Acquired,284,United States,2023-06-12T16:11:29.000Z,
GoCardless,"London, Non-U.S.",150,2023-06-12,0.17,Finance,https://sifted.eu/articles/gocardless-lays-off-15-of-staff-news,Series G,529,United Kingdom,2023-06-12T16:15:02.000Z,
Pendo,Raleigh,100,2023-06-12,0.12,Product,https://www.bizjournals.com/triangle/news/2023/06/13/pendo-layoffs-raleigh-jupiterone-tech-job-cuts.html,Series F,469,United States,2023-06-12T16:12:49.000Z,
Chegg,SF Bay Area,80,2023-06-12,0.04,Education,https://www.bloomberg.com/news/articles/2023-06-12/chegg-slashes-4-of-workforce-following-shift-to-embrace-ai#xj4y7vzkg,Post-IPO,227,United States,2023-06-14T03:50:39.000Z,
dot.LA,Los Angeles,,2023-06-12,1,Media,https://www.lastartups.com/dot-la-hits-delete-lays-off-entire-staff-amidst-shift-to-newsletter-only/,Seed,4,United States,2023-06-14T03:51:44.000Z,
TaxBit,SF Bay Area,80,2023-06-11,0.4,Crypto,https://www.theinformation.com/briefings/crypto-tax-software-startup-cuts-nearly-40-of-staff,Unknown,253,United States,2023-06-12T16:08:36.000Z,
Tiki,"Singapore, Non-U.S.",,2023-06-11,1,Consumer,https://techcrunch.com/2023/06/11/tiki-india/,Unknown,,Singapore,2023-06-14T03:47:37.000Z,
Trybe,"Sao Paulo, Non-U.S.",128,2023-06-09,0.35,Education,https://www.estadao.com.br/link/inovacao/startup-trybe-demite-128-pessoas-em-nova-rodada-de-cortes-na-companhia/,Series B,40,Brazil,2023-06-12T16:07:43.000Z,
23andMe,SF Bay Area,75,2023-06-09,0.09,Healthcare,https://www.genomeweb.com/business-news/23andme-laying-9-percent-workforce-cut-operating-costs,Post-IPO,1100,United States,2023-06-09T22:57:38.000Z,
Expel,Washington D.C.,60,2023-06-09,0.1,Security,https://expel.com/blog/a-message-from-expels-co-founders/,Series E,288,United States,2023-06-09T23:57:12.000Z,
Branch,Columbus,186,2023-06-08,,Finance,https://coverager.com/layoffs-at-branch/,Series C,229,United States,2023-06-09T18:54:55.000Z,
Cityblock Health,New York City,155,2023-06-08,0.12,Healthcare,https://www.fiercehealthcare.com/providers/cityblock-restructures-operations-cuts-12-workforce-it-plots-plans-growth-profitability,Series D,891,United States,2023-06-08T17:24:06.000Z,
Highspot,Seattle,140,2023-06-08,0.15,Sales,https://www.geekwire.com/2023/sales-software-startup-highspot-lays-off-15-of-workforce-its-second-cut-this-year/,Series F,644,United States,2023-06-09T16:06:58.000Z,
Cohesity,SF Bay Area,,2023-06-08,,Data,https://blocksandfiles.com/2023/06/08/cohesity-layoffs-with-cmo-going/,Series E,805,United States,2023-06-09T22:58:35.000Z,
Freshworks,SF Bay Area,,2023-06-08,,Support,https://bwdisrupt.businessworld.in/article/SaaS-Startup-Freshworks-Conducts-Another-Round-Of-Layoff-Fires-114-Employees/08-06-2023-479793/,Post-IPO,484,United States,2023-06-08T17:25:32.000Z,
Opora,SF Bay Area,,2023-06-08,1,Security,https://www.calcalistech.com/ctechnews/article/r1dkh001wn,Seed,7,United States,2023-06-09T18:52:31.000Z,
Byju's,"Bengaluru, Non-U.S.",1000,2023-06-07,,Education,https://themorningcontext.com/internet/byjus-to-lay-off-1000-employees,Private Equity,5500,India,2023-06-09T18:57:11.000Z,
Nubank,"Sao Paulo, Non-U.S.",296,2023-06-07,,Finance,https://brazilian.report/liveblog/politics-insider/2023/06/07/nubank-layoffs-restructuring/,Post-IPO,4100,Brazil,2023-06-08T17:27:08.000Z,
Sumo Logic,SF Bay Area,79,2023-06-07,,Data,https://www.sfchronicle.com/tech/article/sumo-logic-tech-layoffs-18150619.php,Acquired,340,United States,2023-06-10T18:17:08.000Z,
Flatiron Health,New York City,39,2023-06-07,,Healthcare,https://www.beckershospitalreview.com/oncology/cancer-care-startup-to-lay-off-employees.html,Acquired,324,United States,2023-06-24T03:49:51.000Z,
Better.com,New York City,,2023-06-07,,Real Estate,https://www.inman.com/2023/06/08/better-com-lays-off-in-house-real-estate-agents-nationwide/,Unknown,905,United States,2023-06-09T18:46:17.000Z,
HashiCorp,SF Bay Area,,2023-06-07,0.08,Infrastructure,https://ir.hashicorp.com/news-releases/news-release-details/hashicorp-announces-first-quarter-financial-results-fiscal-0,Post-IPO,349,United States,2023-06-07T22:54:55.000Z,
Ursa Major,Denver,,2023-06-07,,Aerospace,https://techcrunch.com/2023/06/07/layoffs-hit-rocket-engine-maker-ursa-major/,Series D,233,United States,2023-06-09T16:07:49.000Z,
Coherent,SF Bay Area,196,2023-06-06,,Manufacturing,https://www.mercurynews.com/2023/06/06/tech-layoff-fremont-job-coherent-flex-unity-google-facebook-twitter/,Post-IPO,,United States,2023-06-08T17:22:21.000Z,
Edgio,Phoenix,134,2023-06-06,0.12,Infrastructure,https://investors.edg.io/static-files/829cb878-ba70-4965-bb63-3c4629781a41https://seekingalpha.com/news/3978762-edgio-to-cut-12-of-its-workforce-to-reduce-cost,Post-IPO,462,United States,2023-06-09T18:49:33.000Z,
Reddit,SF Bay Area,90,2023-06-06,0.05,Consumer,https://www.wsj.com/articles/reddit-is-cutting-about-5-of-its-workforce-and-slowing-hiring-amid-restructuring-63cfade9?mod=djemalertNEWS,Series F,1300,United States,2023-06-06T20:34:50.000Z,
Linktree,"Melbourne, Non-U.S.",60,2023-06-06,0.27,Consumer,https://www.startupdaily.net/topic/business/link-in-bio-startup-linktree-slashes-local-jobs-again-shedding-27-of-anz-workforce/,Unknown,165,Australia,2023-06-06T01:41:18.000Z,
Dragos,Baltimore,50,2023-06-06,0.09,Security,https://www.dragos.com/blog/industry-news/dragos-ceos-email-to-employees-on-layoff/,Series D,364,United States,2023-06-06T23:48:56.000Z,
Unity,SF Bay Area,50,2023-06-06,,Other,https://www.mercurynews.com/2023/06/06/tech-layoff-fremont-job-coherent-flex-unity-google-facebook-twitter/,Post-IPO,1300,United States,2023-06-08T17:22:50.000Z,
Mara,"Nairobi, Non-U.S.",6,2023-06-06,,Crypto,https://techcabal.com/2023/06/06/web3-startup-mara-fires-its-marketing-department-as-it-shifts-focus-from-acquiring-new-users/,Seed,23,Kenya,2023-06-08T17:29:27.000Z,
Bunnii,New York City,,2023-06-06,1,Healthcare,https://www.axios.com/pro/health-tech-deals/2023/06/06/fertility-startup-bunnii-shuts-down-fails-secure-funding,Unknown,,United States,2023-06-06T23:50:59.000Z,
Spotify,"Stockholm, Non-U.S.",200,2023-06-05,0.02,Media,https://www.cnbc.com/2023/06/05/spotify-layoffs-200-employees-or-about-2percent-of-its-workforce-cut.html,Post-IPO,2100,Sweden,2023-06-05T16:51:34.000Z,
Azibo,Reno,,2023-06-05,,Finance,https://www.linkedin.com/posts/vikas-a-gupta_azibo-layoffs-opt-in-list-for-recruiting-activity-7071624586735321088-fN2x/,Series A,19,United States,2023-06-06T01:42:11.000Z,
Flyhomes,Seattle,,2023-06-05,,Real Estate,https://www.geekwire.com/2023/seattle-startup-flyhomes-lays-off-employees-for-third-time-amid-real-estate-headwinds/,Series C,310,United States,2023-06-05T20:51:21.000Z,
Meati Foods,Denver,,2023-06-03,0.05,Food,https://agfundernews.com/fungi-fueled-startup-meati-foods-lays-off-5-of-workforce-but-remains-as-bullish-as-ever-about-its-prospects,Series C,274,United States,2023-06-05T16:50:23.000Z,
ZoomInfo,"Vancouver, Non-U.S.",120,2023-06-02,0.03,Sales,https://www.bizjournals.com/portland/inno/stories/news/2023/06/02/zoominfo-layoffs.html,Post-IPO,7,Canada,2023-06-02T22:22:50.000Z,
Staffbase,"Chemnitz, Non-U.S.",90,2023-06-02,,Other,https://www.businessinsider.de/gruenderszene/technologie/entlassungswelle-trifft-chemnitzer-software-unicorn-staffbase/?tpcc=offsite_gs_linkedin-facebook&fbclid=IwAR11HXLrgoy2GqefJu9xkrAtdqlHzdyBFXw1sYqgFmUJoacmBtcZSXNxmDw,Series E,307,Germany,2023-06-04T15:14:44.000Z,
Zume,SF Bay Area,,2023-06-02,1,Food,https://www.bloomberg.com/news/articles/2023-06-03/fallen-pizza-startup-zume-shuts-down-after-raising-millions#xj4y7vzkg,Unknown,423,United States,2023-06-04T15:15:39.000Z,
Haven Technologies,New York City,280,2023-06-01,0.7,Finance,https://coverager.com/haven-technologies-shrinks-workforce/,Subsidiary,,United States,2023-06-02T15:42:32.000Z,
Mural,SF Bay Area,170,2023-06-01,,Product,Internal memo,Series C,192,United States,2023-06-06T01:44:28.000Z,
Glamyo Health,"New Delhi, Non-U.S.",160,2023-06-01,,Healthcare,https://inc42.com/buzz/glamyo-health-stares-at-potential-shut-down-lays-off-160-employees/,Series B,9,India,2023-06-02T02:59:51.000Z,
Outbrain,New York City,90,2023-06-01,0.1,Marketing,https://www.calcalistech.com/ctechnews/article/syxin3hl3,Post-IPO,394,United States,2023-06-02T02:59:18.000Z,
CloudTrucks,SF Bay Area,,2023-06-01,,Logistics,https://finance.yahoo.com/news/vc-backed-cloudtrucks-blames-tough-184252236.html,Series B,141,United States,2023-06-02T12:43:37.000Z,
CoachHub,"Berlin, Non-U.S.",,2023-06-01,0.1,HR,https://www.businessinsider.de/gruenderszene/business/coachhub-berliner-startup-entlasst-zehn-prozent-der-mitarbeiter/,Series C,332,Germany,2023-06-04T15:13:48.000Z,
Fractal Software,New York City,,2023-06-01,,Other,https://www.businessinsider.com/fractal-layoffs-venture-studio-stop-create-startups-2023-5,Unknown,,United States,2023-06-04T15:16:34.000Z,
SentinelOne,SF Bay Area,,2023-06-01,0.05,Security,https://s28.q4cdn.com/399982429/files/doc_earnings/2024/q1/generic/Shareholder-Letter-Q1-FY24-FINAL-SentinelOne.pdf,Post-IPO,696,United States,2023-06-02T02:57:44.000Z,
SmartAsset,New York City,,2023-06-01,0.19,Finance,Internal memo,Series D,161,United States,2023-06-02T03:01:21.000Z,
Zendesk,SF Bay Area,320,2023-05-31,0.08,Support,https://www.zendesk.com/newsroom/articles/zendesk-workforce-reduction/,Acquired,85,United States,2023-06-01T04:41:59.000Z,
ZipRecruiter,Los Angeles,270,2023-05-31,0.2,Recruiting,https://www.sec.gov/ix?doc=/Archives/edgar/data/1617553/000161755323000028/zip-20230531.htm,Post-IPO,769,United States,2023-05-31T20:59:06.000Z,
Vendr,Boston,100,2023-05-31,0.25,Other,https://www.theinformation.com/briefings/software-cost-management-startup-vendr-lays-off-25,Series B,216,United States,2023-05-31T22:45:16.000Z,
McMakler,"Berlin, Non-U.S.",60,2023-05-31,,Real Estate,https://www.businessinsider.de/gruenderszene/business/wieder-entlassungen-bei-immobilien-startup-mcmakler/,Unknown,214,Germany,2023-06-02T02:58:27.000Z,
Mux,SF Bay Area,40,2023-05-31,0.3,Infrastructure,Internal memo,Series D,173,United States,2023-06-02T12:46:13.000Z,
Away,New York City,22,2023-05-31,0.08,Retail,https://pitchbook.com/news/articles/away-direct-to-consumer-layoffs-venture-capital,Series D,181,United States,2023-08-15T00:12:35.000Z,
Taxfix,"Berlin, Non-U.S.",120,2023-05-30,0.2,Finance,https://techcrunch.com/2023/05/30/taxfix-layoffs/,Series D,330,Germany,2023-05-31T01:39:43.000Z,
Mensa Brands,"Bengaluru, Non-U.S.",30,2023-05-30,,Retail,https://inc42.com/buzz/layoffs-continue-mensa-brands-fires-employees-from-recently-acquired-india-lifestyle-network/,Unknown,254,India,2023-05-31T01:29:40.000Z,
Coupa,SF Bay Area,,2023-05-30,,Finance,https://www.pymnts.com/spend-management/2023/coupa-software-cutting-jobs-as-part-of-company-reset-strategy/,Acquired,219,United States,2023-06-01T04:46:29.000Z,
Nansen,"Singapore, Non-U.S.",,2023-05-30,,Crypto,https://twitter.com/ASvanevik/status/1663565124970610688,Series B,88,Singapore,2023-05-31T01:31:23.000Z,
PacketFabric,Los Angeles,,2023-05-30,,Infrastructure,https://www.linkedin.com/posts/packetfabric_with-the-growth-of-any-organization-comes-activity-7069360909927788544-XuBz/,Unknown,109,United States,2023-05-31T19:57:08.000Z,
Evolve,Denver,164,2023-05-29,0.14,Travel,https://skift.com/blog/evolve-lays-off-14-percent-of-its-staff/,Series F,224,United States,2023-09-14T13:56:55.000Z,
Project44,Chicago,130,2023-05-26,0.1,Logistics,https://www.freightwaves.com/news/project44-cuts-workforce-warns-of-changing-freighttech-investor-sentiment,Unknown,817,United States,2023-05-27T14:25:40.000Z,
DHI Group,New York City,53,2023-05-26,0.1,Recruiting,https://aimgroup.com/2023/05/26/dhi-group-to-cut-workforce-by-10/,Post-IPO,,United States,2023-06-06T15:15:42.000Z,
BenevolentAI,"London, Non-U.S.",180,2023-05-25,,Healthcare,https://endpts.com/benevolentai-lays-off-around-180-staffers-cuts-pipeline-programs-in-reorg/,Private Equity,292,United Kingdom,2023-05-26T04:32:17.000Z,
Airmeet,"Bengaluru, Non-U.S.",75,2023-05-25,0.3,Marketing,https://inc42.com/buzz/exclusive-prosus-backed-airmeet-lays-off-30-of-its-workforce/,Series B,50,India,2023-05-26T04:26:32.000Z,
Circus Kitchens,"Hamburg, Non-U.S.",35,2023-05-25,,Food,https://www.businessinsider.de/gruenderszene/food/massenentlassung-beim-lieferdienst-startup-circus-kitchens/,Seed,12,Germany,2023-05-26T04:22:22.000Z,
Jellysmack,"Paris, Non-U.S.",13,2023-05-25,,Media,https://www.businessinsider.com/creator-economy-startup-jellysmack-laid-off-us-france-staff-layoffs-2023-5,Series C,22,France,2024-01-20T01:59:36.000Z,
Kabam,SF Bay Area,,2023-05-25,0.12,Consumer,https://www.pocketgamer.biz/news/81603/kabam-to-lay-off-12-of-workforce/,Acquired,244,United States,2023-05-26T04:30:34.000Z,
Guild,Denver,172,2023-05-24,0.12,Education,https://www.bizjournals.com/denver/news/2023/05/25/guild-layoffs.html,Series F,643,United States,2023-05-26T04:29:11.000Z,
WillowTree,Charlottesville,120,2023-05-24,0.11,Marketing,https://www.nbc29.com/2023/05/24/23-charlottesville-area-employees-laid-off-willowtree/,Acquired,,United States,2023-05-24T21:04:43.000Z,
Flink,"Berlin, Non-U.S.",100,2023-05-24,0.16,Food,https://www.businessinsider.de/gruenderszene/food/uebernahme-durch-getir-vom-tisch-flink-findet-neues-investorengeld-bewertung-sinkt-massiv/,Series B,1000,Germany,2023-05-24T21:01:46.000Z,
Western Digital,"Kfar Saba, Non-U.S.",60,2023-05-24,0.07,Hardware,https://www.calcalistech.com/ctechnews/article/sk4mliohh,Post-IPO,900,Israel,2023-06-02T12:39:14.000Z,
Alibaba Cloud,"Hangzhou, Non-U.S.",,2023-05-24,0.07,Data,https://www.cnbc.com/2023/05/23/alibaba-to-cut-7percent-of-workforce-in-its-cloud-unit-as-it-pursues-ipo-.html,Subsidiary,,China,2023-05-24T15:34:19.000Z,
Brainly,"Krakow, Non-U.S.",,2023-05-24,0.3,Education,https://www.linkedin.com/posts/brainly-com_announcement-activity-7067026338280300545-Nn9j/,Series D,148,Poland,2023-05-24T15:42:48.000Z,
Reliance JioMart,"Mumbai, Non-U.S.",1000,2023-05-23,,Food,https://economictimes.indiatimes.com/tech/technology/reliances-wholesale-format-fires-1000-a-bigger-layoff-round-likely/articleshow/100428603.cms,Subsidiary,,India,2023-05-23T14:59:48.000Z,
Qualcomm,"Haifa, Non-U.S.",30,2023-05-23,,Hardware,https://www.calcalistech.com/ctechnews/article/hkfdle9s3,Post-IPO,,Israel,2023-06-02T12:37:45.000Z,
SoundCloud,"Berlin, Non-U.S.",,2023-05-23,0.08,Consumer,https://www.billboard.com/pro/soundcloud-layoffs-job-cuts-further-investment-profit/,Unknown,542,Germany,2023-05-24T02:15:28.000Z,
Tractable,"London, Non-U.S.",,2023-05-23,,Finance,https://www.businessinsider.com/ai-startup-tractable-lays-off-staff-despite-the-gold-rush-2023-5,Series D,119,United Kingdom,2023-05-25T00:49:25.000Z,
AppFolio,Santa Barbara,62,2023-05-22,,Real Estate,https://www.pacbiztimes.com/2023/05/22/appfolio-lays-off-62-people/,Post-IPO,30,United States,2023-05-24T02:17:16.000Z,
Daylight,Los Angeles,,2023-05-22,1,Finance,https://techcrunch.com/2023/05/22/daylight-the-lgbtq-neobank-calls-it-quits/,Series A,20,United States,2023-10-26T17:48:29.000Z,
FemTech Health,Houston,,2023-05-22,1,Healthcare,https://www.axios.com/pro/health-tech-deals/2023/05/22/femtec-health-shuts-down,Unknown,,United States,2023-05-22T23:48:51.000Z,
Paperless Parts,Boston,,2023-05-22,,Manufacturing,https://www.bizjournals.com/boston/inno/stories/news/2023/05/22/paperless-parts-layoffs.html,Series B,30,United States,2023-05-24T02:12:37.000Z,
Nuance Communications,Boston,,2023-05-20,,Healthcare,https://www.bostonglobe.com/2023/05/20/business/layoffs-hit-nuance-after-microsoft-acquisition/,Acquired,,United States,2023-05-22T23:49:26.000Z,
Moss,"Berlin, Non-U.S.",30,2023-05-19,,Finance,https://financefwd.com/de/moss-mitarbeiter-entlassungen-2/,Series B,150,Germany,2023-05-24T15:43:50.000Z,
Pie Insurance,Washington D.C.,63,2023-05-18,0.14,Finance,https://media.pieinsurance.com/press-releases/a-message-from-pies-ceo/,Series D,621,United States,2023-05-18T19:51:36.000Z,
Clearbit,SF Bay Area,,2023-05-18,,Sales,https://clearbit.com/blog/an-update-from-clearbits-returning-ceo-matt-sornson,Series A,17,United States,2023-05-18T16:31:56.000Z,
dbt Labs,Philadelphia,,2023-05-18,0.15,Data,https://www.getdbt.com/blog/dbt-labs-update-a-message-from-ceo-tristan-handy/,Series D,414,United States,2023-05-18T21:47:31.000Z,
L1ght,"Tel Aviv, Non-U.S.",,2023-05-18,1,Other,https://www.calcalistech.com/ctechnews/article/skenly7sn,Seed,15,Israel,2023-05-19T23:47:06.000Z,
Nextbite,Denver,,2023-05-18,,Food,https://www.restaurantdive.com/news/nextbite-lays-off-employees-may-shut-down/650688/,Series C,150,United States,2023-05-20T23:07:52.000Z,
TuSimple,San Diego,,2023-05-18,0.3,Transportation,https://techcrunch.com/2023/05/18/tusimple-to-lay-off-30-of-u-s-workforce-keep-china-business/,Post-IPO,648,United States,2023-05-18T16:38:38.000Z,
Stash,New York City,40,2023-05-17,0.1,Finance,https://www.axios.com/pro/fintech-deals/2023/05/17/stash-lays-off-10-percent-reorganization,Unknown,480,United States,2023-05-19T23:47:15.000Z,
Formstack,Indianapolis,,2023-05-17,0.4,Other,https://www.linkedin.com/feed/update/urn:li:activity:7064618034325327872/,Private Equity,425,United States,2023-05-17T21:19:11.000Z,
Cerner,Kansas City,3000,2023-05-16,0.11,Healthcare,https://www.businessinsider.com/oracle-halted-raises-layoffs-after-cerner-deal-2023-5,Acquired,,United States,2023-05-17T15:08:37.000Z,
Zepz,"London, Non-U.S.",420,2023-05-16,0.26,Finance,https://www.cnbc.com/2023/05/16/fintech-unicorn-zepz-owner-of-worldremit-lays-off-26percent-of-staff.html,Series E,700,United Kingdom,2023-05-16T22:00:47.000Z,
Lemonade,New York City,45,2023-05-16,0.03,Finance,https://www.calcalistech.com/ctechnews/article/s18wcz11r2,Post-IPO,481,United States,2023-05-16T21:59:58.000Z,
DroneUp,Norfolk,,2023-05-16,,Logistics,https://www.cnbc.com/2023/05/16/walmart-backed-drone-delivery-startup-droneup-is-cutting-jobs-.html,Unknown,7,United States,2023-05-16T22:33:40.000Z,
Quanto,"Sao Paulo, Non-U.S.",,2023-05-16,0.85,Finance,https://www.linkedin.com/posts/quantofinance_carta-aberta-sobre-a-reestrutura%C3%A7%C3%A3o-das-opera%C3%A7%C3%B5es-activity-7064317169307721729-kdec/,Series A,20,Brazil,2023-05-18T21:49:12.000Z,
Cana,SF Bay Area,,2023-05-13,1,Food,https://thespoon.tech/cana-the-startup-building-a-make-any-drink-beverage-printer-shuts-down/,Unknown,30,United States,2023-05-14T15:37:22.000Z,
Nuro,SF Bay Area,340,2023-05-12,0.3,Transportation,https://techcrunch.com/2023/05/12/autonomous-delivery-startup-nuro-to-lay-off-30-of-workforce/,Series D,2100,United States,2023-05-11T00:12:57.000Z,
Telenav,"Cluj-Napoca, Non-U.S.",172,2023-05-12,,Transportation,https://www.romania-insider.com/telenav-closes-cluj-office-may-2023,Post-IPO,30,Romania,2023-05-12T14:48:51.000Z,
Happay,"Bengaluru, Non-U.S.",160,2023-05-12,0.35,Finance,https://inc42.com/buzz/exclusive-cred-owned-happay-trims-35-workforce/,Acquired,21,India,2023-05-15T16:00:37.000Z,
Slickdeals,Las Vegas,79,2023-05-12,0.33,Retail,Company exec,Unknown,,United States,2023-05-15T20:58:51.000Z,
Toothsi,"Mumbai, Non-U.S.",20,2023-05-12,,Healthcare,https://www.moneycontrol.com/news/business/startup/dental-tech-startup-toothsi-lays-off-20-30-employees-amid-funding-crunch-10574111.html,Series C,87,India,2023-05-14T15:40:16.000Z,
Everlaw,SF Bay Area,,2023-05-12,0.1,Legal,https://www.law360.com/pulse/legal-tech/articles/1607469/e-discovery-co-everlaw-conducts-10-staff-reduction,Series D,298,United States,2023-05-13T20:42:13.000Z,
Tessera,New York City,,2023-05-12,1,Crypto,https://www.coindesk.com/web3/2023/05/12/paradigm-backed-nft-ownership-platform-tessera-is-shutting-down/,Series A,43,United States,2023-05-15T16:02:22.000Z,
Cornershop,"Santiago, Non-U.S.",250,2023-05-11,0.11,Food,https://www.bloomberg.com/news/articles/2023-05-11/uber-owned-online-grocer-cornershop-eliminates-11-of-staff#xj4y7vzkg?leadSource=uverify%20wall,Acquired,31,Chile,2023-05-12T14:46:24.000Z,
Varo,SF Bay Area,97,2023-05-11,,Finance,https://www.varomoney.com/press/05112023-message-from-colin/,Series E,992,United States,2023-05-17T15:09:44.000Z,
CS Disco,Austin,,2023-05-11,0.08,Legal,https://www.law360.com/pulse/legal-tech/articles/1606941/legal-tech-co-disco-cuts-staff-8-in-2nd-round-of-layoffs,Post-IPO,233,United States,2023-05-12T14:50:17.000Z,
Microsoft,Seattle,158,2023-05-10,,Other,https://www.geekwire.com/2023/microsoft-cutting-more-jobs-in-seattle-region-beyond-global-layoffs-announced-in-january/,Post-IPO,1,United States,2023-05-11T00:12:03.000Z,
Redbubble,"Melbourne, Non-U.S.",70,2023-05-10,0.23,Retail,https://www.afr.com/technology/redbubble-axes-75-roles-in-a-new-cost-cutting-round-20230510-p5d762,Post-IPO,55,Australia,2023-05-10T15:01:22.000Z,
Similarweb,New York City,60,2023-05-10,0.06,Other,https://www.calcalistech.com/ctechnews/article/sya4wmt4h,Post-IPO,235,United States,2023-05-11T15:37:44.000Z,
Stack Overflow,New York City,58,2023-05-10,0.1,Recruiting,https://stackoverflow.blog/2023/05/10/a-message-from-prashanth-chandrasekar-ceo-stack-overflow/,Acquired,153,United States,2023-05-11T00:06:41.000Z,
Akamai,Boston,290,2023-05-09,0.03,Security,https://www.bizjournals.com/boston/news/2023/05/09/akamai-cuts-global-workforce-2023.html,Post-IPO,35,United States,2023-05-10T14:45:09.000Z,
Sonatype,Baltimore,100,2023-05-09,0.14,Security,https://www.theregister.com/2023/05/10/sonatype_job_cuts/,Acquired,154,United States,2023-05-11T00:10:18.000Z,
AudioCodes,"Tel Aviv, Non-U.S.",80,2023-05-09,0.06,Other,https://www.calcalistech.com/ctechnews/article/hjnggpd43,Post-IPO,91,Israel,2023-05-09T21:03:11.000Z,
Buzzer,New York City,,2023-05-09,,Media,https://sports.yahoo.com/buzzer-shut-down-app-license-130000688.html,Unknown,32,United States,2023-05-09T23:24:58.000Z,
Marqeta,SF Bay Area,,2023-05-09,0.15,Finance,https://www.fool.com/earnings/call-transcripts/2023/05/09/marqeta-mq-q1-2023-earnings-call-transcript/,Post-IPO,530,United States,2023-05-10T15:00:22.000Z,
LinkedIn,SF Bay Area,716,2023-05-08,0.04,Recruiting,https://www.reuters.com/technology/linkedin-cut-716-jobs-phase-out-china-local-jobs-app-2023-05-09/,Acquired,154,United States,2023-05-09T03:44:22.000Z,
Cuemath,"Bengaluru, Non-U.S.",100,2023-05-08,,Education,https://entrackr.com/2023/05/cuemath-lays-off-around-100-employees/,Unknown,121,India,2023-05-08T15:16:37.000Z,
Momentis Surgical,"Tel Aviv, Non-U.S.",70,2023-05-08,0.6,Healthcare,https://www.calcalistech.com/ctechnews/article/bk11kl2i43,Series D,,Israel,2023-05-13T20:43:11.000Z,
Glean AI,New York City,5,2023-05-08,,Finance,Company exec,Seed,11,United States,2023-05-16T22:35:08.000Z,
Everledger,"Brisbane, Non-U.S.",,2023-05-08,1,Crypto,https://www.afr.com/technology/government-and-tencent-backed-aussie-blockchain-firm-collapses-20230503-p5d58l,Unknown,27,Australia,2023-05-15T16:06:01.000Z,
Twist Bioscience,SF Bay Area,270,2023-05-05,0.25,Healthcare,https://www.biospace.com/article/releases/twist-bioscience-reports-fiscal-second-quarter-2023-financial-results/,Post-IPO,503,United States,2023-05-05T20:41:53.000Z,
Meesho,"Bengaluru, Non-U.S.",251,2023-05-05,0.15,Retail,https://www.moneycontrol.com/news/business/meesho-to-fire-251-employees-says-it-made-judgement-errors-in-over-hiring-ahead-of-the-curve-10531531.html,Series F,1100,India,2023-05-05T12:24:47.000Z,
Teachmint,"Bengaluru, Non-U.S.",70,2023-05-05,,Education,https://inc42.com/buzz/exclusive-teachmint-lays-off-over-70-employees-in-2nd-round-of-layoffs/,Series B,118,India,2023-05-05T12:27:47.000Z,
Eventus,Austin,,2023-05-05,0.33,Finance,https://www.thetradenews.com/eventus-cuts-staff-numbers-amid-challenging-funding-environment/,Series B,45,United States,2023-05-08T15:18:06.000Z,
Shopify,"Ottawa, Non-U.S.",2300,2023-05-04,0.2,Retail,https://www.cbc.ca/news/business/shopify-layoffs-1.6831842,Post-IPO,122,Canada,2023-05-04T15:05:30.000Z,
Sabre,Dallas,1100,2023-05-04,0.15,Travel,https://skift.com/2023/05/04/sabre-is-cutting-15-percent-of-its-workforce-roughly-1100-jobs/,Post-IPO,1700,United States,2023-05-05T12:26:14.000Z,
Scribe Media,Austin,90,2023-05-04,1,Marketing,https://www.bizjournals.com/austin/inno/stories/news/2023/05/30/scribe-media-shuts-down-and-lays-off-90-employees.html,Unknown,,United States,2023-05-31T19:56:29.000Z,
Autograph,Los Angeles,30,2023-05-04,0.33,Crypto,https://www.businessinsider.com/tom-bradys-nft-startup-autograph-layoffs-crypto-2023-5?IR=T,Series B,205,United States,2023-05-05T20:39:28.000Z,
Earnix,"Tel Aviv, Non-U.S.",30,2023-05-04,0.1,Finance,https://www.calcalistech.com/ctechnews/article/hymylgzvh,Unknown,100,Israel,2023-05-04T15:13:27.000Z,
Karma,"Tel Aviv, Non-U.S.",20,2023-05-04,0.28,Retail,https://www.calcalistech.com/ctechnews/article/bj11xzuw43,Series A,34,Israel,2023-05-05T23:40:13.000Z,
Glassbox,"London, Non-U.S.",,2023-05-04,0.14,Data,https://www.calcalistech.com/ctechnews/article/s1zmauznn,Series C,70,United Kingdom,2023-05-05T23:39:20.000Z,
Unity,SF Bay Area,600,2023-05-03,0.08,Other,https://www.wsj.com/articles/unity-conducts-its-third-and-largest-round-of-layoffs-in-a-year-48fdafe1,Post-IPO,1300,United States,2023-05-03T14:41:15.000Z,
Upwork,SF Bay Area,137,2023-05-03,0.15,Other,https://www.upwork.com/press/releases/a-message-from-our-ceo,Post-IPO,168,United States,2023-05-03T22:17:19.000Z,
Cars24,"Jakarta, Non-U.S.",100,2023-05-03,,Transportation,https://inc42.com/buzz/cars24-shuts-shop-in-indonesia-saudi-arabia-to-focus-on-india-ops/?utm_source=ActiveCampaign&utm_medium=email&utm_content=Profit++Karo++On+Paytm+s+Mind%21+%7C+Two+Bengaluru+Unicorns+Cut+Jobs+%7C+Tim+Cook+s+%E2%9D%A4%EF%B8%8F+For+India&utm_campaign=Morning+Newsletter+-+New+Template+06+May&vgo_ee=vZ%2BZfbikRuPiTdEJPl5%2BEYyCJFrocn5no%2Bm25FjbMJUy9Zuq7w%3D%3D%3AAqF8bsXWMtjx1ZHWtxqmJxDrH43MqNRa,Series G,1300,Indonesia,2023-05-07T00:39:21.000Z,
Brightcove,Boston,70,2023-05-03,0.1,Marketing,https://www.bizjournals.com/boston/news/2023/05/03/brightcove-cuts-across-organization.html,Post-IPO,145,United States,2023-05-04T15:12:17.000Z,
Healthy.io,"Tel Aviv, Non-U.S.",70,2023-05-03,0.33,Healthcare,https://www.calcalistech.com/ctechnews/article/b11800cknh,Series D,185,Israel,2023-05-03T23:47:00.000Z,
Zymergen,SF Bay Area,27,2023-05-03,,Other,https://www.biospace.com/article/biospace-layoff-tracker-2023-athenex-shutters-facility-cuts-staff/,Acquired,974,United States,2023-05-05T20:40:15.000Z,
TheSkimm,New York City,22,2023-05-03,0.13,Media,https://www.businessinsider.com/newsletter-publisher-theskimm-laid-off-13-percent-second-round-2023-2023-5,Series C,28,United States,2023-05-08T15:20:34.000Z,
Brightline,SF Bay Area,,2023-05-03,0.2,Healthcare,https://www.beckershospitalreview.com/digital-health/digital-health-startup-brightline-lays-off-20-of-staff-again.html,Series C,212,United States,2023-05-03T23:47:58.000Z,
Bishop Fox,Phoenix,50,2023-05-02,0.13,Security,https://techcrunch.com/2023/05/03/bishop-fox-lays-off-employees-days-after-throwing-conference-party/,Series B,146,United States,2023-05-03T23:42:35.000Z,
Zoomo,"Sydney, Non-U.S.",27,2023-05-02,0.08,Transportation,https://www.businessnewsaustralia.com/articles/sydney-e-bike-provider-zoomo-cuts-8-per-cent-of-its-workforce.html,Series B,105,Australia,2023-05-02T16:26:35.000Z,
Vallai,"Paris, Non-U.S.",,2023-05-02,1,Data,https://www.linkedin.com/feed/update/urn:li:activity:7059041318760501250/,Seed,,France,2023-05-04T15:11:26.000Z,
SAS,Raleigh,250,2023-05-01,,Data,https://wraltechwire.com/2023/05/01/sas-to-close-some-international-offices-making-selective-hires-in-prepping-for-stock-offering/,Unknown,,United States,2023-07-05T00:16:58.000Z,
Lev,New York City,34,2023-05-01,,Real Estate,https://therealdeal.com/new-york/2023/05/01/cre-finance-platform-lev-lays-off-more-staff/,Series B,114,United States,2023-05-01T23:51:06.000Z,
PharmEasy,"Mumbai, Non-U.S.",,2023-05-01,,Healthcare,https://www.dealstreetasia.com/stories/pharmeasy-layoffs-341548,Unknown,1600,India,2023-05-02T16:23:27.000Z,
Vah Vah!,"Bengaluru, Non-U.S.",150,2023-04-30,,Education,https://inc42.com/features/how-former-zynga-india-head-silently-shut-his-startup-after-slashing-150-jobs/,Seed,2,India,2023-07-19T16:37:06.000Z,
Cogito,"New Delhi, Non-U.S.",177,2023-04-29,,Data,https://inc42.com/buzz/protests-erupt-data-startup-cogito-fires-177-indian-employees/,Unknown,,India,2023-05-01T14:36:18.000Z,
Cue Health,San Diego,326,2023-04-28,0.3,Healthcare,https://www.sec.gov/Archives/edgar/data/1628945/000162894523000085/hlth-20230428.htm,Post-IPO,899,United States,2023-05-01T23:57:54.000Z,
N26,"Berlin, Non-U.S.",71,2023-04-28,0.04,Finance,https://www.businessinsider.de/gruenderszene/fintech/folgen-der-krise-n26-entlaesst-mitarbeiter/,Series E,1700,Germany,2023-04-28T04:43:46.000Z,
Embark Vet,Boston,28,2023-04-28,,Healthcare,https://docs.google.com/spreadsheets/d/12HLkzExDs4cXgF8FGl8M6D3Zilpr4iWMJHVGfGy4szk/edit#gid=113211201,Series B,94,United States,2023-05-10T14:56:08.000Z,
Poparazzi,Los Angeles,,2023-04-28,1,Consumer,https://techcrunch.com/2023/05/01/once-hot-photo-sharing-social-app-poparazzi-is-shutting-down/,Series A,15,United States,2023-05-03T14:44:12.000Z,
Providoor,"Melbourne, Non-U.S.",,2023-04-28,1,Food,https://www.afr.com/technology/celebrity-chef-s-tech-firm-providoor-collapses-20230428-p5d430,Unknown,,Australia,2023-04-29T03:11:08.000Z,
Dropbox,SF Bay Area,500,2023-04-27,0.16,Other,https://blog.dropbox.com/topics/company/a-message-from-drew,Post-IPO,1700,United States,2023-04-27T14:35:46.000Z,
Alteryx,Los Angeles,320,2023-04-27,0.11,Data,https://siliconangle.com/2023/04/27/alteryx-delivers-mixed-earnings-results-plans-cut-11-staff/,Post-IPO,613,United States,2023-04-28T04:52:03.000Z,
Vroom,New York City,120,2023-04-27,0.11,Transportation,https://www.hrkatha.com/news/layoff/vroom-to-let-go-11-workforce/,Post-IPO,1300,United States,2023-04-28T04:47:16.000Z,
Greenhouse,New York City,100,2023-04-27,0.12,Recruiting,https://www.greenhouse.com/blog/navigating-market-uncertainty,Private Equity,110,United States,2023-04-27T16:17:33.000Z,
Rebellion Defense,Washington D.C.,90,2023-04-27,,Data,https://blog.rebelliondefense.com/a-difficult-decision-for-rebellion-5fe0fbc927e4,Series B,150,United States,2023-04-29T03:13:47.000Z,
Poppulo,Denver,85,2023-04-27,,HR,https://www.rte.ie/news/business/2023/0427/1379567-poppulo-to-lay-off-21-staff-in-ireland-to-cut-costs/,Acquired,30,United States,2023-04-29T03:12:11.000Z,
Megaport,"Brisbane, Non-U.S.",50,2023-04-27,0.16,Infrastructure,https://cdn-api.markitdigital.com/apiman-gateway/ASX/asx-research/1.0/file/2924-02659300-2A1446019?access_token=83ff96335c2d45a094df02a206a39ff4,Post-IPO,98,Australia,2023-04-29T03:10:01.000Z,
Airtasker,"Sydney, Non-U.S.",45,2023-04-27,0.2,Retail,https://www.businessnewsaustralia.com/articles/airtasker-makes-20pc-of-employees-redundant.html,Series C,26,Australia,2023-04-28T04:55:48.000Z,
Chief,New York City,43,2023-04-27,0.14,Other,https://techcrunch.com/2023/04/27/chief-a-professional-network-for-women-leaders-cuts-staff-amid-restructuring-effort/,Series B,140,United States,2023-04-27T19:10:57.000Z,
Tickertape,"Bengaluru, Non-U.S.",29,2023-04-27,0.29,Finance,https://entrackr.com/2023/04/smallcase-backed-tickertape-layoff-30-workforce/,Seed,5,India,2023-04-28T04:45:34.000Z,
Clubhouse,SF Bay Area,,2023-04-27,0.5,Consumer,https://blog.clubhouse.com/april-27-2023/,Series C,110,United States,2023-04-27T20:17:05.000Z,
Oddle,"Singapore, Non-U.S.",,2023-04-27,0.25,Food,https://www.techinasia.com/fb-startup-oddle-cuts-25-staff-profitability-push,Series B,9,Singapore,2023-04-29T03:41:09.000Z,
Rad Power Bikes,Seattle,,2023-04-27,,Transportation,https://www.bicycleretailer.com/industry-news/2023/04/27/rad-power-bikes-has-more-layoffs,Series D,329,United States,2024-08-01T19:07:30.000Z,
Extramarks,"Noida, Non-U.S.",300,2023-04-26,,Education,https://inc42.com/buzz/exclusive-reliance-backed-edtech-startup-extramarks-fires-over-300-employees-to-shut-b2c-biz/,Unknown,,India,2023-04-26T22:04:41.000Z,
Teampay,New York City,30,2023-04-26,0.33,Finance,https://www.axios.com/pro/fintech-deals/2023/04/26/corporate-card-teampay-layoffs-30-percent,Series B,79,United States,2023-04-28T04:39:43.000Z,
RenoRun,"Montreal, Non-U.S.",,2023-04-26,1,Construction,https://betakit.com/renorun-shuts-down-operations-as-it-pursues-sale-of-assets/,Series B,163,Canada,2023-05-02T18:08:16.000Z,
Skill Lync,"Chennai, Non-U.S.",400,2023-04-25,,Education,https://inc42.com/buzz/exclusive-iron-pillar-backed-edtech-startup-skill-lync-fires-over-400-employees/,Series A,17,India,2023-04-25T13:56:44.000Z,
Rapid,SF Bay Area,115,2023-04-25,0.5,Finance,https://techcrunch.com/2023/04/25/rapidapi-valued-at-1-billion-last-year-cuts-staff-by-50/,Series D,272,United States,2023-04-25T18:47:35.000Z,
Rapid,SF Bay Area,70,2023-04-25,0.3,Finance,https://techcrunch.com/2023/05/05/rapidapi-headcount-down-82-from-fresh-layoffs-less-than-two-weeks-after-cutting-50-of-staff/,Series D,272,United States,2023-05-05T20:46:56.000Z,
Flink,"Berlin, Non-U.S.",8000,2023-04-24,0.4,Food,https://www.manager-magazin.de/unternehmen/tech/flink-lieferdienst-hat-still-und-leise-8000-jobs-abgeschafft-a-caa29cb9-82b5-4d1e-83ca-a29efaccd25d,Series B,1000,Germany,2023-04-25T13:58:38.000Z,
Red Hat,Raleigh,760,2023-04-24,0.04,Other,https://abc11.com/jobs-red-hat-careers-layoffs-raleigh-nc/13180340/,Acquired,,United States,2023-04-24T15:39:24.000Z,
BigPanda,SF Bay Area,40,2023-04-24,0.13,Infrastructure,https://www.calcalistech.com/ctechnews/article/hjmakgn73,Series E,337,United States,2023-04-25T13:55:53.000Z,
Lyft,SF Bay Area,1072,2023-04-21,0.26,Transportation,https://www.cnbc.com/2023/04/27/lyft-layoffs-company-to-cut-1072-employees-or-26percent-of-its-workforce.html,Post-IPO,4900,United States,2023-04-21T16:30:44.000Z,
Benchling,SF Bay Area,74,2023-04-21,0.09,Other,https://www.reuters.com/technology/life-sciences-software-startup-benchling-lays-off-9-workforce-2023-04-21/,Series F,411,United States,2023-04-22T03:37:53.000Z,
Pluralsight,Salt Lake City,,2023-04-21,,Education,https://www.sltrib.com/news/2023/04/21/utah-tech-company-pluralsight-lays/,Acquired,192,United States,2023-04-23T22:31:27.000Z,
BuzzFeed,New York City,180,2023-04-20,0.15,Media,https://variety.com/2023/digital/news/buzzfeed-news-shutting-down-layoffs-1235589751/,Post-IPO,696,United States,2023-04-20T20:20:35.000Z,
Koo,"Bengaluru, Non-U.S.",78,2023-04-20,0.3,Consumer,https://economictimes.indiatimes.com/tech/startups/twitters-rival-koo-fires-30-staff-on-funding-crunch/articleshow/99632488.cms,Series B,50,India,2023-04-20T15:44:14.000Z,
Open,"Bengaluru, Non-U.S.",47,2023-04-20,,Finance,https://entrackr.com/2023/04/exclusive-neobank-open-lays-off-around-50-employees/,Series D,190,India,2023-04-20T15:56:57.000Z,
Gloat,New York City,35,2023-04-20,0.12,HR,https://www.calcalistech.com/ctechnews/article/ry8dgb1x3,Series D,192,United States,2023-04-21T15:36:22.000Z,
Insider,New York City,,2023-04-20,0.1,Media,https://www.thedailybeast.com/insider-to-lay-off-10-percent-of-staffers-company-says,Unknown,,United States,2023-04-20T15:58:48.000Z,
Iress,"Melbourne, Non-U.S.",,2023-04-20,0.1,Finance,https://www.moneymanagement.com.au/news/people-products/iress-announces-management-restructure-and-job-cuts,Unknown,,Australia,2023-09-24T17:49:13.000Z,
Lenovo,Raleigh,,2023-04-20,,Hardware,https://www.channelweb.co.uk/news/4112502/lenovo-layoffs-confirmed-response-pc-downturn-report,Post-IPO,850,United States,2023-04-20T15:59:50.000Z,
F5,Seattle,623,2023-04-19,0.09,Security,https://www.reuters.com/technology/software-firm-f5-layoff-9-staff-trims-fiscal-revenue-guidance-2023-04-19/,Post-IPO,,United States,2023-04-20T15:56:32.000Z,
WalkMe,SF Bay Area,112,2023-04-19,0.1,Other,https://www.calcalistech.com/ctechnews/article/byc3z4pgn,Post-IPO,307,United States,2023-04-19T15:39:22.000Z,
Opendoor,SF Bay Area,560,2023-04-18,0.22,Real Estate,https://www.inman.com/2023/04/18/opendoor-lays-off-22-of-its-workforce-in-latest-round-of-cuts/,Post-IPO,1900,United States,2023-04-18T17:55:14.000Z,
Noon,"Riyadh, Non-U.S.",340,2023-04-18,0.1,Retail,https://www.bloomberg.com/news/articles/2023-04-18/amazon-s-middle-east-rival-noon-cuts-10-of-jobs-to-pare-costs?leadSource=uverify%20wall,Unknown,,Saudi Arabia,2023-04-19T00:23:39.000Z,
Culture Amp,"Melbourne, Non-U.S.",90,2023-04-18,0.09,HR,https://www.startupdaily.net/topic/business/hr-unicorn-culture-amp-is-the-latest-tech-company-to-shed-jobs-cutting-90-roles/,Series F,257,Australia,2023-04-19T00:21:55.000Z,
TRM Labs,SF Bay Area,16,2023-04-18,0.09,Crypto,https://blockworks.co/news/crypto-hiring-custodian-copper,Series B,149,United States,2023-05-05T03:06:30.000Z,
CoLab,"Sydney, Non-U.S.",,2023-04-18,1,Food,https://7news.com.au/lifestyle/food/australian-food-delivery-service-colab-announces-it-will-close-its-doors--c-10319763,Seed,3,Australia,2023-04-20T15:57:59.000Z,
Ten Square Games,"Wrocław, Non-U.S.",120,2023-04-17,0.25,Consumer,https://economictimes.indiatimes.com/tech/technology/ten-square-games-to-lay-off-25-of-staff-suspend-two-major-projects/articleshow/99558794.cms,Seed,,Poland,2023-04-18T04:44:03.000Z,
Clearcover,Chicago,81,2023-04-17,0.15,Finance,https://coverager.com/layoffs-at-clearcover/,Series D,304,United States,2023-04-25T22:57:09.000Z,
Paper,"Montreal, Non-U.S.",81,2023-04-17,0.03,Education,https://paper.co/inside-paper/a-message-from-papers-ceo-and-founder-philip-cutler,Series D,389,Canada,2023-05-17T21:20:16.000Z,
Ynsect,"Paris, Non-U.S.",17,2023-04-17,0.25,Food,https://pitchbook.com/news/articles/agtech-ynsect-funding-layoffs,Series D,579,France,2023-04-18T04:45:17.000Z,
FamPay,"Bengaluru, Non-U.S.",,2023-04-17,,Finance,https://entrackr.com/2023/04/exclusive-fampay-lays-off-staff-sees-top-level-exits/,Series A,42,India,2023-04-17T15:21:36.000Z,
Kumu,"Manila, Non-U.S.",,2023-04-17,,Media,https://www.techinasia.com/kumus-struggle-layoffs-departures-slash-workforce,Series C,94,Philippines,2023-04-18T04:42:45.000Z,
Utopia Music,"Zug, Non-U.S.",,2023-04-17,0.15,Other,https://www.billboard.com/pro/utopia-music-layoffs-gloal-job-cuts-ceo-memo/,Series B,,Switzerland,2023-07-23T16:06:15.000Z,
Quadream,"Tel Aviv, Non-U.S.",,2023-04-16,1,Security,https://www.calcalistech.com/ctechnews/article/hy78kiym2,Unknown,,Israel,2023-04-17T00:59:34.000Z,
Drip Capital,SF Bay Area,75,2023-04-14,0.2,Finance,https://inc42.com/buzz/exclusive-trade-financing-startup-drip-capital-lays-off-20-employees/,Series C,85,United States,2023-04-15T01:36:30.000Z,
Community Gaming,New York City,17,2023-04-14,0.17,Crypto,https://decrypt.co/136786/web3-startup-community-gaming-confirms-layoffs-amid-esports-downturn,Series A,18,United States,2023-04-17T00:38:52.000Z,
Calibrate,New York City,,2023-04-14,0.18,Healthcare,https://news.bloomberglaw.com/daily-labor-report/weight-loss-telehealth-startup-calibrate-health-cuts-18-of-jobs,Series B,127,United States,2023-04-15T01:35:51.000Z,
OpenClassrooms,"Paris, Non-U.S.",,2023-04-14,0.25,Education,https://www.usine-digitale.fr/article/openclassrooms-reduit-ses-effectifs-d-un-quart.N2121446,Series C,150,France,2024-02-08T22:20:21.000Z,
Sayurbox,"Jakarta, Non-U.S.",,2023-04-14,,Food,https://www.cnbcindonesia.com/tech/20230414134641-37-429990/sayurbox-phk-massal-karyawan-jelang-lebaran,Series C,139,Indonesia,2023-05-26T04:24:00.000Z,
Snyk,Boston,128,2023-04-13,,Security,https://snyk.io/blog/snyk-evolution-april-13/,Series F,849,United States,2023-04-14T03:03:58.000Z,
Astronomer,Cincinnati,100,2023-04-13,0.4,Data,Internal memo,Series C,282,United States,2023-04-15T01:38:02.000Z,
Bluepad,"Bengaluru, Non-U.S.",,2023-04-13,1,Media,https://inc42.com/buzz/vernacular-content-platform-bluepad-shuts-down/,Seed,,India,2023-04-14T03:07:39.000Z,
Heygo,"London, Non-U.S.",,2023-04-13,1,Travel,https://skift.com/2023/04/13/why-travel-tech-startup-heygo-closed-a-year-after-raising-20-million/,Series A,20,United Kingdom,2023-04-14T03:19:33.000Z,
Lazerpay,"Lagos, Non-U.S.",,2023-04-13,1,Crypto,https://techpoint.africa/2023/04/13/lazerpay-shuts-down/,Unknown,,Nigeria,2023-04-14T03:18:25.000Z,
Mediafly,Chicago,,2023-04-13,,Sales,https://www.linkedin.com/feed/update/urn:li:activity:7052332154709540864/,Private Equity,59,United States,2023-04-14T03:14:07.000Z,
Viasat,San Diego,300,2023-04-12,0.04,Other,https://www.sandiegouniontribune.com/business/story/2023-04-12/viasat-trims-global-workforce,Post-IPO,366,United States,2023-04-25T13:57:35.000Z,
Science 37,Los Angeles,140,2023-04-12,,Healthcare,https://www.bizjournals.com/triangle/news/2023/04/12/science-37-cutting-140-jobs-us-europe-asia-growth.html,Post-IPO,347,United States,2023-05-05T20:45:57.000Z,
Medtronic,SF Bay Area,59,2023-04-12,,Healthcare,https://www.massdevice.com/medtronic-layoffs-california/,Post-IPO,5900,United States,2023-04-14T03:06:16.000Z,
Milkrun,"Sydney, Non-U.S.",400,2023-04-11,1,Food,https://www.forbes.com.au/news/investing/milkrun-collapses-as-400-staff-made-redundant/,Series A,86,Australia,2023-04-11T03:48:52.000Z,
Redfin,Seattle,201,2023-04-11,0.04,Real Estate,https://www.geekwire.com/2023/redfin-lays-off-201-employees-as-housing-market-continues-to-retrench/,Post-IPO,320,United States,2023-04-14T02:59:09.000Z,
Permutive,"London, Non-U.S.",80,2023-04-11,0.4,Marketing,https://www.businessinsider.com/permutive-announces-second-round-of-layoffs-2023-4?IR=T,Series C,105,United Kingdom,2023-04-14T03:02:59.000Z,
Examedi,"Santiago, Non-U.S.",45,2023-04-11,0.25,Healthcare,https://contxto.com/en/startups-es/this-week-in-startups-softbank-shakeups-krans-funding-round-and-layoffs-at-examedi/,Unknown,19,Chile,2023-04-17T00:37:15.000Z,
Acxiom,Little Rock,,2023-04-11,,Marketing,https://www.thecabin.net/news/acxiom-reduces-workforce-following-assessment/article_82704fbb-6267-5072-a057-b8f026aabe7a.html,Post-IPO,,United States,2023-04-12T22:19:55.000Z,
Euler Motors,"New Delhi, Non-U.S.",,2023-04-11,0.1,Transportation,https://entrackr.com/2023/04/ev-firm-euler-motors-lays-off-10-of-workforce-citing-restructuring/,Series C,92,India,2023-04-11T20:56:26.000Z,
Reforge,SF Bay Area,,2023-04-11,,Education,https://www.linkedin.com/posts/bbalfour_today-i-made-the-difficult-decision-to-part-activity-7051721504803229697-4wf_/,Series B,81,United States,2023-04-12T22:20:46.000Z,
Flock Freight,San Diego,45,2023-04-10,0.08,Logistics,https://www.freightwaves.com/news/flock-freight-under-fire-insiders-recount-toxic-work-culture-leadership-failures,Series D,399,United States,2023-05-18T19:53:43.000Z,
Nori,Seattle,10,2023-04-10,0.37,Energy,https://www.geekwire.com/2023/carbon-removal-startup-nori-lays-off-10-employees-citing-market-concerns/,Unknown,13,United States,2023-05-31T22:48:16.000Z,
Simpl,"Bengaluru, Non-U.S.",150,2023-04-09,0.25,Finance,https://entrackr.com/2023/04/exclusive-bnpl-startup-simpl-layoffs-over-150-employees/,Series B,71,India,2023-04-19T15:40:01.000Z,
Practo,"Bengaluru, Non-U.S.",41,2023-04-08,,Healthcare,https://inc42.com/buzz/practo-fires-41-employees-over-performance-issues/?utm_source=ActiveCampaign&utm_medium=email&utm_content=Insurance-Dekho+s+LIC+Playbook+%7C+Layoffs+At+Practo%2C+ZestMoney+%7C+Online+Betting+Ads+Under+Govt+s+Radar&utm_campaign=Morning+Newsletter+-+New+Template+8+April&vgo_ee=PV2n3HwtkpF6%2FSWkTE%2BLbU2PnrHTL7zklbRFWZn49c8%2FivNE%2BQ%3D%3D%3AjFxYJjNMz0p5NucAgOKx1lsiGYMyZigG,Series D,222,India,2023-04-09T15:21:14.000Z,
Pear Therapeutics,Boston,170,2023-04-07,0.92,Healthcare,https://www.statnews.com/2023/04/07/pear-therapeutics-bankruptcy-stock-sale/,Post-IPO,409,United States,2023-04-08T01:13:55.000Z,
Workit Health,Ann Arbor,100,2023-04-07,,Healthcare,https://bhbusiness.com/2023/04/07/virtual-sud-provider-workit-lays-off-100-employees-in-anticipation-of-dea-crackdown/,Series C,138,United States,2023-04-09T15:25:13.000Z,
ZestMoney,"Bengaluru, Non-U.S.",100,2023-04-07,0.2,Finance,https://www.moneycontrol.com/news/business/announcements/zestmoney-weighs-layoffs-as-deal-with-phonepe-falls-through-10342251.html,Series C,120,India,2023-04-01T01:56:46.000Z,
Absolute Software,"Vancouver, Non-U.S.",40,2023-04-06,0.05,Security,https://www.absolute.com/company/press-releases/2023/absolute-software-announces-workforce-restructuring/,Post-IPO,,Canada,2023-04-06T23:58:11.000Z,
Avocargo,"Berlin, Non-U.S.",16,2023-04-06,1,Transportation,https://www.businessinsider.de/gruenderszene/automotive-mobility/lastenrad-startup-avocargo-stellt-betrieb-ein/,Seed,,Germany,2023-04-08T01:11:39.000Z,
Dunzo,"Bengaluru, Non-U.S.",300,2023-04-05,0.3,Food,https://economictimes.indiatimes.com/tech/newsletters/morning-dispatch/scoop-dunzo-secures-75m-via-convertible-notes-fires-30-staff-tim-cook-may-visit-india-as-apple-opens-first-company-owned-store/articleshow/99281436.cms,Unknown,382,India,2023-04-06T03:11:10.000Z,
Amplitude,SF Bay Area,99,2023-04-05,0.13,Data,https://amplitude.com/blog/team-update,Post-IPO,311,United States,2023-04-05T18:14:10.000Z,
Talent.com,"Montreal, Non-U.S.",86,2023-04-05,0.18,Recruiting,https://aimgroup.com/2023/04/05/talent-com-cuts-25-of-staff-source-says/,Series B,150,Canada,2023-09-07T15:28:30.000Z,
1K Kirana,"Gurugram, Non-U.S.",600,2023-04-04,0.4,Retail,https://www.moneycontrol.com/news/business/startup/info-edge-ventures-backed-1k-kirana-lays-off-40-workforce-to-restructure-business-10359421.html,Series B,,India,2023-04-04T09:45:37.000Z,
Foundation Medicine,Boston,135,2023-04-04,,Healthcare,https://www.foundationmedicine.com/blog/a-strong-foundation-for-the-future,Acquired,96,United States,2023-04-09T15:19:57.000Z,
Finder,"Sydney, Non-U.S.",40,2023-04-04,,Retail,https://www.smh.com.au/technology/finder-cuts-staff-for-the-second-time-in-three-months-20230404-p5cxwr.html,Unknown,30,Australia,2023-04-11T20:57:50.000Z,
Boost,New York City,15,2023-04-04,0.2,Finance,https://boostinsurance.com/blog/a-message-from-boost-ceo-alex-maffeo/,Series B,37,United States,2023-04-05T00:23:08.000Z,
Cin7,"Auckland, Non-U.S.",,2023-04-04,,Retail,https://www.nzherald.co.nz/business/post-pandemic-hangover-auckland-based-e-tail-specialist-cin7-culls-staff/3ZF4L4NA2RCSZCO3LHPKOZBNYQ/,Private Equity,,New Zealand,2023-04-05T16:25:17.000Z,
Hyland Software,Cleveland,1000,2023-04-03,0.2,Other,https://www.cleveland.com/news/2023/04/westlake-based-hyland-software-will-layoff-1000-employees-20-of-workforce.html?outputType=amp,Acquired,,United States,2023-04-04T04:27:03.000Z,
View,SF Bay Area,170,2023-04-03,0.23,Other,https://therealdeal.com/national/2023/04/03/view-cuts-23-of-staff-seeks-funds-to-survive-2023/,Post-IPO,2300,United States,2023-04-05T00:24:25.000Z,
Guideline,SF Bay Area,48,2023-04-03,0.11,Finance,https://layoffstracker.com/guideline-to-lay-off-48-employees-11-workforce/,Series E,339,United States,2023-04-14T03:12:49.000Z,
Textio,Seattle,15,2023-04-03,0.12,Recruiting,https://www.geekwire.com/2020/textio-lays-off-30-amid-covid-19-seattle-startup-hopes-ai-writing-tech-will-aid-job-seekers/,Unknown,42,United States,2023-04-04T09:39:11.000Z,
Apple,SF Bay Area,,2023-04-03,,Retail,https://www.bloomberg.com/news/articles/2023-04-03/apple-to-make-small-number-of-job-cuts-in-some-corporate-retail-teams#xj4y7vzkg,Post-IPO,6200,United States,2023-04-05T16:10:00.000Z,
Checkout.com,"London, Non-U.S.",,2023-04-03,,Finance,https://sifted.eu/articles/checkout-com-executives-quit-layoffs-2023,Series D,1800,United Kingdom,2023-05-24T15:45:13.000Z,
Domestika,"Madrid, Non-U.S.",89,2023-03-31,0.45,Education,https://www.lavanguardia.com/economia/20230331/8869692/domestika-prepara-ere-despedir-89-personas-espana.html,Series D,130,Spain,2023-04-01T02:01:16.000Z,
Airbyte,SF Bay Area,,2023-03-31,,Data,Internal memo,Series B,181,United States,2023-04-12T22:18:19.000Z,
Hulu,"Beijing, Non-U.S.",200,2023-03-30,,Media,https://en.pingwest.com/w/11542,Acquired,683,China,2023-03-31T04:00:11.000Z,
Roku,SF Bay Area,200,2023-03-30,0.06,Media,https://www.reuters.com/technology/streaming-device-maker-roku-cut-200-jobs-second-round-layoffs-2023-03-30/,Post-IPO,208,United States,2023-03-30T22:58:53.000Z,
LendingTree,Charlotte,150,2023-03-30,0.13,Finance,https://www.wsoctv.com/news/local/lendingtree-cutting-workforce-by-13-latest-layoff-round/264JH3PRKNE4TH3HUR5WA7T6XU/,Post-IPO,,United States,2023-04-01T01:58:21.000Z,
FanClash,"Gurugram, Non-U.S.",100,2023-03-30,0.75,Consumer,https://inc42.com/buzz/exclusive-sequoia-backed-fanclash-fires-75-workforce-within-a-year-of-raising-40-mn/,Series B,50,India,2023-03-31T03:54:09.000Z,
Loop,Austin,19,2023-03-30,0.25,Finance,https://coverager.com/loop-conducts-another-round-of-layoffs/,Series A,24,United States,2023-04-03T03:41:53.000Z,
Crossbeam,Philadelphia,17,2023-03-30,0.15,Sales,https://technical.ly/startups/crossbeam-layoffs-2023/ ,Series C,116,United States,2023-06-01T04:47:53.000Z,
Spotify,"Stockholm, Non-U.S.",15,2023-03-30,,Media,https://www.bloomberg.com/news/newsletters/2023-03-30/tensions-flare-inside-npr-after-staff-layoffs-and-town-halls,Post-IPO,2100,Sweden,2023-04-01T02:00:22.000Z,
AnswerLab,SF Bay Area,,2023-03-30,0.17,Marketing,https://www.linkedin.com/feed/update/urn:li:activity:7047309428986953729/,Unknown,,United States,2023-03-31T04:04:58.000Z,
Endowus,"Singapore, Non-U.S.",,2023-03-30,,Finance,https://www.techinasia.com/endowus-cuts-10-staff-market-downturn,Unknown,44,Singapore,2023-08-07T14:50:39.000Z,
GoodWorker,"Singapore, Non-U.S.",,2023-03-30,0.9,Recruiting,https://www.dealstreetasia.com/stories/goodworker-lays-off-staff-336649,Acquired,,Singapore,2023-05-02T16:25:05.000Z,
Kyndryl,New York City,,2023-03-30,,Infrastructure,https://www.channelfutures.com/business-models/kyndryl-confirms-layoffs-as-no-1-cost-is-always-flesh-and-bone,Post-IPO,,United States,2023-04-01T01:54:56.000Z,
Nowports,"Monterrey, Non-U.S.",,2023-03-30,0.15,Logistics,https://www.montevideo.com.uy/Noticias/Unicornio-Nowports-realizo-algunos-despidos-pero-dice-que-su-nivel-economico-es-fuerte--uc849751,Series C,,Mexico,2023-05-10T15:02:57.000Z,
Unacademy,"Bengaluru, Non-U.S.",,2023-03-30,0.12,Education,https://inc42.com/buzz/unacademy-fires-380-employees-fourth-round-layoffs-12-months/,Series H,838,India,2023-03-30T21:07:35.000Z,
CoverMyMeds,Columbus,800,2023-03-29,,Healthcare,https://www.dispatch.com/story/business/information-technology/2023/03/29/covermymeds-latest-columbus-tech-firm-to-lay-off-hundreds/70059386007/,Acquired,5,United States,2023-03-29T23:07:03.000Z,
Electronic Arts,SF Bay Area,780,2023-03-29,0.06,Consumer,https://www.wsj.com/articles/electronic-arts-says-it-is-laying-off-6-of-workforce-d9c2b7e1?mod=djemalertNEWS,Post-IPO,2,United States,2023-03-29T21:00:58.000Z,
Seagate,SF Bay Area,480,2023-03-29,,Hardware,https://in.investing.com/news/seagate-unveils-further-round-of-layoffs-citing-economic-uncertainty-3578578,Post-IPO,,United States,2023-04-01T02:09:11.000Z,
Drizly,Boston,100,2023-03-29,,Retail,https://www.brewbound.com/news/drizly-employees-affected-by-layoff-tidal-wave/,Acquired,119,United States,2023-03-31T03:56:21.000Z,
iCAD,Nashua,23,2023-03-29,0.28,Healthcare,https://www.medtechdive.com/news/iCAD-AI-layoffs-new-ceo/646300/,Post-IPO,59,United States,2023-04-08T01:12:21.000Z,
Anyline,"Vienna, Non-U.S.",,2023-03-29,0.25,Other,https://brutkasten.com/artikel/anyline-jobabbau,Series B,37,Austria,2023-03-31T03:58:41.000Z,
OnePipe,"Lagos, Non-U.S.",,2023-03-29,,Finance,https://disrupt-africa.com/2023/03/29/nigerian-fintech-startup-onepipe-secures-4-8m-credit-facility-lays-off-staff/,Seed,9,Nigeria,2023-03-31T04:01:15.000Z,
Shift,SF Bay Area,,2023-03-29,0.3,Transportation,https://techcrunch.com/2023/03/29/online-used-car-marketplace-shift-cuts-workforce-30-following-carlotz-merger/,Post-IPO,504,United States,2023-03-29T23:19:37.000Z,
Lucid Motors,SF Bay Area,1300,2023-03-28,0.18,Transportation,https://techcrunch.com/2023/03/28/lucid-to-lay-off-1300-employees-in-restructuring/,Post-IPO,8300,United States,2023-03-29T00:54:57.000Z,
Blue Nile,Seattle,119,2023-03-28,,Retail,https://www.retaildive.com/news/blue-nile-to-lay-off-119-workers-close-seattle-fulfillment-center/646172/,Acquired,62,United States,2023-03-29T00:56:12.000Z,
AEye,SF Bay Area,46,2023-03-28,0.33,Transportation,https://investors.aeye.ai/node/8921/html,Post-IPO,314,United States,2023-03-29T23:07:49.000Z,
Rackspace,San Antonio,275,2023-03-27,,Data,https://www.bizjournals.com/sanantonio/news/2023/03/27/rackspace-reducing-workforce.html,Acquired,17,United States,2023-03-28T00:14:49.000Z,
Better Therapeutics,SF Bay Area,,2023-03-27,0.35,Healthcare,https://www.mobihealthnews.com/news/prescription-digital-therapeutics-company-better-therapeutics-announces-layoffs,Post-IPO,143,United States,2023-04-01T02:03:02.000Z,
Aspiration,Los Angeles,170,2023-03-24,,Finance,"https://ccwd.hecc.oregon.gov/Layoff/uploads/LOT8534/WARN%208534%20Aspirations,%20OR%20-%20Govt%20Official%20WARN%20letter.pdf",Unknown,250,United States,2023-03-29T00:44:43.000Z,
The Meet Group,New Hope,,2023-03-24,,Consumer,https://technical.ly/startups/the-meet-group-geoff-cook-layoffs-parship-reorganization/,Acquired,,United States,2023-03-29T23:09:34.000Z,
Cimpress,"Paris, Non-U.S.",500,2023-03-23,,Retail,https://www.marketwatch.com/story/cimpress-plans-to-cut-about-500-jobs-768d3efc,Post-IPO,300,France,2023-04-11T21:00:23.000Z,
Veeam,Columbus,200,2023-03-23,,Data,https://blocksandfiles.com/2023/03/23/200-people-get-laid-off-by-veeam/,Acquired,500,United States,2023-03-24T18:36:13.000Z,
Glovo,"Barcelona, Non-U.S.",140,2023-03-23,,Food,https://www.eldiario.es/economia/glovo-acuerda-ere-oficinas-despedir-140-trabajadores_1_10061101.html,Acquired,1200,Spain,2024-02-05T05:06:11.000Z,
TakeOff,"Kyiv, Non-U.S.",50,2023-03-23,,Retail,https://dou.ua/lenta/news/takeoff-layoff/?,Unknown,146,Ukraine,2023-03-26T21:25:22.000Z,
Slite,"Paris, Non-U.S.",10,2023-03-23,0.25,Other,https://www.linkedin.com/posts/christophepasquier_we-always-pride-ourselves-to-grow-healthily-activity-7044698064845971456-s_EB/,Series A,15,France,2023-03-24T18:39:58.000Z,
Indeed,Austin,2200,2023-03-22,0.15,HR,https://www.indeed.com/press/releases/a-message-from-our-ceo-chris-hyams,Acquired,5,United States,2023-03-22T16:24:35.000Z,
Logitech,"Geneva, Non-U.S.",300,2023-03-22,,Hardware,https://www.bloomberg.com/news/articles/2023-03-22/logitech-cuts-300-jobs-on-post-covid-slump-in-computer-gadgets?srnd=technology-vp#xj4y7vzkg,Post-IPO,,Switzerland,2023-03-23T16:47:11.000Z,
Glassdoor,SF Bay Area,140,2023-03-22,0.15,HR,https://www.glassdoor.com/about-us/a-message-from-glassdoor-ceo-christian-sutherland-wong/,Acquired,204,United States,2023-03-22T21:04:27.000Z,
Wejo,"Chester, Non-U.S.",40,2023-03-22,0.16,Transportation,https://wejo.gcs-web.com/node/7461/html,Post-IPO,376,United Kingdom,2023-03-24T18:27:57.000Z,
Copper,"London, Non-U.S.",,2023-03-22,0.15,Crypto,https://www.coindesk.com/business/2023/03/22/copper-to-make-up-to-15-of-staff-redundant-focus-on-custody-settlement/,Series C,281,United Kingdom,2023-07-05T00:18:45.000Z,
Rewind,"Ottawa, Non-U.S.",,2023-03-22,,Data,https://rewind.com/blog/a-difficult-update-at-rewind/,Series B,80,Canada,2023-03-22T23:43:22.000Z,
Roofstock,SF Bay Area,,2023-03-22,0.27,Real Estate,https://techcrunch.com/2023/03/22/roofstock-valued-at-1-9b-last-year-cuts-27-of-staff-in-second-round-of-layoffs/,Series E,365,United States,2023-03-23T16:30:39.000Z,
Just Eat,"London, Non-U.S.",1700,2023-03-21,,Food,https://www.yahoo.com/entertainment/just-eat-lay-off-1-124953457.html,Acquired,,United Kingdom,2023-03-21T23:55:29.000Z,
Marvell,SF Bay Area,320,2023-03-21,0.04,Hardware,https://www.bloomberg.com/news/articles/2023-03-21/marvell-to-cut-4-of-workforce-in-response-to-chip-slowdown?leadSource=uverify%20wall,Post-IPO,,United States,2023-03-21T23:29:14.000Z,
Workhuman,"Dublin, Non-U.S.",130,2023-03-21,0.1,HR,https://www.independent.ie/business/technology/irish-tech-unicorn-workhuman-to-lay-off-10pc-of-staff-42397380.html,Unknown,131,Ireland,2023-03-21T23:35:56.000Z,
FreshBooks,"Toronto, Non-U.S.",80,2023-03-21,0.1,Finance,https://betakit.com/freshbooks-lays-off-10-percent-of-staff/,Unknown,331,Canada,2023-03-21T23:32:09.000Z,
Xing,"Hamburg, Non-U.S.",68,2023-03-21,,HR,https://www.mopo.de/hamburg/wegen-neuer-ausrichtung-hamburgs-job-netzwerk-xing-entlaesst-68-mitarbeiter/,Series A,,Germany,2023-03-21T23:35:14.000Z,
Mr Yum,"Melbourne, Non-U.S.",40,2023-03-21,,Food,https://www.linkedin.com/feed/update/urn:li:activity:7043914147142520832/,Series A,101,Australia,2023-03-21T23:57:50.000Z,
Smallcase,"Bengaluru, Non-U.S.",15,2023-03-21,0.04,Finance,https://www.businesstoday.in/entrepreneurship/news/story/startup-layoffs-sequoia-backed-smallcase-lays-off-4-employees-374171-2023-03-20,Series C,62,India,2023-03-21T03:43:24.000Z,
Expedia,Seattle,,2023-03-21,,Travel,https://www.geekwire.com/2023/expedia-group-lays-off-workers-as-part-of-strategic-actions/,Post-IPO,3300,United States,2023-03-22T23:59:38.000Z,
GAMURS Group,"Sydney, Non-U.S.",,2023-03-21,,Consumer,https://esportsinsider.com/2023/03/layoffs-gamurs-group,Series A,17,Australia,2023-03-23T16:45:12.000Z,
Grin,Sacramento,,2023-03-21,,Marketing,https://www.businessinsider.com/influencer-marketing-platform-grin-lays-off-staffers-2023-3,Series B,145,United States,2023-03-24T18:38:40.000Z,
Laybuy,"Auckland, Non-U.S.",,2023-03-21,0.1,Finance,https://www.nbr.co.nz/investment/laybuy-begins-further-restructure-affecting-10-of-staff/,Post-IPO,130,New Zealand,2023-03-21T23:58:43.000Z,
Amazon,Seattle,9000,2023-03-20,,Retail,https://www.cnbc.com/2023/03/20/amazon-layoffs-company-to-cut-off-9000-more-workers.html,Post-IPO,108,United States,2023-03-20T15:07:51.000Z,
Huuuge Games,"Warsaw, Non-U.S.",,2023-03-20,0.1,Consumer,"https://biznes.pap.pl/espi/pl/reports/view/2,530635",Series C,57,Poland,2023-03-21T03:42:01.000Z,
Livspace,"Bengaluru, Non-U.S.",100,2023-03-17,0.02,Retail,https://inc42.com/buzz/exclusive-home-decor-unicorn-livspace-lays-off-100-employees/,Series F,431,India,2023-03-20T03:46:30.000Z,
Symend,"Calgary, Non-U.S.",50,2023-03-17,0.25,Other,https://betakit.com/symend-reduces-team-by-25-percent-in-restructuring-four-months-after-54-million-round/,Series C,148,Canada,2023-03-23T16:41:33.000Z,
Candor Technology,Atlanta,,2023-03-17,,Real Estate,https://www.housingwire.com/articles/mortgage-ai-firm-candor-conducts-layoffs/,Unknown,23,United States,2023-03-17T23:48:22.000Z,
Freshworks,SF Bay Area,114,2023-03-16,0.02,Support,https://www.moneycontrol.com/news/business/freshworks-undertakes-another-round-of-layoffs-10259901.html,Post-IPO,484,United States,2023-03-16T15:15:43.000Z,
Coherent,SF Bay Area,108,2023-03-16,,Manufacturing,https://www.siliconvalley.com/2023/03/16/coherent-fremont-job-cut-tech-layoff-google-facebook-twitter-economy/,Post-IPO,,United States,2023-03-17T04:11:53.000Z,
Runtastic,"Linz, Non-U.S.",70,2023-03-16,0.28,Fitness,"https://www.nachrichten.at/wirtschaft/runtastic-streicht-70-von-250-stellen-in-oesterreich;art15,3804088a",Acquired,,Austria,2023-03-16T15:14:35.000Z,
Course Hero,SF Bay Area,42,2023-03-16,0.15,Education,https://techcrunch.com/2023/03/16/course-hero-edtech-unicorn-last-valued-at-3-6-billion-conducts-layoffs/,Series C,477,United States,2023-03-16T21:24:48.000Z,
Leafly,Seattle,40,2023-03-16,0.21,Retail,https://www.geekwire.com/2023/leafly-reportedly-lays-off-employees-for-second-time-in-a-year/,Post-IPO,71,United States,2023-03-17T00:24:16.000Z,
Bonusly,Boulder,,2023-03-16,,HR,https://www.bizjournals.com/denver/news/2023/03/16/boulder-software-startup-bonusly-layoffs.html,Series B,31,United States,2023-03-17T23:50:41.000Z,
Klaviyo,Boston,140,2023-03-15,,Marketing,https://techcrunch.com/2023/03/15/klaviyo-conducts-company-wide-layoffs/,Unknown,778,United States,2023-03-16T01:12:14.000Z,
Dukaan,"Bengaluru, Non-U.S.",56,2023-03-15,0.3,Retail,https://inc42.com/buzz/exclusive-lightspeed-backed-dukaan-lays-off-30-workforce/,Series A,17,India,2023-03-16T15:16:09.000Z,
Boxed,New York City,32,2023-03-15,0.25,Retail,https://www.crainsnewyork.com/technology/e-commerce-firm-boxedcom-shed-25-staff-it-looks-buyer,Post-IPO,365,United States,2023-03-17T15:54:23.000Z,
Nubank,"Sao Paulo, Non-U.S.",30,2023-03-15,,Finance,https://brazilian.report/liveblog/politics-insider/2023/06/07/nubank-layoffs-restructuring/,Post-IPO,4100,Brazil,2023-06-08T17:28:19.000Z,
TradeWindow,"Auckland, Non-U.S.",25,2023-03-15,0.3,Finance,https://www.nbr.co.nz/investment/tradewindow-to-cut-a-third-of-workforce/,Series B,24,New Zealand,2023-03-15T15:26:52.000Z,
Hometap,Boston,,2023-03-15,,Real Estate,https://www.bizjournals.com/boston/news/2023/03/15/hometap-cuts-jobs-in-sales-and-operations.html,Unknown,172,United States,2023-03-18T16:11:10.000Z,
Meta,SF Bay Area,10000,2023-03-14,,Consumer,https://about.fb.com/news/2023/03/mark-zuckerberg-meta-year-of-efficiency/,Post-IPO,26000,United States,2023-03-14T15:19:25.000Z,
Fetch,Madison,100,2023-03-14,0.1,Retail,https://www.theinformation.com/articles/softbank-backed-fetch-rewards-cuts-staff-amid-shopping-slowdown?rc=yjxoek,Series E,581,United States,2023-03-14T20:25:58.000Z,
Anchorage Digital,SF Bay Area,75,2023-03-14,0.2,Crypto,https://www.theinformation.com/briefings/crypto-bank-anchorage-digital-lays-off-20-of-staff,Series D,487,United States,2023-03-15T15:36:01.000Z,
Avidbots,"Kitchener, Non-U.S.",50,2023-03-14,0.14,Hardware,https://www.therecord.com/business/2023/03/14/very-difficult-decision-kitchener-robotics-firm-avidbots-confirms-layoffs.html,Series C,106,Canada,2023-03-17T00:25:07.000Z,
Samsung,SF Bay Area,30,2023-03-14,,Hardware,https://www.zeebiz.com/companies/news-samsung-layoffs-2023-south-korean-giant-cuts-3-jobs-at-us-chip-subsidiary-225788,Post-IPO,,United States,2023-03-15T15:42:11.000Z,
Kaleidoscope,Minneapolis,15,2023-03-14,0.3,Finance,https://www.bizjournals.com/twincities/inno/stories/news/2023/03/14/minneapolis-fintech-startup-layoff-kaleidoscope.html,Series A,16,United States,2023-03-17T00:22:41.000Z,
GoTo Group,"Jakarta, Non-U.S.",600,2023-03-10,,Transportation,https://www.reuters.com/technology/indonesia-tech-firm-goto-announces-layoffs-impacts-around-600-roles-statement-2023-03-10/,Post-IPO,1300,Indonesia,2023-03-10T15:57:16.000Z,
Cookpad,"Tokyo, Non-U.S.",80,2023-03-10,,Consumer,https://www.nikkei.com/article/DGXZQOUC109F70Q3A310C2000000/,Unknown,,Japan,2023-03-15T15:37:11.000Z,
Xero,"Wellington, Non-U.S.",800,2023-03-09,0.15,Finance,https://www.stuff.co.nz/business/300826021/xero-plans-to-cut-up-to-800-jobs,Post-IPO,681,New Zealand,2023-03-09T06:03:28.000Z,
Shopee,"Jakarta, Non-U.S.",200,2023-03-09,,Food,https://www.techinasia.com/shopee-conducts-new-layoffs-in-indonesia,Unknown,,Indonesia,2023-03-10T15:58:12.000Z,
Gopuff,Philadelphia,100,2023-03-09,0.02,Food,https://www.bloomberg.com/news/articles/2023-03-09/gopuff-fires-2-of-workforce-in-latest-round-of-job-cuts#xj4y7vzkg,Series H,3400,United States,2023-03-10T05:21:44.000Z,
Wave Financial,"Toronto, Non-U.S.",50,2023-03-09,,Finance,https://thelogic.co/briefing/fintech-wave-financial-lays-off-50-employees/,Acquired,79,Canada,2023-03-10T05:17:10.000Z,
Morning Brew,New York City,40,2023-03-09,,Media,https://www.axios.com/2023/03/09/morning-brew-lays-off-40-people,Acquired,,United States,2023-03-09T19:38:25.000Z,
Bonusly,Boulder,,2023-03-09,,HR,https://www.linkedin.com/posts/victoriayang_community-opentowork-people-activity-7039726482155352064-sIoK/,Series B,31,United States,2023-03-10T15:56:04.000Z,
Neoleukin Therapeutics,Seattle,,2023-03-09,0.7,Healthcare,https://www.geekwire.com/2023/shares-of-neoleukin-therapeutics-spike-after-announcing-layoffs-and-potential-sale-or-merger/,Post-IPO,157,United States,2023-03-13T20:11:21.000Z,
Toucan,Los Angeles,,2023-03-09,1,Education,https://www.linkedin.com/posts/taylornieman_some-news-coming-out-of-the-toucan-nest-today-activity-7039679436387995648-uFyA/,Series A,,United States,2023-03-10T05:20:53.000Z,
Wattpad,"Toronto, Non-U.S.",42,2023-03-08,0.15,Media,https://betakit.com/wattpad-lays-off-15-percent-of-workforce/,Acquired,117,Canada,2023-03-09T06:05:51.000Z,
Appcues,Boston,,2023-03-08,0.15,Data,https://www.bizjournals.com/boston/news/2023/03/08/appcues-lays-off-nearly-15-of-workforce.html,Series B,52,United States,2023-03-11T18:07:13.000Z,
Pristyn Care,"Gurugram, Non-U.S.",300,2023-03-07,0.15,Healthcare,https://yourstory.com/2023/03/sequoia-backed-pristyn-care-lays-off-300-employees-shuts-medical-tourism-vertical,Series E,177,India,2023-03-07T15:44:34.000Z,
Zwift,Los Angeles,80,2023-03-07,0.15,Fitness,https://www.dcrainmaker.com/2023/03/zwift-layoffs-announces-reducing-workforce.html,Series C,619,United States,2023-03-08T05:06:27.000Z,
Catch,New York City,,2023-03-07,1,Finance,https://catch.co/thank-you/,Series A,18,United States,2023-03-07T15:43:50.000Z,
RDX Works,"London, Non-U.S.",,2023-03-07,0.25,Crypto,https://telegra.ph/RDX-Works-Company-Update-Mar-2023-03-07,Unknown,6,United Kingdom,2023-03-23T16:44:14.000Z,
Take-Two Interactive,New York City,,2023-03-07,,Consumer,https://www.gamespot.com/articles/gta-parent-company-confirms-layoffs-primarily-impacting-non-development-positions/1100-6512117/,Post-IPO,2700,United States,2023-03-08T05:08:23.000Z,
Zulily,Seattle,,2023-03-07,,Retail,https://www.geekwire.com/2023/zulily-lays-off-employees-for-the-second-time-in-a-year-amid-revenue-declines/,Acquired,194,United States,2023-03-10T05:22:32.000Z,
Atlassian,"Sydney, Non-U.S.",500,2023-03-06,0.05,Other,https://www.cnbc.com/2023/03/06/atlassian-cuts-5percent-of-headcount-as-it-focuses-on-high-priority-areas.html,Post-IPO,210,Australia,2023-03-07T00:12:52.000Z,
SiriusXM,New York City,475,2023-03-06,0.08,Media,https://variety.com/2023/digital/news/siriusxm-layoffs-465-employees-1235543907/,Post-IPO,525,United States,2023-03-07T00:15:07.000Z,
Alerzo,"Ibadan, Non-U.S.",400,2023-03-06,,Retail,https://techcabal.com/2023/03/06/alerzo-lays-off-900/,Series B,16,Nigeria,2023-03-07T01:30:17.000Z,
UKG,Miami,265,2023-03-06,,HR,https://www.bizjournals.com/boston/news/2023/03/09/ukg-cuts-over-260-positions-worldwide.html,Unknown,,United States,2023-03-08T15:39:50.000Z,
UpGrad,"Mumbai, Non-U.S.",120,2023-03-06,,Education,https://www.financialexpress.com/industry/upgrad-lays-off-30-workforce-at-subsidiary/3000299/lite/,Unknown,631,India,2023-03-07T01:26:02.000Z,
HomeLane,"Bengaluru, Non-U.S.",30,2023-03-06,,Retail,https://www.thehindubusinessline.com/companies/homelane-lays-off-30-40-employees-in-product-tech-roles/article66587127.ece,Series E,116,India,2023-04-08T01:09:32.000Z,
Ankorstore,"Paris, Non-U.S.",,2023-03-06,,Retail,https://www.businessinsider.com/ankorstore-tiger-global-backed-startup-set-to-slash-roles-sources-say-2023-3,Series C,365,France,2023-03-08T15:36:09.000Z,
No Fluff Jobs,"Gydnia, Non-U.S.",13,2023-03-04,,HR,https://www.wirtualnemedia.pl/artykul/zwolnienia-no-fluff-jobs-praca-oferty,Acquired,,Poland,2023-04-03T03:43:17.000Z,
Loft,"Sao Paulo, Non-U.S.",340,2023-03-03,0.15,Real Estate,https://startups.com.br/demissoes/loft/,Unknown,788,Brazil,2023-03-03T23:01:02.000Z,
Embark Trucks,SF Bay Area,230,2023-03-03,0.7,Transportation,https://techcrunch.com/2023/03/03/embark-trucks-lays-off-workers-explores-liquidation-of-self-driving-truck-assets/,Post-IPO,317,United States,2023-03-03T22:57:34.000Z,
Lendi,"Sydney, Non-U.S.",100,2023-03-03,,Real Estate,https://www.theaustralian.com.au/business/financial-services/cbabacked-lendi-cuts-jobs-amid-slowing-home-loan-market/news-story/2c3af53306e8f7142076c19a9b2914bb?amp&nk=0a6e5860a1d2cd2b0ebc810544084b9b-1677884919,Unknown,59,Australia,2023-03-03T23:09:04.000Z,
UserTesting,SF Bay Area,63,2023-03-03,,Marketing,https://www.bizjournals.com/sanfrancisco/news/2023/03/03/usertesting-userzoom-thoma-bravo-layoffs-sunstone.html,Acquired,152,United States,2023-03-04T00:59:57.000Z,
Airbnb,SF Bay Area,30,2023-03-03,,Travel,https://www.bloomberg.com/news/articles/2023-03-03/airbnb-layoffs-hit-recruiting-staff-even-as-it-selectively-hires,Post-IPO,6400,United States,2023-03-04T03:56:38.000Z,
Accolade,Seattle,,2023-03-03,,Healthcare,https://www.bizjournals.com/seattle/news/2023/03/03/accolade-layoffs-reducing-office-footprint-seattle.html,Post-IPO,458,United States,2023-03-07T01:19:18.000Z,
Indigo,Boston,,2023-03-03,,Other,https://www.bizjournals.com/boston/news/2023/03/03/indigo-ag-layoffs-2023.html,Series F,1200,United States,2023-03-04T00:48:13.000Z,
Zscaler,SF Bay Area,177,2023-03-02,0.03,Security,https://www.crn.com/news/security/zscaler-discloses-layoffs-for-3-percent-of-employees,Post-IPO,148,United States,2023-03-03T22:59:11.000Z,
MasterClass,SF Bay Area,79,2023-03-02,,Education,https://www.bizjournals.com/sanfrancisco/news/2023/03/02/masterclass-yanka-layoffs-education-tech-celebs.html,Series E,461,United States,2023-03-04T00:59:05.000Z,
Ambev Tech,"Blumenau, Non-U.S.",50,2023-03-02,,Food,https://omunicipioblumenau.com.br/economia-em-pauta-ambev-tech-de-blumenau-demite-50-funcionarios-e-interrompe-abertura-de-vagas/,Acquired,,Brazil,2023-03-04T00:50:59.000Z,
Fittr,"Pune, Non-U.S.",30,2023-03-02,0.11,Fitness,https://inc42.com/buzz/exclusive-fittr-lays-off-11-of-workforce-after-losses-pile-up/,Series A,13,India,2023-03-03T23:07:08.000Z,
CNET,SF Bay Area,12,2023-03-02,0.1,Media,https://www.theverge.com/2023/3/2/23622231/cnet-layoffs-ai-articles-seo-red-ventures,Acquired,20,United States,2023-03-04T03:57:42.000Z,
Comparis,"Zurich, Non-U.S.",,2023-03-02,0.1,Finance,https://www.nzz.ch/finanzen/massenentlassung-bei-comparis-das-vergleichsportal-sieht-sich-als-opfer-der-finanzmarktaufsicht-ld.1728686?reduced=true,Unknown,,Switzerland,2023-03-08T15:37:14.000Z,
Flipkart,"Bengaluru, Non-U.S.",,2023-03-02,,Retail,https://economictimes.indiatimes.com/prime/technology-and-startups/inside-flipkarts-downsizing-drive-layoffs-meagre-pay-hikes-more-pips/primearticleshow/98342831.cms,Acquired,12900,India,2023-03-07T01:23:15.000Z,
Kandela,Los Angeles,,2023-03-02,1,Consumer,https://therealdeal.com/la/2023/03/02/moving-concierge-startup-kandela-declares-bankruptcy/,Acquired,,United States,2023-03-05T02:35:43.000Z,
Orchard,New York City,,2023-03-02,,Real Estate,https://www.linkedin.com/posts/orchardhomes_today-we-announced-the-sad-news-that-we-are-activity-7037112016125231106--GHj/,Series D,472,United States,2023-03-19T03:32:01.000Z,
Truckstop.com,Boise,,2023-03-02,,Logistics,https://www.freightwaves.com/news/size-of-layoffs-at-truckstop-com-unknown,Acquired,,United States,2023-03-04T03:58:51.000Z,
Thoughtworks,Chicago,500,2023-03-01,0.04,Other,https://techcrunch.com/2023/03/01/thoughtworks-layoffs-economic-slowdown/,Post-IPO,748,United States,2023-03-02T04:06:16.000Z,
iFood,"Sao Paulo, Non-U.S.",355,2023-03-01,0.06,Food,https://economia.uol.com.br/noticias/redacao/2023/03/01/ifood-demissao-funcionarios.htm,Subsidiary,2100,Brazil,2023-03-02T04:13:25.000Z,
Color Health,SF Bay Area,300,2023-03-01,,Healthcare,https://www.beckershospitalreview.com/digital-health/color-health-lays-off-300-employees-amid-shift-away-from-covid-19-testing.html,Series E,482,United States,2023-03-03T22:55:15.000Z,
Waymo,SF Bay Area,209,2023-03-01,0.08,Transportation,https://www.theinformation.com/articles/alphabets-robotaxi-unit-waymo-says-it-laid-off-8,Subsidiary,5500,United States,2023-03-02T04:08:34.000Z,
PayFit,"Paris, Non-U.S.",200,2023-03-01,0.2,HR,https://www.lesechos.fr/start-up/next40-vivatech/payfit-se-separe-de-20-de-ses-effectifs-1910932,Series E,495,France,2023-03-02T04:17:47.000Z,
Yellow.ai,SF Bay Area,200,2023-03-01,,Support,https://inc42.com/buzz/conversational-ai-startup-yellow-ai-fires-200-employees/,Series C,102,United States,2023-03-02T04:12:23.000Z,
Sonder,SF Bay Area,100,2023-03-01,0.14,Travel,https://www.sec.gov/ix?doc=/Archives/edgar/data/0001819395/000181939523000010/son-20230301.htm,Post-IPO,839,United States,2023-03-02T04:16:20.000Z,
Protego Trust Bank,Seattle,,2023-03-01,0.5,Crypto,https://www.coindesk.com/business/2023/03/01/crypto-bank-charter-firm-protego-trust-lays-off-most-of-its-workforce-source/,Series A,70,United States,2023-03-03T23:16:05.000Z,
Electronic Arts,Baton Rouge,200,2023-02-28,,Consumer,https://kotaku.com/ea-apex-legends-bugs-layoffs-respawn-zoom-1850168472,Post-IPO,2,United States,2023-03-02T04:10:13.000Z,
Eventbrite,SF Bay Area,80,2023-02-28,0.08,Consumer,https://www.reuters.com/markets/us/ticketing-service-provider-eventbrite-lay-off-8-workforce-2023-02-28/,Post-IPO,557,United States,2023-03-01T00:59:06.000Z,
Ezoic,San Diego,10,2023-02-28,,Infrastructure,https://www.businessinsider.com/an-adtech-employee-stole-a-9m-payment-sent-by-google-and-used-it-to-buy-gold-2023-4,Series A,39,United States,2023-07-21T03:32:16.000Z,
DUX Education,"Bengaluru, Non-U.S.",,2023-02-28,1,Education,https://inc42.com/buzz/edtech-startup-dux-education-to-cease-operations-by-april-2023/,Unknown,,India,2023-03-03T23:05:36.000Z,
MeridianLink,Los Angeles,,2023-02-28,0.09,Finance,https://www.marketscreener.com/quote/stock/MERIDIANLINK-INC-125185257/news/MeridianLink-A-Message-from-MeridianLink-CEO-Nicolaas-Vlok-43111536/,Post-IPO,485,United States,2023-03-01T00:53:50.000Z,
Sono Motors,"Munich, Non-U.S.",300,2023-02-27,,Transportation,https://twitter.com/sonomotors/status/1630246207137419264,Post-IPO,126,Germany,2023-02-28T05:02:15.000Z,
Cerebral,SF Bay Area,285,2023-02-27,0.15,Healthcare,https://www.businessinsider.com/cerebral-cuts-15-percent-staff-285-employees-layoffs-february-2023-2,Series C,462,United States,2023-02-27T23:41:29.000Z,
Amount,Chicago,130,2023-02-27,0.25,Finance,https://www.chicagobusiness.com/finance-banking/fintech-amount-cuts-about-quarter-its-staff,Unknown,283,United States,2023-03-03T23:03:41.000Z,
Palantir,Denver,75,2023-02-27,0.02,Data,https://www.cnbc.com/2023/02/27/palantir-layoffs-75-employees-2percent-of-workforce.html,Post-IPO,3000,United States,2023-02-27T23:40:15.000Z,
Outreach,Seattle,70,2023-02-27,0.07,Sales,https://www.geekwire.com/2023/sales-startup-outreach-to-lay-off-70-employees-7-of-workforce-and-slow-office-expansion/,Series G,489,United States,2023-02-28T18:44:40.000Z,
Stytch,SF Bay Area,19,2023-02-27,0.25,Security,https://www.bizjournals.com/sanfrancisco/inno/stories/news/2023/02/27/s-f-startup-stytch-lays-off-25-of-staff.html,Series B,126,United States,2023-03-01T00:51:22.000Z,
BitSight,"Tel Aviv, Non-U.S.",40,2023-02-26,,Security,https://www.calcalistech.com/ctechnews/article/r1zxrmkri,Unknown,401,Israel,2023-02-27T17:26:32.000Z,
Twitter,SF Bay Area,200,2023-02-25,0.1,Consumer,https://www.nytimes.com/2023/02/26/technology/twitter-layoffs.html,Post-IPO,12900,United States,2023-02-26T20:58:23.000Z,
Ericsson,"Stockholm, Non-U.S.",8500,2023-02-24,0.08,Other,https://www.reuters.com/business/media-telecom/ericsson-lay-off-8500-employees-memo-2023-02-24/,Post-IPO,663,Sweden,2023-02-24T05:00:10.000Z,
SAP Labs,"Bengaluru, Non-U.S.",300,2023-02-24,,Other,https://economictimes.indiatimes.com/tech/technology/sap-labs-lays-off-300-staffers-in-india/articleshow/98189199.cms,Subsidiary,1300,India,2023-02-24T23:40:16.000Z,
Velodyne Lidar,SF Bay Area,220,2023-02-24,,Transportation,https://www.mercurynews.com/2023/02/24/tech-biotech-job-cut-san-jose-san-mateo-pleasanton-layoff-covid/,Acquired,575,United States,2023-02-24T18:32:37.000Z,
Medallia,SF Bay Area,59,2023-02-24,,Support,https://www.mercurynews.com/2023/02/24/tech-biotech-job-cut-san-jose-san-mateo-pleasanton-layoff-covid/,Acquired,325,United States,2023-02-24T18:30:07.000Z,
Eat Just,SF Bay Area,40,2023-02-24,,Food,https://www.bloomberg.com/news/articles/2023-02-24/eat-just-to-cut-about-18-of-staff-in-plant-based-egg-division#xj4y7vzkg,Unknown,465,United States,2023-02-27T17:24:33.000Z,
Lucira Health,SF Bay Area,26,2023-02-24,,Healthcare,https://www.mercurynews.com/2023/02/24/tech-biotech-job-cut-san-jose-san-mateo-pleasanton-layoff-covid/,Post-IPO,132,United States,2023-02-24T18:31:39.000Z,
Stax,Orlando,24,2023-02-24,,Finance,https://www.bizjournals.com/orlando/inno/stories/news/2023/02/24/florida-2023-tech-jobs-layoffs-stax-technology.html,Series D,263,United States,2023-02-26T02:05:09.000Z,
EQRx,Boston,,2023-02-24,0.18,Healthcare,https://www.biopharmadive.com/news/eqrx-biotech-layoffs-jobs-restructuring/643507/,Post-IPO,1900,United States,2023-05-05T20:42:49.000Z,
Poshmark,SF Bay Area,,2023-02-24,0.02,Retail,https://techcrunch.com/2023/02/24/poshmark-lays-off-employees-just-two-months-after-being-acquired-by-naver/amp/,Acquired,153,United States,2023-02-24T16:03:11.000Z,
Merative,Ann Arbor,200,2023-02-23,0.1,Healthcare,https://www.theregister.com/2023/02/23/merative_job_cuts_ibm_watson/,Acquired,,United States,2023-02-26T21:23:49.000Z,
OneFootball,"Berlin, Non-U.S.",150,2023-02-23,0.32,Marketing,https://www.businessinsider.de/gruenderszene/business/massenentlassung-onefootball/,Series D,442,Germany,2023-02-24T16:02:03.000Z,
The Iconic,"Sydney, Non-U.S.",69,2023-02-23,0.06,Retail,https://insideretail.com.au/business/the-iconic-culls-69-roles-as-it-morphs-from-marketplace-to-platform-202302,Unknown,,Australia,2023-02-24T05:09:07.000Z,
EVgo,Los Angeles,40,2023-02-23,,Transportation,https://www.businesswire.com/news/home/20230223005797/en/EVgo-Inc.-Aligns-Organization-Around-Growing-Its-Charging-Network,Post-IPO,400,United States,2023-02-24T05:10:07.000Z,
StrongDM,SF Bay Area,40,2023-02-23,,Infrastructure,https://www.strongdm.com/blog/strongdm-company-update-letter-from-ceo-to-staff,Series B,76,United States,2023-02-23T22:34:44.000Z,
Dapper Labs,"Vancouver, Non-U.S.",,2023-02-23,0.2,Crypto,https://www.theblock.co/post/214755/dapper-labs-said-to-lay-off-20-more-of-its-full-time-employees,Series D,607,Canada,2023-02-23T22:37:31.000Z,
Messari,New York City,,2023-02-23,0.15,Crypto,https://www.coindesk.com/business/2023/02/23/crypto-analytics-firm-messari-cuts-15-workforce-as-part-of-restructuring/,Series B,61,United States,2023-02-23T22:36:15.000Z,
Vibrent Health,Washington D.C.,,2023-02-23,0.13,Healthcare,https://www.bizjournals.com/washington/news/2023/02/23/fairfax-vibrent-health-tech-data-startup-layoffs.html,Unknown,,United States,2023-02-26T02:08:20.000Z,
Synamedia,"London, Non-U.S.",200,2023-02-22,0.12,Media,https://www.calcalistech.com/ctechnews/article/hk2uvdqcs,Unknown,,United Kingdom,2023-02-27T17:29:09.000Z,
TaskUs,San Antonio,186,2023-02-22,,Support,https://www.expressnews.com/business/article/taskus-layoff-186-employees-san-antonio-17798813.php,Post-IPO,279,United States,2023-02-23T22:35:28.000Z,
Arch Oncology,St. Louis,,2023-02-22,,Healthcare,https://www.bizjournals.com/stlouis/inno/stories/news/2023/02/22/arch-oncology-layoffs-leaves-cortex-office.html,Series C,155,United States,2023-02-23T23:02:52.000Z,
Immutable,"Sydney, Non-U.S.",,2023-02-22,0.11,Crypto,https://www.smh.com.au/technology/australia-s-biggest-crypto-gaming-start-up-slashes-staff-20230222-p5cmii.html,Series C,279,Australia,2023-02-22T15:18:48.000Z,
Jounce Therapeutics,Boston,,2023-02-22,0.57,Healthcare,https://www.globenewswire.com/news-release/2023/02/22/2613789/0/en/Jounce-Therapeutics-Announces-Restructuring.html,Acquired,194,United States,2023-02-26T02:09:16.000Z,
Locomation,Pittsburgh,,2023-02-22,1,Transportation,https://www.bizjournals.com/pittsburgh/news/2023/02/22/locomation-shutting-down-operations-out-of-fund.html,Seed,57,United States,2023-02-23T00:24:36.000Z,
Green Labs,"Seoul, Non-U.S.",350,2023-02-21,0.7,Food,https://techcrunch.com/2023/03/30/green-labs-secures-38-4m-in-debt-financing-about-a-month-after-conducting-layoff/,Series C,214,South Korea,2023-02-21T19:27:25.000Z,
Polygon,"Bengaluru, Non-U.S.",100,2023-02-21,0.2,Crypto,https://inc42.com/buzz/polygon-lays-off-20-of-its-workforce-as-part-of-consolidation-process/,Unknown,451,India,2023-02-21T19:54:49.000Z,
Crunchyroll,"Tokyo, Non-U.S.",85,2023-02-21,,Media,https://www.animenewsnetwork.com/news/2023-02-21/crunchyroll-lays-off-approximately-85-employees-globally/.195161,Unknown,26,Japan,2023-02-22T15:16:43.000Z,
Ethos Life,SF Bay Area,50,2023-02-21,,Finance,https://www.coverager.com/ethos-conducts-another-round-of-layoffs/,Series D,406,United States,2023-02-24T16:01:03.000Z,
Basis Technologies,Chicago,40,2023-02-21,0.04,Marketing,https://www.mediapost.com/publications/article/382752/basis-technologies-lays-off-employees-as-it-restru.html,Series B,52,United States,2023-06-20T22:58:04.000Z,
Bolt,"Lagos, Non-U.S.",17,2023-02-21,,Transportation,https://techpoint.africa/2023/02/21/bolt-lays-off-17-of-its-70-workers-in-nigeria/,Series F,,Nigeria,2023-02-22T02:48:31.000Z,
Criteo,"Paris, Non-U.S.",,2023-02-21,,Marketing,https://digiday.com/media-buying/criteo-adds-to-the-ongoing-wave-of-ad-tech-layoffs/,Post-IPO,61,France,2023-02-21T19:10:52.000Z,
PeerStreet,Los Angeles,,2023-02-21,,Real Estate,https://www.bizjournals.com/triangle/inno/stories/news/2023/02/21/more-tech-layoffs-hit-north-carolina.html,Series C,121,United States,2023-02-22T02:50:37.000Z,
Zalando,"Berlin, Non-U.S.",,2023-02-21,,Retail,https://www.reuters.com/business/retail-consumer/online-fashion-retailer-zalando-cutting-hundreds-jobs-2023-02-21/,Post-IPO,467,Germany,2023-02-21T19:12:15.000Z,
MyGate,"Bengaluru, Non-U.S.",200,2023-02-20,0.3,Other,https://inc42.com/buzz/bengaluru-based-mygate-lays-off-30-workforce-amid-funding-winter/,Series B,79,India,2023-02-20T18:16:51.000Z,
Fireblocks,New York City,30,2023-02-20,0.05,Crypto,https://www.calcalistech.com/ctechnews/article/rksbjrxro,Series E,1000,United States,2023-02-22T02:47:08.000Z,
Kinde,"Sydney, Non-U.S.",8,2023-02-20,0.28,Other,https://www.news.com.au/finance/work/at-work/sydney-technology-company-kinde-lays-off-285-of-staff-as-focus-moves-to-product-team/news-story/618e97ecfe4b7e088a6ff39a70a78bcb,Seed,10,Australia,2023-02-20T04:15:48.000Z,
Fipola,"Chennai, Non-U.S.",,2023-02-20,1,Food,https://www.medianews4u.com/meat-d2c-fipola-shuts-ops-liquidation-process-on-to-clear-dues-by-april-2023/,Series A,9,India,2023-02-21T06:04:35.000Z,
HP,"Tel Aviv, Non-U.S.",100,2023-02-19,,Hardware,https://www.themarker.com/technation/2023-02-19/ty-article/.premium/00000186-692c-d22b-ad9e-7f6e08aa0000,Post-IPO,4200,Israel,2023-02-20T04:15:39.000Z,
Micron,Boise,2400,2023-02-17,0.05,Hardware,https://www.ktvb.com/article/money/business/micron-workforce-reduction-15-percent-worldwide-computer-memory-semiconductors-technology/277-d45fa4ac-e85f-4594-8ced-af9f4dc8911a,Post-IPO,50,United States,2023-04-01T02:06:38.000Z,
Tencent,"Shenzen, Non-U.S.",300,2023-02-17,,Consumer,https://brandequity.economictimes.indiatimes.com/news/digital/tencent-says-is-making-personnel-adjustments-after-report-of-layoffs/97998975,Post-IPO,12600,China,2023-02-17T17:26:53.000Z,
Evernote,SF Bay Area,129,2023-02-17,,Consumer,https://techcrunch.com/2023/02/27/bending-spoons-lays-off-129-evernote-staffers/,Acquired,290,United States,2023-02-27T17:20:54.000Z,
Chipper Cash,SF Bay Area,100,2023-02-17,0.33,Finance,https://techweez.com/2023/02/18/chipper-cash-fires-a-third-of-its-workforce/,Series C,302,United States,2023-02-20T18:18:16.000Z,
Digimarc,Portland,,2023-02-17,,Other,https://www.oregonlive.com/silicon-forest/2023/02/oregon-tech-company-digimarc-will-lay-off-17-of-its-workforce.html,Post-IPO,105,United States,2023-02-24T05:05:16.000Z,
Reserve,SF Bay Area,,2023-02-17,,Crypto,https://www.linkedin.com/posts/constanza-ag%C3%BCero-ingravidi_job-board-reserves-talent-activity-7030942387006750720-abHD/,Unknown,,United States,2023-03-03T23:18:13.000Z,
DocuSign,SF Bay Area,680,2023-02-16,0.1,Sales,https://www.cnbc.com/2023/02/16/docusign-layoffs-company-to-cut-10percent-of-workforce.html,Post-IPO,536,United States,2023-02-16T15:33:55.000Z,
Pico Interactive,SF Bay Area,400,2023-02-16,0.2,Other,https://pandaily.com/pico-starts-small-scale-layoffs-new-products-to-be-unveiled-in-april/,Acquired,62,United States,2023-02-16T15:56:43.000Z,
The RealReal,SF Bay Area,230,2023-02-16,0.07,Retail,https://www.theinformation.com/briefings/the-realreal-to-cut-7-of-headcount-close-some-stores-and-offices,Post-IPO,356,United States,2023-02-16T17:45:36.000Z,
Smartsheet,Seattle,85,2023-02-16,0.03,Other,https://www.bizjournals.com/seattle/news/2023/02/16/smartsheet-lays-off-85-employees-globally.html,Post-IPO,152,United States,2023-02-17T21:30:41.000Z,
Convoy,Atlanta,,2023-02-16,,Logistics,https://techcrunch.com/2023/02/16/trucking-app-convoy-layoffs-restructuring/,Series E,1100,United States,2023-02-16T17:52:48.000Z,
Wix,"Tel Aviv, Non-U.S.",370,2023-02-15,0.06,Marketing,https://www.calcalistech.com/ctechnews/article/s1lsqn5as,Post-IPO,58,Israel,2023-02-15T21:00:06.000Z,
ServiceTitan,Los Angeles,221,2023-02-15,0.08,Sales,https://www.theinformation.com/briefings/servicetitan-cuts-8-percent-of-workforce,Series G,1100,United States,2023-02-16T17:44:30.000Z,
Neon,"Sao Paulo, Non-U.S.",210,2023-02-15,0.09,Finance,https://www.seudinheiro.com/2023/empresas/unicornio-neon-banco-digital-demissao-em-massa-lils/,Series D,720,Brazil,2023-02-15T21:58:53.000Z,
Jellysmack,"Paris, Non-U.S.",208,2023-02-15,,Media,https://www.theinformation.com/articles/jellysmack-aims-to-cut-200-french-workers,Series C,22,France,2023-02-16T17:46:29.000Z,
DigitalOcean,New York City,200,2023-02-15,0.11,Infrastructure,https://www.theregister.com/2023/02/15/digitalocean_layoffs/,Post-IPO,491,United States,2023-02-15T22:55:04.000Z,
Sprinklr,New York City,100,2023-02-15,0.04,Support,https://techcrunch.com/2023/02/15/sprinklr-layoffs-2023/,Post-IPO,429,United States,2023-02-15T19:05:49.000Z,
Betterment,New York City,28,2023-02-15,,Finance,https://www.businessinsider.com/betterment-layoffs-digital-wealth-management-firm-cuts-costs-2023-2,Series F,435,United States,2023-02-16T16:07:42.000Z,
Divvy Homes,SF Bay Area,,2023-02-15,,Real Estate,https://www.inman.com/2023/02/15/divvy-homes-employees-say-there-has-been-another-round-of-layoffs/,Series B,180,United States,2023-02-16T20:55:49.000Z,
Milkrun,"Sydney, Non-U.S.",,2023-02-15,0.2,Food,https://www.smh.com.au/technology/milkrun-slashes-workforce-closes-delivery-hubs-in-cash-crunch-20230215-p5ckny.html,Series A,86,Australia,2023-02-15T19:04:56.000Z,
Observe.AI,SF Bay Area,,2023-02-15,,Support,https://www.channelfutures.com/business-models/observe-ai-layoffs-could-impact-partners-ability-to-sell,Series C,214,United States,2023-02-16T15:55:44.000Z,
Religion of Sports,Los Angeles,,2023-02-15,,Media,https://www.nytimes.com/2023/02/15/arts/podcast-industry-spotify.html,Series B,63,United States,2023-02-26T02:10:43.000Z,
SurveyMonkey,SF Bay Area,,2023-02-15,0.14,Marketing,https://d18rn0p25nwr6d.cloudfront.net/CIK-0001739936/b9e6bc4a-1447-4316-be95-a69aca1214cb.pdf,Post-IPO,1100,United States,2023-02-17T01:58:14.000Z,
Tackle,Boise,,2023-02-15,0.15,Other,https://tackle.io/resources/company-news/tackle-update-from-ceo-john-jahnke/,Series C,148,United States,2023-02-15T21:55:55.000Z,
Vicarious Surgical,Boston,,2023-02-15,0.14,Healthcare,https://www.medtechdive.com/news/RBOT-Vicarious-Baxter-BAX-layoffs/642848/,Post-IPO,185,United States,2023-02-16T15:35:57.000Z,
Blackbaud,Charleston,500,2023-02-14,0.14,Other,https://www.postandcourier.com/business/sc-tech-employer-blackbaud-has-cut-about-500-jobs-since-last-year/article_ef9dd60a-ac9b-11ed-8c4a-bbbeb9f0cda5.html,Post-IPO,,United States,2023-02-15T19:06:44.000Z,
CommerceHub,Albany,371,2023-02-14,0.31,Retail,https://www.bizjournals.com/albany/news/2023/02/14/commercehub-channeladvisor-tech-layoffs.html,Acquired,,United States,2023-02-15T00:49:11.000Z,
Dropp,"Berlin, Non-U.S.",60,2023-02-14,1,Retail,https://www.businessinsider.de/gruenderszene/business/dropp-insolvenz-betrieb-eingestellt-arive/,Unknown,2,Germany,2023-04-09T15:22:29.000Z,
HackerEarth,SF Bay Area,,2023-02-14,0.08,HR,https://inc42.com/buzz/prime-venture-backed-hackerearth-trims-workforce-introduces-pay-cut-globally/,Series B,11,United States,2023-02-14T15:16:59.000Z,
PhableCare,"Bengaluru, Non-U.S.",,2023-02-14,0.7000000000000001,Healthcare,https://inc42.com/buzz/exclusive-hundreds-of-layoffs-delayed-salaries-is-kalaari-backed-phablecare-the-latest-startup-to-bite-the-dust/,Series B,40,India,2023-02-15T00:50:25.000Z,
Udemy,SF Bay Area,,2023-02-14,0.1,Education,https://about.udemy.com/udemy-news/a-message-from-gregg-coccari-ceo-of-udemy/,Post-IPO,311,United States,2023-02-15T00:53:15.000Z,
Twilio,SF Bay Area,1500,2023-02-13,0.17,Other,https://www.cnbc.com/2023/02/13/twilio-layoffs-1500-employees-17percent-of-workforce.html,Post-IPO,614,United States,2023-02-13T16:24:17.000Z,
Electric,New York City,141,2023-02-13,0.25,Other,https://www.electric.ai/blog/open-letter-feb-2023,Series D,212,United States,2023-02-14T15:14:49.000Z,
EMX Digital,New York City,100,2023-02-13,1,Marketing,https://www.businessinsider.com/big-village-bankruptcy-emx-digital-employees-furious-about-layoffs-severance-2023-2,Unknown,,United States,2023-02-24T18:35:19.000Z,
PetLove,"Sao Paulo, Non-U.S.",94,2023-02-13,,Retail,https://oglobo.globo.com/blogs/capital/post/2023/02/petlove-demite-quase-cem-funcionarios.ghtml,Series C,225,Brazil,2023-02-15T21:57:42.000Z,
iRobot,Boston,85,2023-02-13,0.07,Consumer,https://www.cnbc.com/2023/02/13/irobot-layoffs-7percent-of-workforce-at-roomba-maker-let-go.html,Acquired,30,United States,2023-02-14T15:06:56.000Z,
Collective Health,SF Bay Area,54,2023-02-13,,Healthcare,https://www.linkedin.com/feed/update/urn:li:activity:7031422708764581888/,Series F,719,United States,2023-02-15T02:06:32.000Z,
Magic Eden,SF Bay Area,22,2023-02-13,,Crypto,https://decrypt.co/121253/layoffs-hit-solana-nft-marketplace-magic-eden-sheds-22-employees,Series B,170,United States,2023-02-14T15:12:47.000Z,
Casavo,"Milan, Non-U.S.",,2023-02-13,0.3,Real Estate,https://casavo.com/blog/a-difficult-decision-to-strengthen-casavos-foundations-for-the-future/,Unknown,708,Italy,2023-02-13T17:48:59.000Z,
Foodpanda,"Singapore, Non-U.S.",,2023-02-13,,Food,https://www.techinasia.com/foodpanda-layoff-feb23,Acquired,749,Singapore,2023-02-14T15:08:37.000Z,
Getir,"London, Non-U.S.",,2023-02-13,,Food,https://sifted.eu/articles/getir-layoff-uk-staff-gorillas-merger-news/,Series E,1800,United Kingdom,2023-02-14T00:42:47.000Z,
LinkedIn,SF Bay Area,,2023-02-13,,Recruiting,https://www.theinformation.com/articles/microsofts-linkedin-lays-off-staff-amid-hiring-slowdown,Acquired,154,United States,2023-02-13T20:53:00.000Z,
Moladin,"Jakarta, Non-U.S.",360,2023-02-12,0.11,Transportation,https://aimgroup.com/2023/02/12/used-car-marketplace-moladin-lays-off-360/,Series B,138,Indonesia,2023-02-13T17:52:55.000Z,
TripleLift,New York City,100,2023-02-10,0.2,Marketing,https://www.adexchanger.com/online-advertising/triplelift-announces-layoffs-the-latest-in-a-miserable-trend/,Acquired,16,United States,2023-02-13T17:51:12.000Z,
Titan Medical,"Toronto, Non-U.S.",48,2023-02-10,0.72,Healthcare,https://www.fiercebiotech.com/medtech/titan-medical-lays-70-staff-search-buyer-comes-short,Post-IPO,278,Canada,2023-03-10T15:59:27.000Z,
TikTok India,"Mumbai, Non-U.S.",40,2023-02-10,,Consumer,https://www.livemint.com/technology/tech-news/tiktok-sacks-entire-india-staff-report-11676001745604.html,Acquired,9400,India,2023-02-10T16:57:01.000Z,
Syft Technologies,"Auckland, Non-U.S.",30,2023-02-10,0.2,Manufacturing,https://www.stuff.co.nz/business/better-business/131199817/christchurch-tech-company-syft-to-shed-20-of-its-workforce,Private Equity,,New Zealand,2023-04-22T03:39:59.000Z,
Open Co,"Sao Paulo, Non-U.S.",,2023-02-10,,Finance,https://docs.google.com/spreadsheets/d/1DBlNWL0LlbZf7vDoxy-c1IpBfK9-poS25x3JB7c8ip0/edit#gid=0,Series D,140,Brazil,2023-02-15T22:57:06.000Z,
Rigetti Computing,SF Bay Area,,2023-02-10,0.28,Hardware,https://www.marketwatch.com/story/rigetti-computing-to-slash-28-of-jobs-59be433b,Post-IPO,298,United States,2023-02-10T22:04:09.000Z,
Wonderschool,SF Bay Area,,2023-02-10,,Education,https://docs.google.com/spreadsheets/d/1mbU0_yDWVexaz-zjeE5i6sDwx8NqWZd2Ru4ZdQxxYxQ/edit#gid=0,Series A,24,United States,2023-03-10T19:55:37.000Z,
Yahoo,SF Bay Area,1600,2023-02-09,0.2,Consumer,https://www.axios.com/2023/02/09/yahoo-layoffs-2023-tech-media-companies,Acquired,6,United States,2023-02-09T19:04:22.000Z,
Misfits Market,Philadelphia,649,2023-02-09,0.33,Food,https://www.bizjournals.com/philadelphia/inno/stories/news/2023/02/09/misfits-market-layoffs-delanco-philadelphia.html,Series C,526,United States,2023-02-16T15:45:20.000Z,
Deliveroo,"London, Non-U.S.",350,2023-02-09,0.09,Food,https://news.sky.com/story/deliveroo-to-cut-hundreds-of-jobs-globally-and-uk-to-be-worst-hit-12806890,Post-IPO,1700,United Kingdom,2023-02-09T16:21:49.000Z,
Olive AI,Columbus,215,2023-02-09,0.35000000000000003,Healthcare,https://www.axios.com/pro/health-tech-deals/2023/02/09/olive-ai-lays-off-third-company,Series H,856,United States,2023-02-10T00:47:56.000Z,
Oportun,SF Bay Area,155,2023-02-09,0.1,Finance,https://seekingalpha.com/news/3934558-oportun-financial-to-lay-off-10-of-headcount-reports-q4-prelim-results,Post-IPO,566,United States,2023-03-02T04:19:44.000Z,
GitLab,SF Bay Area,130,2023-02-09,0.07,Product,https://www.cnbc.com/2023/02/09/gitlab-layoffs-company-to-cut-7percent-of-staff-or-about-130-employees.html,Post-IPO,413,United States,2023-02-09T15:53:24.000Z,
Bark,New York City,126,2023-02-09,0.12,Retail,https://investors.bark.co/news/news-details/2023/BARK-Reports-Third-Quarter-Fiscal-Year-2023-Results/default.aspx,Post-IPO,,United States,2023-02-10T02:01:41.000Z,
REE Automotive,"Tel Aviv, Non-U.S.",100,2023-02-09,0.5,Transportation,https://www.calcalistech.com/ctechnews/article/6gilogwwn,Post-IPO,317,Israel,2025-12-08T23:47:41.000Z,
Veriff,"Tallinn, Non-U.S.",66,2023-02-09,0.12,Security,https://digipro.geenius.ee/rubriik/uudis/veriff-koondab-66-tootajat-kotkas-meie-kasvuplaan-oli-oluliselt-ambitsioonikam/,Series C,192,Estonia,2023-02-09T16:24:08.000Z,
REE Automotive,"Tel Aviv, Non-U.S.",31,2023-02-09,0.11,Transportation,https://www.calcalistech.com/ctechnews/article/s16tkompi,Post-IPO,317,Israel,2023-02-11T00:26:57.000Z,
GitHub,SF Bay Area,,2023-02-09,0.1,Product,https://fortune.com/2023/02/09/github-is-laying-off-10-of-staff-and-cutting-down-office-space/,Acquired,350,United States,2023-02-09T18:13:33.000Z,
Quillt,St. Louis,,2023-02-09,,Media,https://www.bizjournals.com/stlouis/inno/stories/news/2023/02/09/quillt-layoffs-digital-publishing.html,Unknown,,United States,2023-02-10T16:59:10.000Z,
WeTrade,"Bengaluru, Non-U.S.",,2023-02-09,1,Crypto,https://inc42.com/buzz/bengaluru-based-crypto-startup-wetrade-shuts-operations-amidst-hostile-ambience/,Unknown,,India,2023-02-09T16:27:20.000Z,
GoDaddy,Phoenix,530,2023-02-08,0.08,Marketing,https://techstartups.com/2023/02/08/godaddy-to-lay-off-8-of-its-workforce-or-about-530-employees-amid-global-economic-slowdown/,Post-IPO,800,United States,2023-02-08T22:43:33.000Z,
Affirm,SF Bay Area,500,2023-02-08,0.19,Finance,https://www.wsj.com/articles/affirm-cuts-500-employees-19-of-its-workforce-11675897002,Post-IPO,1500,United States,2023-02-08T21:27:27.000Z,
Gusto,SF Bay Area,126,2023-02-08,0.05,HR,https://gusto.com/company-news/josh-reeves-message-to-all-gusto,Series E,746,United States,2023-02-08T17:20:23.000Z,
Gong,SF Bay Area,80,2023-02-08,0.07,Sales,https://www.calcalistech.com/ctechnews/article/hjyj6811as,Series E,583,United States,2023-02-08T19:31:00.000Z,
Beam Benefits,Columbus,31,2023-02-08,0.08,Healthcare,https://www.bizjournals.com/columbus/inno/stories/news/2023/02/16/beam-benefits-job-cuts.html,Series E,168,United States,2023-02-17T17:23:47.000Z,
Equitybee,SF Bay Area,24,2023-02-08,0.25,Finance,https://www.calcalistech.com/ctechnews/article/h1jkvzwpo,Series B,85,United States,2023-02-09T00:44:58.000Z,
Baraja,"Sydney, Non-U.S.",,2023-02-08,0.75,Transportation,https://www.news.com.au/finance/business/technology/australian-driverless-car-startup-baraja-worth-300m-sacks-75-per-cent-of-staff/news-story/c7c36ac5afded8f5171e8cc0ec5a71af,Unknown,63,Australia,2023-02-08T17:46:18.000Z,
Koho,"Toronto, Non-U.S.",,2023-02-08,0.14,Finance,https://betakit.com/koho-lays-off-14-percent-of-staff/,Series D,278,Canada,2023-02-08T17:50:03.000Z,
Medly,New York City,,2023-02-08,1,Healthcare,https://www.businessinsider.com/medly-is-shutting-down-after-pharmacy-startup-declared-bankruptcy-2023-2,Series C,100,United States,2023-02-11T00:24:28.000Z,
Nearmap,"Sydney, Non-U.S.",,2023-02-08,0.2,Construction,https://www.afr.com/technology/c-suite-coup-mass-layoffs-at-nearmap-as-us-owner-wields-axe-20230207-p5cil4,Acquired,15,Australia,2023-02-08T17:38:11.000Z,
Zoom,SF Bay Area,1300,2023-02-07,0.15,Other,https://www.cnbc.com/2023/02/07/zoom-to-lay-off-1300-employees-or-about-15percent-of-its-workforce.html,Post-IPO,276,United States,2023-02-07T18:47:26.000Z,
eBay,SF Bay Area,500,2023-02-07,0.04,Retail,https://www.reuters.com/technology/ebay-lay-off-500-employees-2023-02-07/,Post-IPO,1200,United States,2023-02-07T22:26:57.000Z,
SecureWorks,Atlanta,212,2023-02-07,0.09,Security,https://www.marketwatch.com/story/secureworks-to-cut-9-of-its-workforce-as-layoffs-could-affect-more-than-200-employees-01675779796,Post-IPO,83,United States,2023-02-07T15:30:11.000Z,
Salesloft,Atlanta,100,2023-02-07,0.1,Sales,https://www.bizjournals.com/atlanta/news/2023/02/07/salesloft-lays-off-workers.amp.html,Acquired,245,United States,2023-02-08T17:24:10.000Z,
Openpay,"Melbourne, Non-U.S.",83,2023-02-07,1,Finance,https://www.9news.com.au/finance/openpay-buy-now-pay-later-collapses-asx-listed-company/1fd1c0d8-4215-4e64-a9ed-9381e0d3f1a5,Post-IPO,299,Australia,2023-02-07T03:58:28.000Z,
LearnUpon,"Dublin, Non-U.S.",27,2023-02-07,0.09,Education,https://www.independent.ie/business/technology/learnupon-to-let-27-go-as-tech-layoffs-continue-42331418.html,Private Equity,56,Ireland,2023-02-08T17:37:14.000Z,
Sana Benefits,Austin,,2023-02-07,0.19,HR,https://www.sanabenefits.com/blog/a-letter-from-ceo-and-co-founder-will-young-to-sana-employees/,Series B,106,United States,2023-02-08T17:42:28.000Z,
Dell,Austin,6650,2023-02-06,0.05,Hardware,https://www.bloomberg.com/news/articles/2023-02-06/dell-dell-lays-off-about-6-650-employees-in-latest-tech-cuts#xj4y7vzkg,Post-IPO,,United States,2023-02-06T15:48:37.000Z,
Loggi,"Sao Paulo, Non-U.S.",300,2023-02-06,0.07,Logistics,https://www.infomoney.com.br/negocios/pela-segunda-vez-loggi-reduz-equipe-com-demissoes-em-massa/,Series F,507,Brazil,2023-02-07T03:45:59.000Z,
Catch.com.au,"Melbourne, Non-U.S.",100,2023-02-06,,Retail,https://www.channelnews.com.au/wesfarmers-axes-100-catch-employees/,Acquired,80,Australia,2023-02-14T15:11:50.000Z,
VinFast US,Los Angeles,80,2023-02-06,,Transportation,https://www.bloomberg.com/news/articles/2023-02-07/vinfast-cuts-about-80-jobs-in-north-america-including-us-cfo#xj4y7vzkg,Subsidiary,,United States,2023-02-08T17:53:01.000Z,
Drift,Boston,59,2023-02-06,,Marketing,https://www.bizjournals.com/boston/news/2023/02/06/drift-layoffs-2023-economic-conditions.html,Acquired,107,United States,2023-02-07T03:56:03.000Z,
Pocket Aces,"Mumbai, Non-U.S.",50,2023-02-06,0.25,Media,https://economictimes.indiatimes.com/tech/startups/pocket-aces-lays-off-over-20-of-its-workforce/articleshow/97626118.cms,Unknown,19,India,2023-02-06T19:12:45.000Z,
Clari,SF Bay Area,20,2023-02-06,,Sales,https://www.businessinsider.com/tech-layoffs-workato-clari-unicorn-startups-headcount-reduction-job-cuts-2023-2,Series F,496,United States,2023-02-07T04:01:20.000Z,
C6 Bank,"Sao Paulo, Non-U.S.",,2023-02-06,,Finance,https://www1.folha.uol.com.br/mercado/2023/02/c6-bank-demite-funcionarios-e-prepara-reestruturacao.shtml,Unknown,2300,Brazil,2023-02-08T21:47:09.000Z,
Daraz,"Singapore, Non-U.S.",,2023-02-06,0.11,Retail,https://propakistani.pk/2023/02/06/daraz-to-layoff-11-workforce-due-to-extremely-difficult-market-conditions/,Unknown,,Singapore,2023-02-06T19:08:37.000Z,
TenureX,"Tel Aviv, Non-U.S.",,2023-02-06,,Finance,https://www.calcalistech.com/ctechnews/article/b1bsh963o,Seed,6,Israel,2023-02-07T04:04:52.000Z,
Kyruus,Boston,70,2023-02-05,,Healthcare,https://www.fiercehealthcare.com/health-tech/workforce-tracker-thirty-madison-latest-digital-health-startup-cut-staff,Unknown,183,United States,2023-02-07T03:49:23.000Z,
Lightico,"Tel Aviv, Non-U.S.",20,2023-02-05,0.25,Finance,https://www.calcalistech.com/ctechnews/article/bydwq4phj,Series B,42,Israel,2023-02-07T04:08:09.000Z,
Eightfold AI,SF Bay Area,90,2023-02-03,0.15,HR,https://www.nytimes.com/2023/03/13/business/ai-hiring-jobs.html,Series E,396,United States,2023-03-24T18:37:12.000Z,
FarEye,"New Delhi, Non-U.S.",90,2023-02-03,,Logistics,https://inc42.com/buzz/exclusive-microsoft-backed-fareye-fires-90-employees-in-second-round-of-layoffs-within-8-months/,Series E,150,India,2023-02-03T15:58:51.000Z,
Protocol Labs,SF Bay Area,89,2023-02-03,0.2,Crypto,https://www.forbes.com/sites/michaeldelcastillo/2023/02/03/andreessen-horowitz-backed-protocol-labs-fires-21-of-staff-after-raising-record-257-million/?sh=24ba1897b400&utm_campaign=socialflowForbesMainLI&utm_source=ForbesMainLinkedIn&utm_medium=social,Unknown,10,United States,2023-02-04T04:41:16.000Z,
Built Technologies copy,Nashville,,2023-02-03,0.08,Construction,https://www.nashvillepost.com/business/people/built-lays-off-8-percent-of-workforce/article_55b98a54-a401-11ed-b6b2-532a991e1821.html,Unknown,313,United States,2023-07-13T03:35:28.000Z,
Finder,"Sydney, Non-U.S.",,2023-02-03,0.15,Retail,https://www.news.com.au/finance/work/at-work/finder-staff-shocked-by-abrupt-job-cuts-as-15-of-the-business-is-restructured/news-story/6907cf73ddddceb30018521871c89d3c,Unknown,30,Australia,2023-02-06T04:12:43.000Z,
Byju's,"Bengaluru, Non-U.S.",1500,2023-02-02,,Education,https://www.livemint.com/companies/start-ups/edtech-firm-byju-s-lays-off-nearly-1-500-employees-11675343777644.html,Private Equity,5500,India,2023-02-02T15:50:31.000Z,
Okta,SF Bay Area,300,2023-02-02,0.05,Security,https://www.bloomberg.com/news/articles/2023-02-02/okta-to-lay-off-300-employees-citing-overhiring-execution-challenges,Post-IPO,1200,United States,2023-02-02T15:48:09.000Z,
Autodesk,SF Bay Area,250,2023-02-02,0.02,Other,https://www.bloomberg.com/news/articles/2023-02-03/autodesk-layoffs-hit-250-jobs-joining-tech-industry-peers,Post-IPO,,United States,2023-02-03T15:59:40.000Z,
Mindstrong,SF Bay Area,127,2023-02-02,,Healthcare,https://www.bizjournals.com/sanjose/news/2023/02/02/mental-health-startup-closing-menlo-park-hq.html,Series C,160,United States,2023-02-03T03:40:25.000Z,
NCC Group,"Manchester, Non-U.S.",125,2023-02-02,0.07,Security,https://www.businesstimes.com.sg/companies-markets/british-cybersecurity-firm-ncc-group-cut-workforce-7,Post-IPO,,United Kingdom,2023-02-03T20:21:00.000Z,
Miro,SF Bay Area,119,2023-02-02,0.07,Other,https://miro.com/blog/a-message-from-our-ceo/,Series C,476,United States,2023-02-02T15:49:15.000Z,
Getir,New York City,100,2023-02-02,,Food,https://www.businessinsider.com/getir-layoffs-100-us-gorillas-deal-store-closures-possible-2023-2,Series E,1800,United States,2023-02-05T01:03:59.000Z,
Highspot,Seattle,100,2023-02-02,0.1,Sales,https://www.geekwire.com/2023/sales-software-company-highspot-lays-off-100-employees/,Series F,644,United States,2023-02-03T03:19:58.000Z,
Bittrex,Seattle,80,2023-02-02,,Crypto,https://www.coindesk.com/business/2023/02/02/crypto-exchange-bittrex-laying-off-83-people/,Unknown,,United States,2023-02-03T03:14:32.000Z,
Snowplow,"London, Non-U.S.",40,2023-02-02,,Data,https://www.linkedin.com/posts/alexdean_today-we-announced-that-we-will-be-saying-activity-7027029986091900928-YHHh/,Series B,55,United Kingdom,2023-02-03T15:58:10.000Z,
Articulate,New York City,38,2023-02-02,,Education,https://www.linkedin.com/posts/lucysuros_today-im-imploring-my-network-to-be-on-activity-7026985200467263489-X0T8/,Series A,1500,United States,2023-02-03T03:16:08.000Z,
Desktop Metal,Boston,,2023-02-02,,Other,https://www.bizjournals.com/boston/news/2023/02/02/desktop-metal-to-cut-workers-again.html,Post-IPO,811,United States,2023-02-03T03:39:57.000Z,
Getaround,SF Bay Area,,2023-02-02,0.1,Transportation,https://techcrunch.com/2023/02/02/car-sharing-spac-getaround-lays-off-10-of-staff/,Post-IPO,948,United States,2023-02-03T03:54:14.000Z,
NCSoft,"Seoul, Non-U.S.",,2023-02-02,0.2,Consumer,https://venturebeat.com/games/ncsoft-west-lays-off-20-of-its-staff-and-ceo-departs/,Post-IPO,240,South Korea,2023-02-03T03:06:05.000Z,
Sharesies,"Wellington, Non-U.S.",,2023-02-02,,Finance,https://www.stuff.co.nz/business/131135624/sharesies-plans-to-cut-jobs-as-recession-looms,Series C,60,New Zealand,2023-03-11T04:01:53.000Z,
Talkdesk,SF Bay Area,,2023-02-02,,Support,https://www.uctoday.com/unified-communications/tech-redundancies-hit-talkdesk/,Series D,497,United States,2023-02-06T17:59:25.000Z,
Splunk,SF Bay Area,325,2023-02-01,0.04,Data,https://www.marketwatch.com/story/splunk-to-lay-off-4-of-its-staff-in-latest-sign-of-software-cutbacks-11675260328,Post-IPO,2400,United States,2023-02-01T17:01:15.000Z,
Pinterest,SF Bay Area,150,2023-02-01,,Consumer,https://www.bloomberg.com/news/articles/2023-02-02/pinterest-cuts-about-150-jobs-joining-flurry-of-tech-layoffs,Post-IPO,1500,United States,2023-02-02T01:29:09.000Z,
DraftKings,Boston,140,2023-02-01,0.04,Consumer,https://www.cnbc.com/2023/02/01/draftkings-cuts-140-jobs.html,Post-IPO,719,United States,2023-02-01T19:08:40.000Z,
Cyren,Washington D.C.,121,2023-02-01,,Security,https://ir.cyren.com/websites/cyren/English/5015/press-release.html?airportNewsID=631c3a77-555f-4a78-be5b-ec30c5cdaaac,Post-IPO,161,United States,2023-02-02T15:52:39.000Z,
Workato,SF Bay Area,90,2023-02-01,0.1,Other,https://www.businessinsider.com/tech-layoffs-workato-clari-unicorn-startups-headcount-reduction-job-cuts-2023-2,Series E,415,United States,2023-02-07T03:59:33.000Z,
VerticalScope,"Toronto, Non-U.S.",60,2023-02-01,0.22,Media,https://www.theglobeandmail.com/business/article-verticalscope-cuts-22-per-cent-of-staff-in-latest-canadian-tech/,Post-IPO,,Canada,2023-02-01T23:26:57.000Z,
Wheel,Austin,56,2023-02-01,0.28,Healthcare,https://www.beckershospitalreview.com/telehealth/telehealth-company-wheel-lays-off-28-of-workforce.html,Series C,215,United States,2023-02-02T00:04:53.000Z,
Chainalysis,New York City,44,2023-02-01,0.05,Crypto,https://www.forbes.com/sites/stevenehrlich/2023/02/01/chainalysis-to-lay-off-48-of-staff-as-crypto-winter-bites-into-private-sector-demand/?sh=471d22826f23,Series F,536,United States,2023-02-02T03:13:20.000Z,
Appgate,Miami,34,2023-02-01,0.08,Security,https://seekingalpha.com/filing/7197018,Post-IPO,,United States,2023-02-26T21:22:32.000Z,
Exterro,Portland,24,2023-02-01,0.03,Legal,https://www.oregonlive.com/silicon-forest/2023/01/oregon-software-company-exterro-lays-off-two-dozen-employees-after-buying-zapproved.html,Private Equity,100,United States,2023-02-02T00:05:27.000Z,
TheSkimm,New York City,17,2023-02-01,0.1,Media,https://www.businessinsider.com/theskimm-layoffs-nearly-10-percent-staff-media-industry-cuts-economy-2023-2,Series C,28,United States,2023-02-03T03:49:46.000Z,
Ada,"Toronto, Non-U.S.",,2023-02-01,,Support,https://betakit.com/ada-latest-canadian-unicorn-to-make-additional-staff-cuts/,Series C,190,Canada,2023-02-03T03:13:00.000Z,
Bustle Digital Group,New York City,,2023-02-01,0.08,Media,https://variety.com/2023/digital/news/gawker-shutting-down-1235509262/,Series E,80,United States,2023-02-03T03:48:26.000Z,
Frequency Therapeutics,Boston,,2023-02-01,0.5,Healthcare,https://www.bizjournals.com/boston/news/2023/02/13/frequency-therapeutics-layoffs-2023.html,Post-IPO,76,United States,2023-02-14T15:19:06.000Z,
MariaDB,"Helsinki, Non-U.S.",,2023-02-01,0.08,Data,https://d18rn0p25nwr6d.cloudfront.net/CIK-0001929589/ec0bacf5-b734-418a-abde-4fe0b21d43d8.pdf,Post-IPO,245,Finland,2023-02-07T18:52:53.000Z,
Match Group,New York City,,2023-02-01,0.08,Consumer,https://www.bloomberg.com/news/articles/2023-02-01/match-will-reduce-global-workforce-by-8-as-sales-miss-estimates?leadSource=uverify%20wall,Post-IPO,,United States,2023-02-02T01:29:41.000Z,
Omnipresent,"London, Non-U.S.",,2023-02-01,,HR,https://www.linkedin.com/feed/update/urn:li:activity:7026583774519799808/,Series B,137,United Kingdom,2023-02-03T03:11:25.000Z,
Picnic,Seattle,,2023-02-01,,Food,https://www.geekwire.com/2023/picnic-a-food-automation-startup-that-sells-a-pizza-making-robot-lays-off-employees/,Unknown,52,United States,2023-02-22T02:54:40.000Z,
Rivian,Detroit,,2023-02-01,0.06,Transportation,https://www.reuters.com/business/autos-transportation/ev-maker-rivian-cut-6-jobs-amid-price-war-internal-memo-2023-02-01/,Post-IPO,10700,United States,2023-02-01T17:04:20.000Z,
PayPal,SF Bay Area,2000,2023-01-31,0.07,Finance,https://www.cnbc.com/2023/01/31/paypal-to-lay-off-2000-employees-in-coming-weeks-about-7percent-of-workforce.html,Post-IPO,216,United States,2023-01-31T21:48:43.000Z,
NetApp,SF Bay Area,960,2023-01-31,0.08,Data,https://www.theregister.com/2023/01/31/netapp_layoffs_8_percent/,Post-IPO,,United States,2023-01-31T16:33:01.000Z,
Workday,SF Bay Area,525,2023-01-31,0.03,HR,https://www.cnbc.com/2023/01/31/workday-lays-off-employees-but-will-grow-head-count.html,Post-IPO,230,United States,2023-01-31T16:34:32.000Z,
HubSpot,Boston,500,2023-01-31,0.07,Marketing,https://www.marketwatch.com/story/hubspot-to-lay-off-about-500-employees-consolidate-workspace-leases-01675175630,Post-IPO,100,United States,2023-01-31T16:33:45.000Z,
Upstart,SF Bay Area,365,2023-01-31,0.2,Finance,https://www.marketwatch.com/story/upstart-to-lay-off-365-employees-20-of-staff-271675176017,Post-IPO,144,United States,2023-01-31T18:54:52.000Z,
Software AG,"Frankfurt, Non-U.S.",200,2023-01-31,0.04,Data,https://investors.softwareag.com/content/dam/investorrelation/pdfs/english/financial-results/2022/q4/20230131_sow_en_press_release_q4_2022.pdf.sagdownload.inline.1675184544569.pdf,Post-IPO,344,Germany,2023-02-04T23:06:27.000Z,
Wish,SF Bay Area,150,2023-01-31,0.17,Retail,https://ir.wish.com/node/9361/html,Post-IPO,1600,United States,2023-02-01T05:25:15.000Z,
Wefox,"Berlin, Non-U.S.",100,2023-01-31,,Finance,https://versicherungsmonitor.de/2023/01/31/wefox-streicht-stellen/,Series D,1300,Germany,2023-02-01T05:17:25.000Z,
Tilting Point,New York City,60,2023-01-31,0.14,Consumer,https://mobilegamer.biz/layoffs-at-tilting-point-as-it-restructures-and-switches-strategy/,Unknown,235,United States,2023-02-01T17:02:04.000Z,
Gokada,"Lagos, Non-U.S.",54,2023-01-31,,Transportation,https://techcabal.com/2023/02/02/gokada-layoffs-affects-54/,Unknown,12,Nigeria,2023-02-02T16:34:42.000Z,
Nubank,"Sao Paulo, Non-U.S.",40,2023-01-31,,Finance,https://valorinveste.globo.com/mercados/renda-variavel/empresas/noticia/2023/01/31/nubank-demite-40-pessoas-e-fecha-rea-de-assessoria-de-investimentos.ghtml,Post-IPO,4100,Brazil,2023-06-08T17:28:48.000Z,
AU10TIX,"Tel Aviv, Non-U.S.",19,2023-01-31,0.09,Security,https://www.calcalistech.com/ctechnews/article/sy6ynzb2o,Unknown,80,Israel,2023-02-07T04:06:49.000Z,
National Instruments,Austin,,2023-01-31,0.04,Hardware,https://www.cmlviz.com/stocks/NATI/news/b/2023/01/31/national-instruments-corp-expected-to-reduce-ni-s-worldwide-headcount-by-approximately-4-during-2023,Post-IPO,,United States,2023-02-04T23:05:08.000Z,
OpenText,"Waterloo, Non-U.S.",,2023-01-31,0.08,Data,https://www.crn.com/news/security/layoffs-ahead-as-opentext-closes-5-8b-micro-focus-buy,Post-IPO,1100,Canada,2023-02-01T05:19:04.000Z,
Philips,"Amsterdam, Non-U.S.",6000,2023-01-30,0.13,Healthcare,https://www.reuters.com/markets/europe/philips-scraps-6000-jobs-drive-improve-profitability-2023-01-30/,Post-IPO,,Netherlands,2023-01-30T15:45:59.000Z,
OLX Group,"Amsterdam, Non-U.S.",1500,2023-01-30,0.15,Marketing,https://www.financialexpress.com/industry/prosus-operated-olx-to-fire-at-least-1500-employees-globally/2964475/,Acquired,,Netherlands,2023-01-30T15:52:15.000Z,
Arrival,"London, Non-U.S.",800,2023-01-30,0.5,Transportation,https://techcrunch.com/2023/01/30/ev-company-arrival-to-cut-workforce-by-50-in-third-restructuring-effort/,Post-IPO,629,United Kingdom,2023-01-31T05:21:03.000Z,
Groupon,Chicago,500,2023-01-30,,Retail,https://www.chicagobusiness.com/technology/groupon-lay-another-500-workers,Post-IPO,1400,United States,2023-01-31T04:39:50.000Z,
Intel,SF Bay Area,343,2023-01-30,,Hardware,https://www.sfgate.com/tech/article/intel-plans-layoffs-california-campus-17752669.php,Post-IPO,12,United States,2023-01-31T04:42:51.000Z,
Glovo,"Barcelona, Non-U.S.",250,2023-01-30,0.06,Food,https://sifted.eu/articles/glovo-lays-offs-news/,Acquired,1200,Spain,2023-01-30T15:47:22.000Z,
Delivery Hero,"Berlin, Non-U.S.",156,2023-01-30,0.04,Food,https://newsingermany.com/delivery-hero-lays-off-four-percent-of-employees-at-headquarters/,Post-IPO,9900,Germany,2023-01-31T01:27:08.000Z,
Impossible Foods,SF Bay Area,140,2023-01-30,0.2,Food,https://www.bloomberg.com/news/articles/2023-01-30/impossible-foods-plans-to-lay-off-about-20-of-employees,Series H,1900,United States,2023-01-31T01:32:26.000Z,
Chrono24,"Karlsruhe, Non-U.S.",65,2023-01-30,0.13,Retail,https://www.bloomberg.com/news/articles/2023-01-30/rolex-reseller-chrono24-cuts-jobs-as-pre-owned-watch-prices-fall,Series C,205,Germany,2023-01-31T01:33:05.000Z,
BM Technologies,Philadelphia,,2023-01-30,0.25,Finance,https://ir.bmtxinc.com/news/news-details/2023/BM-Technologies-Inc.-Announces-Profit-Enhancement-Plan-and-Changes-to-Management-and-Directors/default.aspx,Post-IPO,,United States,2023-02-01T05:14:08.000Z,
Olist,"Curitiba, Non-U.S.",,2023-01-30,,Retail,https://www.estadao.com.br/link/inovacao/unicornio-olist-faz-2-rodada-de-demissoes-em-massa-e-aponta-mercado-arido-em-2023/,Series E,322,Brazil,2023-01-31T01:34:45.000Z,
Oyster,Charlotte,,2023-01-30,,HR,https://www.linkedin.com/posts/teljamou_oyster-talent-list-activity-7026112666393829376-KB_N/,Series C,224,United States,2023-02-01T05:15:18.000Z,
Prime Trust,Las Vegas,,2023-01-30,0.33,Crypto,https://www.coindesk.com/business/2023/01/30/crypto-services-company-prime-trust-lays-off-one-third-of-staff/,Series B,176,United States,2023-02-01T05:21:42.000Z,
Quantum SI,New Haven,,2023-01-30,0.12,Healthcare,https://www.genomeweb.com/proteomics-protein-research/quantum-si-laying-12-percent-workforce#.Y9wOl-zMK8A,Post-IPO,425,United States,2023-02-03T03:08:23.000Z,
SoFi,SF Bay Area,,2023-01-30,,Finance,https://www.americanbanker.com/news/sofis-bank-charter-drives-positive-outlook-though-layoffs-hit-tech-unit,Post-IPO,3000,United States,2023-01-31T04:38:32.000Z,
Hoxhunt,"Helsinki, Non-U.S.",,2023-01-29,,Security,https://www.hs.fi/visio/art-2000009351910.html,Series B,43,Finland,2023-02-01T05:12:47.000Z,
Me Poupe,"Sao Paulo, Non-U.S.",60,2023-01-28,0.5,Finance,https://portaldobitcoin.uol.com.br/os-bastidores-da-demissao-em-massa-da-me-poupe-de-nathalia-arcuri-quer-sair-das-redes-sociais/,Unknown,,Brazil,2023-01-29T20:06:30.000Z,
CoinTracker,SF Bay Area,19,2023-01-28,,Crypto,https://www.cointracker.io/blog/ceo-jon-lerners-message-to-cointracker-employees,Series A,101,United States,2023-01-28T15:10:18.000Z,
SSense,"Montreal, Non-U.S.",138,2023-01-27,0.07,Retail,https://betakit.com/as-big-tech-makes-mass-layoffs-recent-canadian-startup-reductions-might-cut-deeper/,Series A,,Canada,2023-01-28T15:11:45.000Z,
DealShare,"Bengaluru, Non-U.S.",100,2023-01-27,0.06,Retail,https://www.moneycontrol.com/news/business/startup/tiger-global-backed-dealshare-lays-off-6-of-staff-9949751.html,Series E,390,India,2023-01-27T14:27:54.000Z,
Ruggable,Los Angeles,100,2023-01-27,,Retail,https://www.modernretail.co/operations/direct-to-consumer-brand-ruggable-lays-off-100-employees/,Seed,,United States,2023-02-01T05:31:04.000Z,
Synopsys,SF Bay Area,100,2023-01-27,,Other,https://www.eastbaytimes.com/2023/01/27/synopsys-mountain-view-sunnyvale-job-layoff-tech-facebook-google/,Post-IPO,,United States,2023-01-28T15:08:17.000Z,
Heycar,"Berlin, Non-U.S.",73,2023-01-27,,Transportation,https://www.autohaus.de/nachrichten/autohersteller/umstrukturierung-heycar-trennt-sich-von-ueber-70-mitarbeitern-3316468,Unknown,,Germany,2023-01-31T23:29:04.000Z,
Matrixport,"Singapore, Non-U.S.",29,2023-01-27,0.1,Crypto,https://www.coindesk.com/business/2023/01/27/jihan-wus-matrixport-cuts-10-of-staff/,Series C,100,Singapore,2023-01-27T14:26:19.000Z,
Shakepay,"Montreal, Non-U.S.",21,2023-01-27,0.25,Crypto,https://betakit.com/as-big-tech-makes-mass-layoffs-recent-canadian-startup-reductions-might-cut-deeper/,Series A,45,Canada,2023-01-28T21:16:13.000Z,
#Paid,"Toronto, Non-U.S.",19,2023-01-27,0.17,Marketing,https://betakit.com/as-big-tech-makes-mass-layoffs-recent-canadian-startup-reductions-might-cut-deeper/,Series B,21,Canada,2023-01-28T21:12:43.000Z,
Decent,SF Bay Area,,2023-01-27,,Healthcare,https://www.decent.com/post/what-just-happened-at-decent,Series A,18,United States,2023-01-28T21:07:47.000Z,
Feedzai,"Coimbra, Non-U.S.",,2023-01-27,,Finance,https://www.finextra.com/newsarticle/41685/exclusive-feedzai-cuts-workforce-amid-restructuring---sources,Unknown,273,Portugal,2023-01-28T21:06:01.000Z,
Nate,New York City,,2023-01-27,,Retail,https://www.theinformation.com/articles/coatue-backed-ai-shopping-startup-nate-has-slashed-most-staff-and-disabled-key-features-of-its-app,Series A,47,United States,2023-01-29T14:47:41.000Z,
Soundwide,"Berlin, Non-U.S.",,2023-01-27,0.08,Other,https://cdm.link/2023/01/soundwide-layoffs/,,,Germany,2023-05-01T23:55:39.000Z,
SAP,"Walldorf, Non-U.S.",3000,2023-01-26,0.03,Other,https://www.cnbc.com/2023/01/26/sap-to-cut-3000-roles-explore-sale-of-qualtrics-stake.html,Post-IPO,1300,Germany,2023-01-26T15:58:24.000Z,
Confluent,SF Bay Area,221,2023-01-26,0.08,Data,https://investors.confluent.io/node/8216/html,Post-IPO,455,United States,2023-01-26T16:16:20.000Z,
Glisser,"London, Non-U.S.",25,2023-01-26,1,Travel,https://www.linkedin.com/posts/mikepiddock_glisser-people-open-to-work-public-version-activity-7024682358524010497-5wiM/,Unknown,1,United Kingdom,2023-12-22T23:13:11.000Z,
DriveWealth,Jersey City,,2023-01-26,0.2,Finance,https://techcrunch.com/2023/02/06/even-well-funded-fintech-companies-are-laying-off-workers/,Series D,550,United States,2023-02-01T23:29:42.000Z,
Mode Global,"London, Non-U.S.",,2023-01-26,1,Finance,https://ir.q4europe.com/solutions/ModePlc/4070/newsArticle.aspx?storyid=15676173,Post-IPO,,United Kingdom,2023-01-30T15:55:27.000Z,
Plus One Robotics,San Antonio,,2023-01-26,0.1,Other,https://www.linkedin.com/feed/update/urn:li:activity:7024472621111001088/,Series B,43,United States,2023-01-27T14:04:04.000Z,
Quora,SF Bay Area,,2023-01-26,,Consumer,https://quorablog.quora.com/Company-update?ch=10&oid=97805843&share=1139ae3a&srid=XzV2&target_type=post,Series D,226,United States,2023-01-27T14:16:24.000Z,
IBM,New York City,3900,2023-01-25,0.02,Hardware,https://www.bloomberg.com/news/articles/2023-01-25/ibm-to-cut-about-3-900-workers-still-hiring-in-higher-growth-areas,Post-IPO,,United States,2023-01-25T23:13:59.000Z,
Lam Research,SF Bay Area,1300,2023-01-25,0.07,Hardware,https://www.bloomberg.com/news/articles/2023-01-25/lam-research-to-cut-7-of-workforce-after-forecast-disappoints?leadSource=uverify%20wall,Post-IPO,,United States,2023-02-01T17:05:32.000Z,
Shutterfly,SF Bay Area,360,2023-01-25,,Retail,https://thedeadpixelssociety.com/shutterfly-layoffs-impact-360/,Acquired,50,United States,2023-01-26T21:06:40.000Z,
Luno,"London, Non-U.S.",330,2023-01-25,0.35000000000000003,Crypto,https://www.cnbc.com/2023/01/25/dcg-owned-crypto-exchange-luno-axes-35percent-of-staff.html,Acquired,13,United Kingdom,2023-01-25T19:22:35.000Z,
Clear Capital,Reno,250,2023-01-25,0.25,Real Estate,https://www.rgj.com/story/news/money/business/2023/01/25/more-layoffs-at-reno-based-clear-capital-amid-seismic-housing-shift/69842319007/,Unknown,,United States,2023-01-26T01:58:01.000Z,
Guardant Health,SF Bay Area,130,2023-01-25,0.07,Healthcare,https://www.genomeweb.com/business-news/guardant-health-lays-7-percent-workforce#.Y9HcqOzMK8A,Post-IPO,550,United States,2023-01-26T01:51:37.000Z,
SirionLabs,Seattle,130,2023-01-25,0.15,Legal,https://inc42.com/buzz/exclusive-days-after-raising-25-mn-funding-tiger-backed-sirionlabs-lays-off-around-150-employees/,Series D,171,United States,2023-01-26T01:48:50.000Z,
Tier Mobility,"Berlin, Non-U.S.",80,2023-01-25,0.07,Transportation,https://techcrunch.com/2023/01/25/tier-mobility-and-spin-lay-off-100-more-employees/,Series D,646,Germany,2023-01-26T01:56:55.000Z,
CareRev,Los Angeles,,2023-01-25,,Healthcare,https://www.carerev.com/blog/a-note-from-the-ceo-refocusing-on-our-technology-to-deliver-on-our-mission,Series A,51,United States,2023-02-01T05:27:36.000Z,
Finastra,"Tel Aviv, Non-U.S.",,2023-01-25,,Finance,https://www.calcalistech.com/ctechnews/article/s1sh8e13i,Unknown,,Israel,2023-02-07T04:10:43.000Z,
Noom,New York City,,2023-01-25,,Fitness,https://www.mobihealthnews.com/news/weight-loss-startup-noom-confirms-more-layoffs,Series F,657,United States,2023-01-26T21:05:04.000Z,
PagSeguro,"Sao Paulo, Non-U.S.",,2023-01-25,0.07,Finance,https://news.fintechnexus.com/pagseguro-and-will-bank-part-of-layoff-wave-in-latam/,Post-IPO,,Brazil,2023-02-07T15:29:25.000Z,
Prosus,"Amsterdam, Non-U.S.",,2023-01-25,0.3,Other,https://www.bloomberg.com/news/articles/2023-01-25/prosus-to-cut-30-of-corporate-staff-in-latest-tech-layoffs?leadSource=uverify%20wall,Unknown,,Netherlands,2023-01-25T19:24:02.000Z,
Vacasa,Portland,1300,2023-01-24,0.17,Travel,https://www.oregonlive.com/business/2023/01/vacasa-will-lay-off-1300-we-need-to-reduce-our-costs.html,Post-IPO,834,United States,2023-01-25T00:20:14.000Z,
Innovaccer,SF Bay Area,245,2023-01-24,0.15,Healthcare,https://digitalhealth.modernhealthcare.com/digital-health/digital-health-unicorn-innovaccer-lays-15-its-employees,Series E,379,United States,2023-01-24T16:21:30.000Z,
Bolt,SF Bay Area,50,2023-01-24,0.1,Finance,https://www.theinformation.com/articles/bolt-ceo-cuts-staff-a-third-time-as-revenue-lags,Series E,1300,United States,2023-01-25T02:12:26.000Z,
PartnerStack,"Toronto, Non-U.S.",40,2023-01-24,0.2,Sales,https://betakit.com/as-big-tech-makes-mass-layoffs-recent-canadian-startup-reductions-might-cut-deeper/,Series B,36,Canada,2023-01-24T23:03:28.000Z,
Gitpod,"Kiel, Non-U.S.",21,2023-01-24,0.28,Product,https://www.gitpod.io/blog/building-for-the-long-run,Series A,41,Germany,2023-01-25T15:00:42.000Z,
OFFOR Health,Columbus,16,2023-01-24,,Healthcare,https://www.linkedin.com/feed/update/urn:li:activity:7024365334803451904/,Series A,14,United States,2023-01-28T21:04:44.000Z,
Venngage,"Toronto, Non-U.S.",11,2023-01-24,0.2,Marketing,https://betakit.com/as-big-tech-makes-mass-layoffs-recent-canadian-startup-reductions-might-cut-deeper/,Unknown,,Canada,2023-01-25T05:21:07.000Z,
CoachHub,"Berlin, Non-U.S.",,2023-01-24,0.1,HR,https://www.linkedin.com/posts/niebelschuetz_today-we-announced-the-toughest-decision-activity-7023678997448290304-oDEB/,Series C,332,Germany,2023-01-24T22:59:46.000Z,
Corvus Insurance,Boston,,2023-01-24,0.14,Finance,https://www.bizjournals.com/boston/inno/stories/news/2023/01/25/corvus-layoffs-us-europe.html,Series C,160,United States,2023-01-25T14:58:21.000Z,
Icon,Austin,,2023-01-24,,Construction,https://www.bizjournals.com/austin/inno/stories/news/2023/01/24/icon-3d-printing-homes-austin-layoffs-tech.html,Series B,451,United States,2023-01-25T14:59:52.000Z,
PagerDuty,SF Bay Area,,2023-01-24,0.07,Product,https://www.marketwatch.com/story/pagerduty-to-lay-off-7-of-staff-revenue-officer-to-exit-271674568511,Post-IPO,173,United States,2023-01-24T16:29:17.000Z,
Scoro,"London, Non-U.S.",,2023-01-24,0.09,HR,https://digipro.geenius.ee/rubriik/uudis/scoro-koondas-eestis-usas-ja-uhendkuningriigis-9-protsenti-tootajatest/,Series B,23,United Kingdom,2023-01-24T23:02:21.000Z,
Spotify,"Stockholm, Non-U.S.",600,2023-01-23,0.06,Media,https://www.reuters.com/technology/spotify-trim-6-workforce-2023-01-23/,Post-IPO,2100,Sweden,2023-01-23T15:43:16.000Z,
Uber Freight,SF Bay Area,150,2023-01-23,0.03,Logistics,https://www.freightwaves.com/news/uber-freight-cutting-about-150-jobs-all-in-brokerage-operations,Subsidiary,2700,United States,2023-01-24T16:24:02.000Z,
Inmobi,"Bengaluru, Non-U.S.",50,2023-01-23,,Marketing,https://www.business-standard.com/article/companies/softbank-backed-inmobi-fires-50-70-employees-on-performance-basis-123012200465_1.html,Unknown,320,India,2023-01-23T15:59:42.000Z,
Innovid,New York City,40,2023-01-23,0.1,Marketing,https://www.marketwatch.com/amp/story/innovid-will-cut-10-of-jobs-01674512868,Post-IPO,295,United States,2023-01-24T16:28:18.000Z,
Booktopia,"Sydney, Non-U.S.",30,2023-01-23,,Retail,https://cdn-api.markitdigital.com/apiman-gateway/ASX/asx-research/1.0/file/2924-02623152-2A1426574?access_token=83ff96335c2d45a094df02a206a39ff4,Series A,23,Australia,2023-01-23T16:46:01.000Z,
Ermetic,SF Bay Area,30,2023-01-23,0.17,Security,https://www.calcalistech.com/ctechnews/article/h1abeu2io,Series B,97,United States,2023-01-25T00:11:01.000Z,
Namogoo,"Tel Aviv, Non-U.S.",20,2023-01-23,0.15,Marketing,https://www.calcalistech.com/ctechnews/article/skhuvq2ii,Series C,69,Israel,2023-01-24T05:24:09.000Z,
Camp K12,"Gurugram, Non-U.S.",,2023-01-23,0.7000000000000001,Education,https://themorningcontext.com/internet/camp-k12-lays-off-70-of-staff-refuses-to-pay-dues,Series A,16,India,2023-01-23T16:47:27.000Z,
Gemini,New York City,,2023-01-23,0.1,Crypto,https://www.theinformation.com/articles/gemini-is-laying-off-10-of-staff-marking-latest-blow-for-winklevoss-crypto-startup,Unknown,423,United States,2023-01-23T18:12:11.000Z,
Yext,New York City,,2023-01-23,0.08,Marketing,https://www.marketwatch.com/story/yext-to-lay-off-8-of-staff-01674510853,Post-IPO,117,United States,2023-01-23T23:21:00.000Z,
BUX,"Amsterdam, Non-U.S.",,2023-01-22,,Finance,https://nltimes.nl/2023/01/22/investment-app-bux-cuts-workforce-reduce-costs,Series C,115,Netherlands,2023-01-23T16:54:46.000Z,
Google,SF Bay Area,12000,2023-01-20,0.06,Consumer,https://www.nytimes.com/2023/01/20/business/google-alphabet-layoffs.html,Post-IPO,26,United States,2023-01-20T14:23:42.000Z,
Wayfair,Boston,1750,2023-01-20,0.1,Retail,https://www.wsj.com/articles/wayfair-is-preparing-to-lay-off-more-than-1-000-workers-11674161122,Post-IPO,1700,United States,2023-01-20T14:25:30.000Z,
Swiggy,"Bengaluru, Non-U.S.",380,2023-01-20,0.06,Food,https://economictimes.indiatimes.com/tech/startups/swiggy-to-layoff-380-employees-ceo-majety-tells-staff/articleshow/97164568.cms,Unknown,3600,India,2023-01-20T01:19:50.000Z,
MediBuddy,"Bengaluru, Non-U.S.",200,2023-01-20,0.08,Healthcare,https://inc42.com/buzz/exclusive-lightrock-india-backed-medibuddy-lays-oaff-around-200-employees/,Acquired,192,India,2023-01-21T00:48:07.000Z,
Vox Media,Washington D.C.,130,2023-01-20,0.07,Media,https://variety.com/2023/digital/news/vox-media-layoffs-130-employees-job-cuts-1235496467/,Series F,307,United States,2023-01-21T00:56:59.000Z,
BitTorrent,SF Bay Area,92,2023-01-20,,Infrastructure,https://www.bizjournals.com/sanfrancisco/news/2023/01/20/p2p-bittorrent-rainberry-tech-layoffs-torrent.html,Acquired,,United States,2023-02-07T03:53:04.000Z,
Karat,Seattle,47,2023-01-20,,HR,https://www.geekwire.com/2023/seattle-technical-interviewing-startup-karat-cuts-47-employees-citing-need-to-invest-in-growth/,Unknown,169,United States,2023-01-21T22:39:15.000Z,
Enjoei,"Sao Paulo, Non-U.S.",31,2023-01-20,0.1,Retail,"https://www.terra.com.br/economia/dinheiro-em-dia/meu-negocio/depois-do-ipo-e-da-queda-enjoei-faz-a-sua-demissao-em-massa,e1d6c15174934d1010733071113dff43zabh1zv5.html",Unknown,14,Brazil,2023-01-23T23:16:03.000Z,
Edifecs,Seattle,30,2023-01-20,,Healthcare,https://www.geekwire.com/2023/edifecs-lays-off-30-employees-in-the-u-s/,Unknown,1,United States,2023-01-21T22:40:13.000Z,
Citrine Informatics,SF Bay Area,22,2023-01-20,0.27,Data,https://www.linkedin.com/posts/gregorymulholland_this-week-was-a-hard-one-for-our-team-at-activity-7022310417347596288-0cd3/,Series C,64,United States,2023-01-21T01:03:54.000Z,
Avalara,Seattle,,2023-01-20,,Finance,https://www.geekwire.com/2023/tax-software-giant-avalara-reportedly-lays-off-workers/,Acquired,341,United States,2023-01-21T22:38:30.000Z,
Cyteir Therapeutics,Boston,,2023-01-20,0.7000000000000001,Healthcare,https://www.fiercebiotech.com/biotech/cyteir-lays-70-workforce-after-further-narrowing-cancer-drug-goals,Series C,156,United States,2023-01-21T01:02:28.000Z,
Morning Consult,Washington D.C.,,2023-01-20,,Data,https://www.bizjournals.com/washington/news/2023/01/20/morning-consult-layoffs.html,Series B,91,United States,2023-01-24T05:22:21.000Z,
TikTok,Los Angeles,,2023-01-20,,Consumer,https://www.businessinsider.com/tiktok-layoffs-talent-acquisition-recruiting-human-resources-2023-1,Acquired,,United States,2023-01-24T16:26:01.000Z,
Zappos,Las Vegas,,2023-01-20,,Retail,https://www.reviewjournal.com/business/zappos-implements-another-round-of-layoffs-2715896/,Acquired,62,United States,2023-01-21T22:43:49.000Z,
Capital One,Washington D.C.,1100,2023-01-19,,Finance,https://www.reuters.com/technology/capital-one-scraps-1100-tech-positions-source-2023-01-19/,Post-IPO,,United States,2023-01-20T15:56:24.000Z,
Proterra,SF Bay Area,300,2023-01-19,,Transportation,https://news.yahoo.com/proterra-cut-jobs-merge-electric-232932585.html,Post-IPO,1200,United States,2023-03-07T01:21:17.000Z,
WeWork ,New York City,300,2023-01-19,,Real Estate,https://investors.wework.com/news-and-events/press-releases/financial-releases-details/2023/WeWork-Announces-Date-of-Fourth-Quarter-and-Full-Year-2022-Results-Conference-Call/default.aspx,Post-IPO,22200,United States,2023-01-19T17:03:45.000Z,
Hubilo,SF Bay Area,115,2023-01-19,0.35000000000000003,Other,https://inc42.com/buzz/hubilo-fires-35-of-its-workforce-in-second-round-of-layoffs-within-6-months/,Series B,153,United States,2023-01-20T01:03:30.000Z,
Saks.com,New York City,100,2023-01-19,0.05,Retail,https://wwd.com/business-news/retail/saks-com-triggering-layoffs-1235484907/,Unknown,965,United States,2023-01-21T00:37:32.000Z,
CS Disco,Austin,62,2023-01-19,0.09,Legal,https://d18rn0p25nwr6d.cloudfront.net/CIK-0001625641/f8a9ad04-6c29-4631-b07d-b08d849fbcfa.pdf,Post-IPO,233,United States,2023-01-21T00:54:13.000Z,
Riot Games,Los Angeles,46,2023-01-19,,Consumer,https://www.eurogamer.net/riot-games-reportedly-making-layoffs,Acquired,21,United States,2023-01-20T01:06:09.000Z,
Hydrow,Boston,30,2023-01-19,,Fitness,https://www.bostonglobe.com/2023/01/20/business/more-rough-waters-rowing-startup-hydrow/,Series D,269,United States,2023-01-21T22:41:08.000Z,
Earth Rides,Nashville,,2023-01-19,1,Transportation,https://fox17.com/news/local/google-apple-news-nashville-middle-tennessee-earth-rides-ride-share-company-randomly-shuts-down-employees-without-paychecks,Unknown,2,United States,2023-01-29T14:49:05.000Z,
Fandom,SF Bay Area,,2023-01-19,,Media,https://variety.com/2023/digital/news/fandom-layoffs-giant-bomb-gamespot-metacritic-tv-guide-1235495258/,Series E,145,United States,2023-01-20T01:21:46.000Z,
IAM Robotics,Pittsburgh,,2023-01-19,,Hardware,https://www.linkedin.com/feed/update/urn:li:activity:7021996164593909760/,Unknown,21,United States,2023-01-21T00:52:38.000Z,
Icertis,Seattle,,2023-01-19,,Legal,https://www.bizjournals.com/seattle/news/2023/01/19/icertis-layoffs-bellevue-unicorn-contract-software.html,Unknown,521,United States,2023-01-20T04:50:27.000Z,
Magnite,Los Angeles,,2023-01-19,0.06,Marketing,https://seekingalpha.com/news/3926164-magnite-slashes-jobs-by-6-globally-sec-filing,Post-IPO,400,United States,2023-01-20T04:46:53.000Z,
Mudafy,"Mexico City, Non-U.S.",,2023-01-19,0.7000000000000001,Real Estate,https://www.cronista.com/infotechnology/actualidad/vuelven-los-despidos-masivos-la-empresa-mudafy-echo-al-90-de-sus-empleados/,Series A,13,Mexico,2023-01-20T01:19:18.000Z,
Personalis,SF Bay Area,,2023-01-19,0.3,Healthcare,https://www.genomeweb.com/business-news/personalis-lay-30-percent-workforce#.Y8nuFezMK8A,Post-IPO,225,United States,2023-01-20T01:28:00.000Z,
Prisma,SF Bay Area,,2023-01-19,0.28,Data,https://www.prisma.io/blog/restructure-announcement-1a9ek279du8j,Series B,56,United States,2023-01-21T00:50:05.000Z,
Spaceship,"Sydney, Non-U.S.",,2023-01-19,,Finance,https://www.financialstandard.com.au/news/spaceship-reduces-headcount-reorganises-executive-team-179798117,Series A,41,Australia,2023-01-24T06:11:34.000Z,
Wallbox,"Barcelona, Non-U.S.",,2023-01-19,0.15,Energy,https://investorplace.com/2023/01/wallbox-layoffs-2023-what-to-know-about-the-latest-wbx-job-cuts/,Post-IPO,167,Spain,2023-01-20T01:22:35.000Z,
Microsoft,Seattle,10000,2023-01-18,0.05,Other,https://www.usatoday.com/story/money/2023/01/18/microsoft-layoffs-10000-employees-stock/11074235002/,Post-IPO,1,United States,2023-01-18T02:05:15.000Z,
Sophos,"Oxford, Non-U.S.",450,2023-01-18,0.1,Security,https://techcrunch.com/2023/01/18/sophos-global-layoffs/,Acquired,125,United Kingdom,2023-01-18T16:00:10.000Z,
Teladoc Health,New York City,300,2023-01-18,0.06,Healthcare,https://digitalhealth.modernhealthcare.com/finance/teladoc-health-layoffs-staff-cut-jason-gorevic,Post-IPO,172,United States,2023-01-18T19:49:11.000Z,
Vroom,New York City,275,2023-01-18,0.2,Transportation,https://seekingalpha.com/news/3925618-vroom-slashes-workforce-by-20,Post-IPO,1300,United States,2023-01-20T01:00:55.000Z,
8x8,SF Bay Area,155,2023-01-18,0.07,Support,https://www.channelfutures.com/business-models/8x8-to-reduce-7-of-workforce-significantly-impacting-channel-staff,Post-IPO,253,United States,2023-01-18T23:18:43.000Z,
Pagaya,"Tel Aviv, Non-U.S.",140,2023-01-18,0.2,Finance,https://www.calcalistech.com/ctechnews/article/rjdsyoboo,Post-IPO,571,Israel,2023-01-18T19:48:26.000Z,
Benevity,"Calgary, Non-U.S.",137,2023-01-18,0.14,Other,https://benevity.com/message-kelly-schmitt,Unknown,69,Canada,2023-01-18T19:52:26.000Z,
Inspirato,Denver,109,2023-01-18,0.12,Travel,https://sports.yahoo.com/inspirato-announces-plan-streamline-operations-233000003.html,Post-IPO,179,United States,2023-01-20T01:07:08.000Z,
Jumpcloud,Boulder,100,2023-01-18,0.12,Security,https://jumpcloud.com/blog/jumpcloud-restructuring,Series F,416,United States,2023-01-18T22:01:34.000Z,
nCino,Wilmington,100,2023-01-18,0.07,Finance,https://portcitydaily.com/local-news/2023/01/18/ncino-lays-off-7-of-workforce-cites-challenges-in-global-economy/,Post-IPO,1100,United States,2023-01-19T04:09:19.000Z,
Starry,Boston,100,2023-01-18,0.24,Other,https://seekingalpha.com/news/3925492-starry-group-announces-24-job-cuts,Post-IPO,260,United States,2023-01-18T23:22:45.000Z,
Hootsuite,"Vancouver, Non-U.S.",70,2023-01-18,0.07,Marketing,https://www.theglobeandmail.com/business/article-hootsuite-replaces-ceo-announces-layoffs/,Series C,300,Canada,2023-01-18T19:54:14.000Z,
Clue,"Berlin, Non-U.S.",31,2023-01-18,0.31,Healthcare,https://www.businessinsider.de/gruenderszene/business/fruchtbarkeits-startup-clue-entlaesst-viertel-der-belegschaft-a/,Unknown,47,Germany,2023-01-18T19:56:21.000Z,
Addepar,SF Bay Area,20,2023-01-18,0.03,Finance,https://fortune.com/2023/01/17/addepar-a-wealth-management-startup-launched-by-the-co-founder-of-palantir-is-the-latest-fintech-to-cut-jobs/,Series F,491,United States,2023-01-18T15:58:55.000Z,
80 Acres Farms,Cincinnati,,2023-01-18,0.1,Food,https://www.bizjournals.com/cincinnati/inno/stories/news/2023/01/18/80-acres-cuts-jobs-tech-industry-job-loses.html,Unknown,275,United States,2023-01-19T04:48:51.000Z,
Aiven,"Helsinki, Non-U.S.",,2023-01-18,0.2,Infrastructure,https://aiven.io/blog/a-message-from-our-ceo-oskari-saarenmaa,Series D,420,Finland,2023-01-18T16:01:39.000Z,
Bally's Interactive,Providence,,2023-01-18,0.15,Consumer,https://www.legalsportsreport.com/98714/filing-ballys-cutting-up-to-15-of-interactive-employees/,Post-IPO,946,United States,2023-01-21T22:42:00.000Z,
Betterfly,"Santiago, Non-U.S.",,2023-01-18,0.3,Healthcare,https://www.eleconomista.com.mx/sectorfinanciero/Betterfly-despide-al-30-de-sus-colaboradores-por-cambio-de-de-foco-y-crisis-economica-20230118-0056.html,Series C,204,Chile,2023-01-20T01:15:04.000Z,
Cazoo,"London, Non-U.S.",,2023-01-18,,Transportation,https://sifted.eu/articles/cazoo-alex-chesterman-ceo-exit/,Post-IPO,2000,United Kingdom,2023-01-19T17:05:33.000Z,
Coda,SF Bay Area,,2023-01-18,,Other,Internal memo,Series D,240,United States,2023-02-16T15:41:58.000Z,
Cypress.io,Atlanta,,2023-01-18,,Product,https://www.linkedin.com/feed/update/urn:li:activity:7021582263465189376/,Series B,54,United States,2023-01-20T01:04:31.000Z,
Lucid Diagnostics,New York City,,2023-01-18,0.2,Healthcare,https://www.genomeweb.com/business-news/lucid-diagnostics-lays-20-percent-workforce-business-reprioritization#.Y9HdouzMK8A,Post-IPO,,United States,2023-01-26T01:55:04.000Z,
Mavenir,Dallas,,2023-01-18,,Infrastructure,https://www.fiercewireless.com/wireless/mavenir-executes-some-layoffs-related-rcs-disappointment,Acquired,854,United States,2023-01-21T00:38:37.000Z,
Redbubble,"Melbourne, Non-U.S.",,2023-01-18,0.14,Retail,https://www.afr.com/companies/retail/redbubble-makes-14pc-of-staff-redundant-20230118-p5cdeh,Post-IPO,55,Australia,2023-01-18T02:15:27.000Z,
Lightspeed Commerce,"Montreal, Non-U.S.",300,2023-01-17,0.1,Retail,https://www.prnewswire.com/news-releases/lightspeed-commerce-streamlines-operations-with-a-continued-focus-on-profitable-growth-301723292.html,Post-IPO,1200,Canada,2023-01-17T16:45:04.000Z,
Unity,SF Bay Area,284,2023-01-17,0.03,Other,https://www.wsj.com/articles/unity-software-lays-off-more-workers-as-tech-job-cuts-grow-11673974721,Post-IPO,1300,United States,2023-01-17T19:58:51.000Z,
Britishvolt,"London, Non-U.S.",206,2023-01-17,1,Transportation,https://www.nytimes.com/2023/01/17/business/uk-britishvolt-battery-maker-bankruptcy.html,Unknown,2400,United Kingdom,2023-01-18T02:07:40.000Z,
Clutch,"Toronto, Non-U.S.",150,2023-01-17,,Transportation,https://www.theglobeandmail.com/business/article-lightspeed-commerce-job-cuts/,Unknown,253,Canada,2023-01-18T02:16:50.000Z,
Exotel,"Bengaluru, Non-U.S.",142,2023-01-17,0.15,Support,https://inc42.com/buzz/exclusive-saas-startup-exotel-lays-off-142-employees-amid-biz-restructuring/,Series D,87,India,2023-01-18T02:10:01.000Z,
Unico,"Sao Paulo, Non-U.S.",110,2023-01-17,0.1,Other,https://startups.com.br/noticias/unicornio-unico-demite-cerca-de-110-pessoas-105-da-forca/,Series D,336,Brazil,2023-01-18T02:12:30.000Z,
Tul,"Bogota, Non-U.S.",100,2023-01-17,,Construction,https://www.valoraanalitik.com/2023/01/17/plataforma-tul-anuncia-recorte-de-personal-y-revisa-estrategia-en-colombia-y-mexico/,Series B,218,Colombia,2023-01-19T04:10:26.000Z,
American Robotics,Boston,50,2023-01-17,0.65,Other,https://www.bostonglobe.com/2023/01/17/business/new-year-brings-new-tech-layoffs/,Acquired,92,United States,2023-01-20T04:44:38.000Z,
Luxury Presence,Los Angeles,44,2023-01-17,,Real Estate,https://www.inman.com/2023/01/17/website-builder-luxury-presence-lays-off-44-employees/,Series B,31,United States,2023-01-18T23:17:58.000Z,
RingCentral,SF Bay Area,30,2023-01-17,,Other,https://www.channelfutures.com/business-models/ringcentral-tidying-up-the-books-with-new-layoffs-8x8-acquisition-looming,Post-IPO,44,United States,2023-01-18T02:14:35.000Z,
Avaya,Durham,,2023-01-17,,Other,https://www.bizjournals.com/triad/news/2023/01/17/more-avaya-layoffs-as-bankruptcy-speculation-grows.html,Post-IPO,700,United States,2023-08-01T16:47:00.000Z,
Fishbrain,"Stockholm, Non-U.S.",,2023-01-17,,Consumer,https://www.breakit.se/artikel/35639/sparpaket-pa-fishbrain-nu-far-var-femte-sluta,Unknown,59,Sweden,2023-01-21T22:46:09.000Z,
GoMechanic,"Gurugram, Non-U.S.",,2023-01-17,0.7000000000000001,Transportation,https://inc42.com/buzz/gomechanic-sacks-70-staff-investor-sequoia-launches-forensic-audit/,Series C,54,India,2023-01-18T02:08:58.000Z,
LiveVox,SF Bay Area,,2023-01-17,0.16,Support,https://www.marketscreener.com/quote/stock/LIVEVOX-HOLDINGS-INC-124007856/news/LiveVox-Costs-Associated-with-Exit-Disposal-Form-8-K-42747855/,Post-IPO,12,United States,2023-01-21T00:51:19.000Z,
Oracle,SF Bay Area,,2023-01-17,,Other,https://www.businessinsider.com/leaked-oracle-emails-exec-leaving-layoffs-advertising-reorg-2023-1?IR=T,Post-IPO,,United States,2023-01-27T14:18:45.000Z,
Rappi,"Buenos Aires, Non-U.S.",,2023-01-17,,Food,https://www.bloomberglinea.com/2023/01/17/cambios-en-rappi-argentina-nuevas-ciudades-ascenso-y-reorganizacion-en-el-pais/,Unknown,2300,Argentina,2023-01-20T01:09:16.000Z,
RateGenius,Austin,,2023-01-17,,Finance,https://www.bizjournals.com/austin/inno/stories/news/2023/01/17/rategenius-lays-off-100-plus.html,Acquired,2,United States,2023-01-18T23:17:10.000Z,
XP,"Sao Paulo, Non-U.S.",,2023-01-17,,Finance,https://braziljournal.com/xp-cortes-podem-chegar-a-10-da-empresa/,Post-IPO,,Brazil,2023-01-27T14:20:31.000Z,
PagBank,"Sao Paulo, Non-U.S.",500,2023-01-16,0.07,Finance,"https://www.terra.com.br/amp/economia/dinheiro-em-dia/meu-negocio/pagbank-faz-sua-onda-de-layoffs-e-demite-7-do-quadro,718b40b34ae12981e16f3f1a17a25359dzxawknq.html",Post-IPO,,Brazil,2023-01-17T04:25:44.000Z,
ShareChat,"Bengaluru, Non-U.S.",500,2023-01-16,0.2,Consumer,https://inc42.com/buzz/sharechat-moj-parent-fires-500-employees/,Series H,1700,India,2023-01-16T16:31:38.000Z,
Gramophone,"Indore, Non-U.S.",75,2023-01-16,,Food,https://economictimes.indiatimes.com/tech/newsletters/morning-dispatch/layoffs-spread-to-dunzo-sharechat-rebel-foods-and-agri-tech-firms/articleshow/97016331.cms?from=mdr,Series B,17,India,2023-01-16T16:47:29.000Z,
ClearCo,"Toronto, Non-U.S.",50,2023-01-16,0.3,Finance,https://betakit.com/michele-romanow-clearco-ceo-layoffs/,Series C,698,Canada,2023-01-16T16:50:29.000Z,
Dunzo,"Bengaluru, Non-U.S.",,2023-01-16,0.03,Food,https://yourstory.com/2023/01/grocery-delivery-startup-dunzo-laid-off-3-of-its-workforce,Unknown,382,India,2023-01-16T16:34:37.000Z,
Ignition,"Sydney, Non-U.S.",,2023-01-16,0.1,Finance,https://www.linkedin.com/posts/activity-7020865045949534208-BYRD/,Series C,74,Australia,2023-01-17T04:23:54.000Z,
Rebel Foods,"Mumbai, Non-U.S.",,2023-01-16,0.02,Food,https://yourstory.com/2023/01/cloud-kitchen-startup-rebel-foods-layoff-employees-workforce,Unknown,548,India,2023-01-16T16:43:06.000Z,
Captain Fresh ,"Bengaluru, Non-U.S.",120,2023-01-15,,Food,https://economictimes.indiatimes.com/tech/newsletters/morning-dispatch/layoffs-spread-to-dunzo-sharechat-rebel-foods-and-agri-tech-firms/articleshow/97016331.cms?from=mdr,Series C,126,India,2023-01-16T16:48:16.000Z,
Snappy,New York City,100,2023-01-15,0.3,Marketing,https://www.calcalistech.com/ctechnews/article/byyrkbzso,Series C,104,United States,2023-01-19T04:15:05.000Z,
BharatAgri,"Mumbai, Non-U.S.",40,2023-01-15,0.43,Food,https://economictimes.indiatimes.com/tech/newsletters/morning-dispatch/layoffs-spread-to-dunzo-sharechat-rebel-foods-and-agri-tech-firms/articleshow/97016331.cms?from=mdr,Series A,21,India,2023-01-16T16:49:09.000Z,
DeHaat,"Patna, Non-U.S.",,2023-01-15,0.05,Food,https://economictimes.indiatimes.com/tech/newsletters/morning-dispatch/layoffs-spread-to-dunzo-sharechat-rebel-foods-and-agri-tech-firms/articleshow/97016331.cms?from=mdr,Series E,254,India,2023-01-16T16:45:44.000Z,
Black Shark,"Shenzen, Non-U.S.",900,2023-01-13,,Hardware,https://www.scmp.com/tech/tech-trends/article/3206586/china-gaming-phone-maker-black-shark-lays-hundreds-workers-and-fails-pay-full-severance-according,Unknown,,China,2023-01-23T16:49:54.000Z,
Ola,"Bengaluru, Non-U.S.",200,2023-01-13,,Transportation,https://www.businesstoday.in/latest/corporate/story/ola-fires-200-people-in-fresh-round-of-layoffs-360051-2023-01-13,Series J,5000,India,2023-01-13T14:50:08.000Z,
Bonterra ,Austin,140,2023-01-13,0.1,Other,https://www.thenonprofittimes.com/npt_articles/bonterra-lays-off-10-of-staff/,Unknown,,United States,2023-01-17T16:48:51.000Z,
Vial,SF Bay Area,40,2023-01-13,,Healthcare,https://www.businessinsider.com/healthtech-startup-vial-layoffs-general-catalyst-2023-1,Series B,101,United States,2023-01-14T17:23:14.000Z,
Arch Oncology,Brisbane,,2023-01-13,1,Healthcare,https://endpts.com/scoop-roche-backed-startup-gives-up-on-cd47-as-ceo-most-employees-leave/,Series C,155,United States,2023-01-14T17:25:45.000Z,
Carvana,Phoenix,,2023-01-13,,Transportation,https://www.wsj.com/articles/carvana-cuts-workers-amid-slowing-sales-and-debt-squeeze-11673568956,Post-IPO,1600,United States,2023-01-14T17:29:12.000Z,
CoSchedule,Bismarck,,2023-01-13,,Marketing,https://www.inforum.com/business/dubbed-the-fastest-growing-startup-in-north-dakota-coschedule-in-fargo-lays-off-staff,Unknown,2,United States,2023-01-14T17:26:28.000Z,
GoCanvas,Washington D.C.,,2023-01-13,,Other,https://www.linkedin.com/posts/viyas_folks-this-week-gocanvas-had-to-let-go-of-activity-7019738503152291840-GaBp/,Acquired,21,United States,2023-01-18T02:11:11.000Z,
Jellyfish,Boston,,2023-01-13,0.09,Product,https://www.bizjournals.com/boston/inno/stories/news/2023/01/13/jellyfish-cuts-9-of-workforce.html,Series C,114,United States,2023-01-14T17:33:26.000Z,
Lending Club,SF Bay Area,225,2023-01-12,0.14,Finance,https://www.bloomberg.com/news/articles/2023-01-12/lendingclub-to-cut-14-of-workers-take-charges-of-5-7-million,Post-IPO,392,United States,2023-01-12T22:55:07.000Z,
SmartNews,"Tokyo, Non-U.S.",120,2023-01-12,0.4,Media,https://techcrunch.com/2023/01/12/news-aggregator-smartnews-lays-off-40-of-non-japan-staff-with-further-reductions-planned-in-japan/,Series F,410,Japan,2023-01-13T03:34:59.000Z,
Skit.ai,"Bengaluru, Non-U.S.",115,2023-01-12,,Support,https://inc42.com/buzz/exclusive-westbridge-capital-backed-saas-startup-skit-ai-lays-off-115-employees/,Series B,28,India,2023-01-14T17:24:13.000Z,
Pier,"Sao Paulo, Non-U.S.",111,2023-01-12,0.39,Finance,https://startups.com.br/noticias/insurtech-pier-demite-cerca-de-39-da-forca-de-trabalho/,Series B,42,Brazil,2023-01-12T17:14:00.000Z,
Blockchain.com,"London, Non-U.S.",110,2023-01-12,0.28,Crypto,https://www.coindesk.com/business/2023/01/12/crypto-brokerage-blockchaincom-lays-off-28-of-workforce-as-industrys-cruel-winter-continues/,Series D,490,United Kingdom,2023-01-12T16:22:30.000Z,
Lattice,SF Bay Area,105,2023-01-12,0.15,HR,https://lattice.com/blog/ceo-jack-altmans-email-to-lattice-employees,Series F,328,United States,2023-01-12T17:35:24.000Z,
Greenlight,Atlanta,104,2023-01-12,0.21,Finance,https://techcrunch.com/2023/01/12/greenlight-fintech-layoff/,Series D,556,United States,2023-01-12T22:53:32.000Z,
Cashfree Payments,Bengaluru,100,2023-01-12,,Finance,https://economictimes.indiatimes.com/tech/startups/online-payments-firm-cashfree-lays-off-150-employees-to-cut-costs/articleshow/96938789.cms,Series B,41,India,2023-01-12T16:21:29.000Z,
Mapbox,Washington D.C.,64,2023-01-12,,Data,https://twitter.com/MapboxUnion/status/1616127786514796547,Unknown,334,United States,2023-01-20T01:12:08.000Z,
Definitive Healthcare,Boston,55,2023-01-12,0.06,Healthcare,https://www.cmlviz.com/stocks/DH/news/b/2023/01/12/definitive-healthcare-to-cut-current-workforce-by-about-55-people,Post-IPO,,United States,2023-01-13T01:55:52.000Z,
Akili Labs,Boston,46,2023-01-12,0.3,Healthcare,https://bhbusiness.com/2023/01/12/digital-therapeutics-startup-akili-plans-to-lay-off-30-of-staff/,Post-IPO,301,United States,2023-01-14T17:24:55.000Z,
Career Karma,SF Bay Area,22,2023-01-12,,Education,https://techcrunch.com/2023/01/12/career-karma-conducts-another-round-of-layoffs-extends-runway-to-five-years/,Series B,51,United States,2023-01-12T18:35:04.000Z,
Crypto.com,"Singapore, Non-U.S.",,2023-01-12,0.2,Crypto,https://www.coindesk.com/business/2023/01/13/cryptocom-cuts-workforce-by-nearly-20/,Unknown,,Singapore,2023-01-13T14:48:33.000Z,
Life360,SF Bay Area,,2023-01-12,0.14,Consumer,https://investors.life360.com/DownloadFile.axd?file=/Report/ComNews/20230113/02620821.pdf,Post-IPO,158,United States,2023-01-13T03:33:49.000Z,
Rock Content,Miami,,2023-01-12,0.15,Marketing,"https://www.terra.com.br/economia/dinheiro-em-dia/meu-negocio/rock-content-comeca-o-ano-com-ajuste-interno-e-demite-15,f8bac592266affb0ec1f95b13e77706fpeo1jjq5.html",Series B,34,United States,2023-01-12T16:23:12.000Z,
Flexport,SF Bay Area,640,2023-01-11,0.2,Logistics,https://www.cnbc.com/2023/01/11/flexport-to-lay-off-20percent-of-its-global-workforce.html,Series E,2400,United States,2023-01-11T17:30:13.000Z,
Qualtrics,Salt Lake City,270,2023-01-11,0.05,Other,https://www.marketwatch.com/story/qualtrics-to-shave-about-270-jobs-or-less-than-5-of-workforce-2023-01-11,Post-IPO,400,United States,2023-01-12T15:18:44.000Z,
Verily,SF Bay Area,250,2023-01-11,0.15,Healthcare,https://www.theinformation.com/articles/alphabets-verily-lays-off-staff,Subsidiary,3500,United States,2023-01-11T21:24:09.000Z,
Tipalti,SF Bay Area,123,2023-01-11,0.11,Finance,https://www.calcalistech.com/ctechnews/article/bjj82m39i,Series F,565,United States,2023-01-12T00:53:58.000Z,
Jumio,SF Bay Area,100,2023-01-11,0.06,Security,https://www.biometricupdate.com/202301/jumio-downsizes-as-identity-verification-providers-respond-to-economic-climate,Private Equity,205,United States,2023-01-12T16:19:35.000Z,
CoinDCX,Mumbai,80,2023-01-11,,Crypto,https://www.moneycontrol.com/news/business/startup/coindcx-starts-restructuring-business-units-lays-off-employees-9848661.html,Series D,244,India,2023-01-12T15:36:04.000Z,
HashiCorp,SF Bay Area,69,2023-01-11,,Security,https://www.linkedin.com/news/story/former-citrix-employees-react-to-cuts-6133826/,Post-IPO,349,United States,2023-01-12T15:41:41.000Z,
Embark Vet,Boston,41,2023-01-11,,Healthcare,https://www.linkedin.com/feed/update/urn:li:activity:7018765914254778368/,Series B,94,United States,2023-01-12T15:42:46.000Z,
Intrinsic,SF Bay Area,40,2023-01-11,0.2,Other,https://www.theinformation.com/articles/alphabet-job-cuts-widen-to-robotics-subsidiary,Acquired,,United States,2023-01-12T15:03:14.000Z,
Citizen,New York City,33,2023-01-11,,Consumer,https://techcrunch.com/2023/01/12/crime-reporting-app-citizen-lays-off-33-employees/,Series C,133,United States,2023-01-12T22:54:03.000Z,
Carta,SF Bay Area,,2023-01-11,0.1,HR,https://techcrunch.com/2023/01/11/carta-lays-off-10-as-cto-lawsuit-looms/,Series G,1100,United States,2023-01-11T17:30:51.000Z,
Limeade,Seattle,,2023-01-11,0.15,HR,https://www.geekwire.com/2023/employee-experience-company-limeade-laying-off-15-of-workforce-cfo-to-resign/,Series C,33,United States,2023-01-12T15:16:36.000Z,
Oyster,Charlotte,,2023-01-11,,HR,https://oysterhr.notion.site/oysterhr/A-letter-from-Oyster-s-CEO-Tony-Jamous-43b7218897904211bf1486e314056d4e,Series C,224,United States,2023-01-11T17:32:00.000Z,
Paddle,"London, Non-U.S.",,2023-01-11,0.08,Finance,https://www.linkedin.com/feed/update/urn:li:activity:7018888417195237376/,Series D,293,United Kingdom,2023-01-12T00:53:17.000Z,
Coinbase,SF Bay Area,950,2023-01-10,0.2,Crypto,https://www.cnbc.com/2023/01/10/coinbase-to-slash-20percent-of-workforce-in-second-major-round-of-job-cuts.html,Post-IPO,549,United States,2023-01-10T14:52:00.000Z,
Informatica,SF Bay Area,450,2023-01-10,0.07,Data,https://www.channelfutures.com/business-models/informatica-layoffs-to-slash-7-of-workforce-cfo-stepping-down,Post-IPO,,United States,2023-01-10T23:49:16.000Z,
Blend,SF Bay Area,340,2023-01-10,0.28,Finance,https://www.inman.com/2023/01/10/blend-cuts-nearly-30-of-workforce-in-blistering-4th-round-of-layoffs/,Post-IPO,665,United States,2023-01-10T23:52:38.000Z,
Till Payments,"Sydney, Non-U.S.",120,2023-01-10,,Finance,https://www.afr.com/technology/till-payments-makes-120-staff-redundant-shakes-up-board-20230110-p5cbj3,Series C,95,Australia,2023-01-11T00:56:24.000Z,
ConsenSys,New York City,100,2023-01-10,0.11,Crypto,https://www.coindesk.com/business/2023/01/10/ethereum-software-firm-consensys-to-cut-upwards-of-100-staff-as-crypto-bear-market-takes-another-casualty/,Series D,726,United States,2023-01-10T23:53:20.000Z,
ForeScout,"Tel Aviv, Non-U.S.",100,2023-01-10,0.1,Security,https://www.calcalistech.com/ctechnews/article/hkyo39k9o,Acquired,125,Israel,2023-01-10T16:42:48.000Z,
Thinkific,"Vancouver, Non-U.S.",76,2023-01-10,0.19,Education,https://betakit.com/thinkific-makes-more-layoffs-as-part-of-push-towards-profitability/,Post-IPO,22,Canada,2023-01-10T23:54:32.000Z,
LEAD,"Mumbai, Non-U.S.",60,2023-01-10,,Education,https://inc42.com/buzz/exclusive-edtech-unicorn-lead-lays-off-60-employees-from-product-tech-teams/,Series E,190,India,2023-01-11T04:34:20.000Z,
Parler,Nashville,60,2023-01-10,0.75,Consumer,https://www.theverge.com/2023/1/10/23549198/parler-parlement-technologies-layoffs-gettr-george-farmer-candace-owens,Series B,36,United States,2023-01-11T00:59:39.000Z,
GoBolt,"Toronto, Non-U.S.",55,2023-01-10,0.05,Logistics,https://betakit.com/gobolt-lays-off-five-percent-of-staff-shortly-after-75-million-raise-citing-worsening-consumer-demand/,Series C,178,Canada,2023-01-11T00:57:48.000Z,
Relevel,"Bengaluru, Non-U.S.",40,2023-01-10,0.2,HR,https://inc42.com/buzz/unacademy-owned-relevel-to-layoff-40-employees-as-focus-shifts-to-test-product-business/,Unknown,,India,2023-01-12T15:20:19.000Z,
StreamElements,"Tel Aviv, Non-U.S.",40,2023-01-10,0.2,Media,https://www.calcalistech.com/ctechnews/article/hjvdymj5o,Series B,111,Israel,2023-01-11T00:59:03.000Z,
Cart.com,Austin,25,2023-01-10,0.04,Retail,https://www.theinformation.com/briefings/cart-com-cuts-more-corporate-staff,Unknown,383,United States,2023-11-16T22:09:02.000Z,
100 Thieves,Los Angeles,,2023-01-10,,Retail,https://www.dexerto.com/esports/100-thieves-hit-with-another-round-of-layoffs-as-org-drops-multiple-key-staff-2029435/,Series C,120,United States,2023-01-12T15:23:23.000Z,
Beamery,"London, Non-U.S.",,2023-01-10,0.12,HR,https://tech.eu/2023/01/11/beamery-layoffs,Series D,223,United Kingdom,2023-01-11T17:33:20.000Z,
Cart.com,Austin,,2023-01-10,,Retail,https://www.bizjournals.com/austin/inno/stories/news/2023/01/10/layoffs-at-cartcom.html?utm_source=st&utm_medium=en&utm_campaign=inno&ana=e_n&utm_content=au,Unknown,383,United States,2023-01-11T00:55:42.000Z,
Citrix,Miami,,2023-01-10,0.15,Infrastructure,https://techcrunch.com/2023/01/11/company-created-by-citrix-tibco-merger-confirms-it-has-laid-off-15-of-staff/,Acquired,20,United States,2023-01-11T01:01:23.000Z,
Esper,Seattle,,2023-01-10,0.21,Other,https://www.geekwire.com/2023/esper-lays-off-21-of-workforce-due-to-unpredictable-business-environment-in-2023/,Series A,10,United States,2023-01-12T15:06:42.000Z,
WHOOP,Boston,,2023-01-10,0.04,Fitness,https://www.businessinsider.com/whoop-layoffs-wearables-startup-enterprise-sales-unit-2023-1?IR=T,Series F,404,United States,2023-01-12T15:04:34.000Z,
Fate Therapeutics,San Diego,315,2023-01-09,0.5700000000000001,Healthcare,"https://www.sandiegouniontribune.com/business/story/2023-01-09/san-diegos-fate-therapeutics-lays-off-315-employees-more-than-half-of-its-workforce#:~:text=Fate%20Therapeutics%2C%20a%20San%20Diego,collaboration%20agreement%20with%20Janssen%20Biotech",Post-IPO,1200,United States,2023-01-13T01:56:40.000Z,
Century Therapeutics,Philadelphia,,2023-01-09,,Healthcare,https://www.bizjournals.com/philadelphia/news/2023/01/09/century-therapeutics-jobs-cell-therapy-cancer.amp.html,Post-IPO,560,United States,2023-01-20T01:27:03.000Z,
Editas Medicine,Boston,,2023-01-09,0.2,Healthcare,https://endpts.com/editas-edits-pipeline-lays-off-20-and-says-bye-to-cso-to-kick-off-jpm23/,Post-IPO,656,United States,2023-01-20T01:26:24.000Z,
Scale AI,SF Bay Area,,2023-01-09,0.2,Data,https://scale.com/blog/company-update,Series E,602,United States,2023-01-09T23:55:53.000Z,
Minute Media,"London, Non-U.S.",50,2023-01-08,0.1,Media,https://www.calcalistech.com/ctechnews/article/bjoxf00d5i,Series I,160,United Kingdom,2023-01-09T05:15:44.000Z,
WalkMe,SF Bay Area,43,2023-01-08,0.03,Other,https://www.calcalistech.com/ctechnews/article/bkzauhoqo,Post-IPO,307,United States,2023-01-09T05:14:34.000Z,
Integrate,Phoenix,,2023-01-07,,Marketing,https://www.linkedin.com/posts/jeremybloom11_last-week-we-restructured-our-global-team-activity-7018226191639740416-sFUv/,Acquired,80,United States,2023-03-21T23:30:50.000Z,
Huobi,"Beijing, Non-U.S.",275,2023-01-06,0.2,Crypto,https://www.reuters.com/technology/crypto-exchange-huobi-lay-off-20-staff-justin-sun-2023-01-06/,Unknown,2,China,2023-01-06T23:12:54.000Z,
Carbon Health,SF Bay Area,200,2023-01-06,,Healthcare,https://twitter.com/erenbali/status/1611488895866408960,Series D,522,United States,2023-01-07T01:40:01.000Z,
Bounce,"Bengaluru, Non-U.S.",40,2023-01-06,0.05,Transportation,https://www.moneycontrol.com/news/business/announcements/sequoia-backed-bounce-lays-off-5-of-staff-to-cut-costs-9822961.html,Series D,214,India,2023-01-09T05:03:51.000Z,
Aware,Columbus,,2023-01-06,,Security,https://www.bizjournals.com/columbus/inno/stories/news/2023/01/06/cybersecurity-startup-aware-job-cuts.html?utm_source=st&utm_medium=en&utm_campaign=EX&utm_content=co&ana=e_co_EX&j=30175273&senddate=2023-01-06,Series C,88,United States,2023-01-06T23:18:41.000Z,
CareerArc,Los Angeles,,2023-01-06,,HR,https://www.linkedin.com/posts/careerarc_today-was-a-tough-day-some-very-smart-talented-activity-7017267218212155392-gNaV/,Private Equity,30,United States,2023-01-09T05:03:17.000Z,
CreateMe,SF Bay Area,,2023-01-06,,Manufacturing,https://www.bizjournals.com/sanfrancisco/news/2023/01/06/layoffs-createme-clothing-manufacturing-newark-sf.html,Unknown,,United States,2023-01-09T05:09:07.000Z,
Lantern,Grand Rapids,,2023-01-06,1,Retail,https://www.linkedin.com/posts/meredith-mahoney_yesterday-we-announced-that-were-winding-activity-7016805236086341632-UwEq/,Seed,40,United States,2023-01-12T15:40:31.000Z,
Mojo Vision,SF Bay Area,,2023-01-06,0.75,Hardware,https://techcrunch.com/2023/01/06/mojo-vision-puts-contact-lens-production-on-hold-as-it-lays-off-75-of-staff/,Series B,204,United States,2023-01-06T23:05:25.000Z,
SuperRare,Wilmington,,2023-01-06,0.3,Crypto,https://techcrunch.com/2023/01/06/nft-marketplace-superrare-cuts-30-of-staff/,Series A,9,United States,2023-01-06T23:06:10.000Z,
Cue,San Diego,388,2023-01-05,,Healthcare,https://www.360dx.com/business-news/cue-health-lay-388-people-cost-reduction-plan#.Y7iqquzMK8A,Post-IPO,999,United States,2023-01-06T23:12:01.000Z,
SoundHound,SF Bay Area,200,2023-01-05,0.5,Other,https://gizmodo.com/soundhound-lays-off-half-employees-pitiful-severance-1849987534,Post-IPO,326,United States,2023-01-05T20:21:09.000Z,
Socure,Reno,104,2023-01-05,0.19,Finance,https://www.biometricupdate.com/202301/socure-slashes-workforce,Series E,646,United States,2023-01-06T01:48:12.000Z,
Genesis,New York City,60,2023-01-05,0.3,Crypto,https://www.cnbc.com/2023/01/05/crypto-lender-genesis-trading-lays-off-30percent-of-workforce.html,Series A,,United States,2023-01-05T20:18:46.000Z,
Moglix,Singapore,40,2023-01-05,0.02,Retail,https://inc42.com/buzz/b2b-ecommerce-unicorn-moglix-layoff-spree-fires-40-employees/,Series F,472,Singapore,2023-01-06T01:37:44.000Z,
Twitter,SF Bay Area,40,2023-01-05,,Consumer,https://www.theinformation.com/articles/musk-lays-off-twitter-engineers-working-on-advertising-as-ad-revenue-shrinks,Post-IPO,12900,United States,2023-01-06T23:15:33.000Z,
Everlane,SF Bay Area,30,2023-01-05,0.17,Retail,https://www.theinformation.com/articles/everlane-slashes-17-of-corporate-employees,Unknown,176,United States,2023-01-06T05:31:09.000Z,
Pecan AI,"Tel Aviv, Non-U.S.",30,2023-01-05,0.25,Data,https://www.calcalistech.com/ctechnews/article/hkrgrqvqo,Series C,116,Israel,2023-01-09T05:20:44.000Z,
Personetics,New York City,30,2023-01-05,0.08,Support,https://www.calcalistech.com/ctechnews/article/sjlizvvcs,Private Equity,178,United States,2023-01-06T01:33:54.000Z,
Twine Solutions ,"Tel Aviv, Non-U.S.",30,2023-01-05,0.33,Hardware,https://www.calcalistech.com/ctechnews/article/bkniefe5o,Unknown,50,Israel,2023-01-09T05:20:03.000Z,
UpScalio,Gurugram,25,2023-01-05,0.15,Retail,https://www.techinasia.com/indiabased-rollup-firm-upscalio-lays-15-staff,Series B,62,India,2023-01-06T01:32:49.000Z,
Attentive,New York City,,2023-01-05,0.15,Marketing,https://www.modernretail.co/operations/layoffs-hit-the-e-commerce-space-attentive-lays-off-15-of-staff/,Series E,863,United States,2023-01-06T23:20:02.000Z,
Compass,New York City,,2023-01-05,,Real Estate,https://www.bloomberg.com/news/articles/2023-01-05/compass-is-eliminating-more-jobs-as-us-housing-market-slows?sref=NpFHg3Ue,Post-IPO,1600,United States,2023-01-05T16:47:39.000Z,
Megaport,"Brisbane, Non-U.S.",,2023-01-05,,Infrastructure,https://www.afr.com/technology/megaport-lays-off-35-staff-losses-narrow-20220809-p5b8bz,Post-IPO,98,Australia,2023-01-06T01:38:47.000Z,
Stitch Fix,SF Bay Area,,2023-01-05,0.2,Retail,https://www.cnbc.com/2023/01/05/stitchfix-ceo-steps-down-20percent-of-salaried-workforce-to-be-cut.html,Post-IPO,79,United States,2023-01-05T16:46:07.000Z,
TCR2,Boston,,2023-01-05,0.4,Healthcare,https://www.cmlviz.com/stocks/TCRR/news/b/2023/01/05/tcr2-therapeutics-to-be-streamlined-with-about-40-reduction-in-workforce,Post-IPO,173,United States,2023-01-06T01:49:44.000Z,
Amazon,Seattle,8000,2023-01-04,0.02,Retail,https://www.wsj.com/articles/amazon-to-lay-off-over-17-000-workers-more-than-first-planned-11672874304,Post-IPO,108,United States,2023-01-05T04:17:11.000Z,
Salesforce,SF Bay Area,8000,2023-01-04,0.1,Sales,https://www.nytimes.com/2023/01/04/business/salesforce-layoffs.html,Post-IPO,65,United States,2023-01-04T15:39:44.000Z,
Astronomer,Cincinnati,76,2023-01-04,0.2,Data,https://www.astronomer.io/blog/astronomer-update/,Series C,282,United States,2023-01-06T23:16:20.000Z,
Kaltura,New York City,75,2023-01-04,0.11,Media,https://en.globes.co.il/en/article-kaltura-announces-second-round-of-layoffs-1001434620,Post-IPO,166,United States,2023-01-06T01:41:17.000Z,
Augury,New York City,20,2023-01-04,0.05,Manufacturing,https://www.calcalistech.com/ctechnews/article/skiu0xx9j,Series E,274,United States,2023-01-09T05:13:01.000Z,
Butterfly Network,Boston,,2023-01-04,0.25,Healthcare,https://www.marketscreener.com/quote/stock/BUTTERFLY-NETWORK-INC-119073390/news/BUTTERFLY-NETWORK-INC-Costs-Associated-with-Exit-or-Disposal-Activities-form-8-K-42714240/,Post-IPO,530,United States,2023-01-18T19:57:40.000Z,
Vimeo,New York City,,2023-01-04,0.11,Consumer,https://vimeo.com/blog/post/a-message-from-vimeos-ceo-jan-2023/,Post-IPO,450,United States,2023-01-04T16:13:15.000Z,
Wyre,SF Bay Area,,2023-01-04,1,Crypto,https://blockworks.co/news/from-1-5-billion-to-0-crypto-payments-platform-wyre-shuts-down,Unknown,29,United States,2023-01-06T01:39:44.000Z,
Pegasystems,Boston,245,2023-01-03,0.04,HR,https://www.bizjournals.com/boston/news/2023/01/03/pegasystems-to-cut-4-of-its-workforce.html,Post-IPO,,United States,2023-01-04T16:12:25.000Z,
Uniphore,SF Bay Area,76,2023-01-03,0.1,Support,https://startup.outlookindia.com/unicorns/exclusive-uniphore-technologies-lays-off-10-of-global-workforce-news-7039,Series E,620,United States,2023-01-06T01:43:54.000Z,
Harappa,"New Delhi, Non-U.S.",60,2023-01-03,0.3,Education,https://www.businesstoday.in/latest/corporate/story/exclusive-upgrad-owned-edtech-start-up-harappa-lays-off-30-of-its-workforce-358723-2023-01-03,Acquired,,India,2023-01-04T16:00:29.000Z,
Bytedance,"Shanghai, Non-U.S.",,2023-01-03,0.1,Consumer,https://pandaily.com/bytedance-initiates-layoffs-for-10-of-staff/,Unknown,9400,China,2023-01-04T16:08:06.000Z,
Amdocs,St. Louis,700,2023-01-02,0.03,Support,https://www.calcalistech.com/ctechnews/article/bj4shoeco,Post-IPO,,United States,2023-07-07T02:36:39.000Z,
Micron,Boise,4800,2023-01-01,0.1,Hardware,https://www.forbes.com/sites/qai/2023/01/01/tech-layoffs-micron-to-lay-off-10-of-staff-due-to-low-demand-for-chips/?sh=5d303fd41472,Post-IPO,50,United States,2023-04-01T02:04:51.000Z,
Graphcore,"Beijing, Non-U.S.",,2023-01-01,,Hardware,https://www.bloomberg.com/news/articles/2023-11-22/nvidia-rival-graphcore-pulls-out-of-china-citing-export-rules#xj4y7vzkg,Series E,682,China,2023-11-23T03:02:24.000Z,
Ezoic,San Diego,35,2022-12-31,,Infrastructure,https://www.businessinsider.com/an-adtech-employee-stole-a-9m-payment-sent-by-google-and-used-it-to-buy-gold-2023-4,Series A,39,United States,2023-07-21T03:31:40.000Z,
Gousto,"London, Non-U.S.",,2022-12-31,0.14,Food,https://news.sky.com/story/gousto-slashes-jobs-and-curbs-hiring-plans-as-it-delivers-falling-valuation-12818741,Unknown,675,United Kingdom,2023-03-14T15:47:32.000Z,
Mara,"Nairobi, Non-U.S.",,2022-12-31,,Crypto,https://techcabal.com/2023/06/06/web3-startup-mara-fires-its-marketing-department-as-it-shifts-focus-from-acquiring-new-users/,Seed,23,Kenya,2023-06-08T17:31:05.000Z,
Bilibili,"Shanghai, Non-U.S.",,2022-12-27,0.3,Media,https://technode.com/2022/12/27/bilibili-reportedly-cuts-30-of-staff-across-operations-gaming-and-streaming-units/,Post-IPO,3700,China,2022-12-30T15:59:06.000Z,
Octopus Network,"Beau Vallon, Non-U.S.",,2022-12-27,0.4,Crypto,https://heraldsheets.com/cold-crypto-winter-forces-octopus-network-to-lay-off-40-besides-20-pay-cuts-for-retained-workforce/,Series A,8,Seychelles,2022-12-30T16:00:19.000Z,
PayU,"Amsterdam, Non-U.S.",150,2022-12-26,0.06,Finance,https://www.livemint.com/companies/news/payu-layoffs-6-of-its-workforce-150-employees-lose-jobs-report-11672035519752.html,Acquired,,Netherlands,2022-12-26T23:29:37.000Z,
Element,"London, Non-U.S.",,2022-12-25,0.15,Other,https://news.ycombinator.com/item?id=34129623,Series B,96,United Kingdom,2023-03-01T00:49:22.000Z,
Willow,"Sydney, Non-U.S.",99,2022-12-23,0.22,Real Estate,https://www.afr.com/technology/nicholas-moore-chaired-proptech-willow-fires-99-workers-to-curb-costs-20221222-p5c8am,Unknown,,Australia,2023-01-09T05:01:05.000Z,
Back Market,"Paris, Non-U.S.",93,2022-12-23,0.13,Retail,https://sifted.eu/articles/startup-tech-company-layoffs/,Series E,1000,France,2022-12-27T16:33:45.000Z,
Zoopla,"London, Non-U.S.",50,2022-12-23,,Real Estate,https://www.linkedin.com/posts/zoopla_its-with-a-heavy-heart-that-we-will-be-saying-activity-7010935780743258113-PG98/,Series C,25,United Kingdom,2022-12-30T23:25:30.000Z,
Qualcomm,San Diego,153,2022-12-22,,Hardware,https://www.sandiegouniontribune.com/business/story/2022-12-22/qualcomm-trims-local-workforce-by-153-jobs-as-smartphone-demand-remains-sluggish,Post-IPO,,United States,2023-01-04T16:06:51.000Z,
TuSimple,San Diego,350,2022-12-21,0.25,Transportation,https://techcrunch.com/2022/12/21/self-driving-truck-company-tusimple-to-lay-off-25-of-workforce/,Post-IPO,648,United States,2022-12-18T04:12:29.000Z,
Lendis,"Berlin, Non-U.S.",,2022-12-21,0.5,Other,https://www.linkedin.com/posts/s-papadopoulos_today-we-have-to-share-sad-news-we-made-activity-7009106413499080704-u1gl/,Series A,90,Germany,2022-12-21T17:05:05.000Z,
Chope,"Singapore, Non-U.S.",65,2022-12-20,0.24,Food,https://www.techinasia.com/alipaybacked-chope-lays-65-employees,Series E,50,Singapore,2022-12-28T15:52:40.000Z,
Briza,"Toronto, Non-U.S.",26,2022-12-20,0.4,Finance,https://betakit.com/ceo-of-briza-steps-down-as-insurtech-startup-cuts-close-to-half-of-its-staff/,Series A,10,Canada,2022-12-20T18:43:01.000Z,
StreetBees,"London, Non-U.S.",,2022-12-20,,Data,https://www.linkedin.com/feed/update/urn:li:activity:7010621808135573504/,Unknown,63,United Kingdom,2023-01-21T00:42:42.000Z,
Zhihu,"Beijing, Non-U.S.",,2022-12-20,0.1,Consumer,https://pandaily.com/chinese-qa-platform-zhihu-begins-layoffs/,Series F,892,China,2022-12-21T17:06:02.000Z,
Homebot,Denver,18,2022-12-19,0.13,Real Estate,https://homebot.ai/blog/a-letter-to-homebotters,Acquired,4,United States,2023-01-20T01:14:13.000Z,
Health IQ,SF Bay Area,,2022-12-19,,Healthcare,https://www.coverager.com/layoffs-at-health-iq/,Series D,136,United States,2022-12-24T04:15:01.000Z,
Xiaomi,"Beijing, Non-U.S.",,2022-12-19,,Consumer,https://technode.com/2022/12/19/chinese-phone-maker-xiaomi-begins-large-scale-layoffs-report/,Post-IPO,7400,China,2022-12-19T16:46:32.000Z,
YourGrocer,"Melbourne, Non-U.S.",,2022-12-19,1,Food,https://www.startupdaily.net/topic/business/melbourne-delivery-service-yourgrocer-is-the-latest-startup-to-go-under/,Unknown,2,Australia,2022-12-27T16:35:07.000Z,
Tomorrow,"Hamburg, Non-U.S.",30,2022-12-16,0.25,Finance,https://www.businessinsider.de/gruenderszene/fintech/tomorrow-kundigt-viertel-seines-teams/,Unknown,29,Germany,2022-12-18T04:15:07.000Z,
Revelate,"Montreal, Non-U.S.",24,2022-12-16,0.3,Data,https://betakit.com/layoffs-persist-at-canadian-tech-companies-amid-bleak-outlook-for-2023/,Series A,26,Canada,2022-12-19T17:17:13.000Z,
Autograph,Los Angeles,,2022-12-16,,Crypto,https://www.businessinsider.com/tom-brady-nft-company-autograph-layoffs-sam-bankman-fried-2022-12,Series B,205,United States,2022-12-19T22:13:27.000Z,
E Inc.,"Toronto, Non-U.S.",,2022-12-16,,Transportation,https://betakit.com/layoffs-persist-at-canadian-tech-companies-amid-bleak-outlook-for-2023/,Post-IPO,,Canada,2022-12-19T17:19:15.000Z,
FreshBooks,"Toronto, Non-U.S.",,2022-12-16,,Finance,https://betakit.com/layoffs-persist-at-canadian-tech-companies-amid-bleak-outlook-for-2023/,Unknown,331,Canada,2023-03-21T23:34:12.000Z,
Improbable,"London, Non-U.S.",,2022-12-16,0.1,Other,https://news.sky.com/story/softbank-backed-metaverse-creator-improbable-lays-off-staff-12769306,Unknown,704,United Kingdom,2022-12-18T04:18:22.000Z,
Modern Treasury,SF Bay Area,,2022-12-16,0.18,Finance,Internal memo,Series C,183,United States,2022-12-21T03:28:48.000Z,
Reach,"Calgary, Non-U.S.",,2022-12-16,0.12,Retail,https://betakit.com/layoffs-persist-at-canadian-tech-companies-amid-bleak-outlook-for-2023/,Series A,30,Canada,2022-12-19T17:18:23.000Z,
SonderMind,Denver,,2022-12-16,0.15,Healthcare,https://www.bizjournals.com/denver/news/2022/12/16/sondermind-layoffs.html,Series C,183,United States,2022-12-18T04:19:22.000Z,
BigCommerce,Austin,180,2022-12-15,0.13,Retail,https://www.marketwatch.com/story/bigcommerce-to-lay-off-13-of-workforce-271671103074,Post-IPO,224,United States,2022-12-15T16:20:44.000Z,
Freshworks,SF Bay Area,90,2022-12-15,0.02,Support,https://inc42.com/buzz/facing-macroeconomic-headwinds-freshworks-trims-nearly-2-workforce/,Post-IPO,484,United States,2022-12-15T16:21:46.000Z,
LeafLink,New York City,80,2022-12-15,0.31,Other,https://mjbizdaily.com/cannabis-wholesale-platform-leaflink-lays-off-80-workers/,Series C,379,United States,2023-02-01T05:19:55.000Z,
Workmotion,"Berlin, Non-U.S.",60,2022-12-15,0.2,HR,https://www.startbase.com/news/workmotion-entlaesst-20-prozent-seiner-belegschaft/,Series B,76,Germany,2023-01-04T16:11:09.000Z,
Apollo,SF Bay Area,,2022-12-15,0.15,Product,https://www.apollographql.com/blog/announcement/ceo-geoff-schmidts-message-to-apollo-employees/,Series D,183,United States,2022-12-15T22:45:15.000Z,
JD.ID,"Jakarta, Non-U.S.",200,2022-12-14,0.3,Retail,https://jakartaglobe.id/business/jdid-layoffs-reflect-struggles-in-indonesian-startup-industry,Post-IPO,5100,Indonesia,2022-12-15T02:19:38.000Z,
GoStudent,"Vienna, Non-U.S.",100,2022-12-14,,Education,https://www.businessinsider.com/gostudent-3-billion-edtech-startup-begins-fresh-round-of-layoffs-2022-12,Series D,686,Austria,2022-12-15T02:11:42.000Z,
Quanergy Systems,SF Bay Area,72,2022-12-14,,Transportation,https://www.bizjournals.com/sanjose/news/2022/12/14/quanergy-to-cut-72-jobs-in-sunnyvale.html,Post-IPO,175,United States,2022-12-15T22:44:33.000Z,
Headspace,Los Angeles,50,2022-12-14,0.04,Healthcare,https://www.bloomberg.com/news/articles/2022-12-14/meditation-app-headspace-cuts-50-workers-or-4-of-staff,Unknown,215,United States,2022-12-15T16:16:00.000Z,
ChowNow,Los Angeles,40,2022-12-14,0.1,Food,https://www.restaurantbusinessonline.com/amp/technology/chownow-cuts-more-jobs-delivery-demand-levels-out,Series C,64,United States,2022-12-15T02:10:04.000Z,
Landing,Birmingham,,2022-12-14,,Real Estate,https://www.al.com/business/2022/12/birmingham-tech-firm-landing-has-second-round-of-layoffs.html,Series C,347,United States,2022-12-15T02:10:48.000Z,
Thumbtack,SF Bay Area,160,2022-12-13,0.14,Consumer,Internal memo,Series I,698,United States,2022-12-13T20:12:50.000Z,
Edgio,Phoenix,95,2022-12-13,0.1,Infrastructure,https://www.marketscreener.com/amp/quote/stock/EDGIO-INC-52799/news/EDGIO-INC-Costs-Associated-with-Exit-or-Disposal-Activities-Change-in-Directors-or-Principal-Of-42549605/,Post-IPO,462,United States,2022-12-15T02:14:17.000Z,
Komodo Health,SF Bay Area,78,2022-12-13,0.09,Healthcare,https://techcrunch.com/2022/12/13/komodo-health-once-tipped-for-a-looming-ipo-has-cut-staff-as-cfo-departs/,Series E,514,United States,2022-12-13T20:11:49.000Z,
Viant,Los Angeles,46,2022-12-13,0.13,Marketing,https://www.businessinsider.com/viant-lay-off-13-percent-of-workforce-2022-12,Post-IPO,,United States,2022-12-21T19:35:29.000Z,
TaxBit,Salt Lake City,,2022-12-13,,Crypto,https://www.axios.com/local/salt-lake-city/2022/12/15/utah-tech-layoffs-silicon-slopes-losing-workers,Series B,235,United States,2022-12-18T04:07:43.000Z,
Pluralsight,Salt Lake City,400,2022-12-12,0.2,Education,https://www.pluralsight.com/newsroom/press-releases/ceo-aaron-skonnard-email-to-pluralsight,Acquired,192,United States,2022-12-12T22:08:18.000Z,
Freshly,Phoenix,329,2022-12-12,,Food,https://mouthbysouthwest.com/2022/12/12/phoenix-born-freshly-is-laying-off-329-local-workers-in-strategy-shift/,Acquired,107,United States,2022-12-14T17:57:42.000Z,
Balto,St. Louis,35,2022-12-12,,Sales,https://www.bizjournals.com/stlouis/inno/stories/news/2022/12/12/balto-software-layoffs.html,Series B,51,United States,2022-12-13T20:08:07.000Z,
Caribou,Washington D.C.,,2022-12-12,,Finance,https://coverager.com/layoffs-at-caribou/,Series C,189,United States,2023-01-12T15:38:30.000Z,
Outschool,SF Bay Area,43,2022-12-10,0.25,Education,https://techcrunch.com/2022/12/10/some-of-edtech-boldest-are-struggling/,Series D,240,United States,2022-12-13T20:07:23.000Z,
Xentral,"Munich, Non-U.S.",20,2022-12-10,0.1,Product,https://www.businessinsider.de/gruenderszene/business/xentral-entlassungen/,Series B,94,Germany,2022-12-13T20:02:56.000Z,
Autobooks,Detroit,,2022-12-10,,Finance,https://www.crainsdetroit.com/technology/fintech-startup-autobooks-lays-workers,Series C,97,United States,2022-12-11T03:36:27.000Z,
Convene,New York City,,2022-12-10,,Real Estate,https://www.linkedin.com/posts/ryan-simonetti-5873887_like-many-companies-weve-had-to-reassess-activity-7007097001259507712-ZpTF/,Unknown,281,United States,2022-12-13T20:05:53.000Z,
PharmEasy,"Mumbai, Non-U.S.",,2022-12-10,,Healthcare,https://inc42.com/buzz/pharmeasy-lays-off-more-employees-amid-funding-crunch/,Unknown,1600,India,2022-12-11T06:25:36.000Z,
Playtika,"Tel Aviv, Non-U.S.",600,2022-12-09,0.15,Consumer,https://en.globes.co.il/en/article-playtika-to-lay-off-600-1001432312,Post-IPO,,Israel,2022-12-11T06:01:30.000Z,
Unity,"Utrecht, Non-U.S.",300,2022-12-09,0.1,Retail,https://ecommercenews.eu/bol-com-lays-off-10-of-staff/,Acquired,,Netherlands,2024-02-05T05:01:57.000Z,
Share Now,"Berlin, Non-U.S.",150,2022-12-09,0.36,Transportation,https://www.businessinsider.de/gruenderszene/automotive-mobility/carsharing-sharenow-entlassungen-a/,Acquired,,Germany,2022-12-13T20:05:00.000Z,
Alice,"Sao Paulo, Non-U.S.",113,2022-12-09,0.16,Healthcare,https://startups.com.br/demissoes/alice-faz-nova-onda-de-demissoes-e-dispensa-113-pessoas/,Series C,174,Brazil,2022-12-11T03:31:04.000Z,
Primer,"London, Non-U.S.",85,2022-12-09,0.33,Finance,https://techcrunch.com/2022/12/09/primer-the-uk-e-commerce-tech-startup-has-laid-off-one-third-of-its-staff/,Series B,73,United Kingdom,2022-12-09T16:37:23.000Z,
OneFootball,"Berlin, Non-U.S.",62,2022-12-09,0.115,Marketing,https://company.onefootball.com/news/an-update-from-onefootball-founder-and-ceo-lucas-von-cranach/,Series D,442,Germany,2022-12-21T00:43:02.000Z,
C2FO,Kansas City,20,2022-12-09,0.02,Finance,https://www.bizjournals.com/kansascity/news/2023/10/16/c2fo-layoffs-marketing-sales-revenue-growth-ipo.html,Series H,537,United States,2022-12-11T05:58:32.000Z,
Brodmann17,"Tel Aviv, Non-U.S.",,2022-12-09,1,Other,https://techcrunch.com/2022/12/09/computer-vision-technology-startup-brodmann17-has-shut-down/,Series A,25,Israel,2022-12-11T06:17:56.000Z,
Digital Surge,"Brisbane, Non-U.S.",,2022-12-09,1,Crypto,https://www.9news.com.au/technology/australian-cryptocurrency-exchange-digital-surge-collapses-into-administration/ebbeb40c-6310-4250-b123-600bc6755cc5,Unknown,,Australia,2022-12-11T06:09:24.000Z,
N-able Technologies,Raleigh,,2022-12-09,,Other,,Post-IPO,225,United States,2022-12-09T22:12:27.000Z,
ZenLedger,Seattle,,2022-12-09,0.1,Crypto,https://blockworks.co/news/another-crypto-tax-software-startup-is-laying-off-staffers,Series B,25,United States,2022-12-11T05:56:55.000Z,
Airtable,SF Bay Area,254,2022-12-08,0.2,Product,https://techcrunch.com/2022/12/08/airtable-layoffs/,Series F,1400,United States,2022-12-08T17:48:07.000Z,
Swiggy,"Bengaluru, Non-U.S.",250,2022-12-08,0.03,Food,https://inc42.com/buzz/swiggy-fire-250-employees-further-layoffs-store/,Unknown,3600,India,2022-12-09T05:00:53.000Z,
Glints,"Singapore, Non-U.S.",198,2022-12-08,0.18,HR,https://www.techinasia.com/singaporebased-glints-lays-18-employees,Series D,82,Singapore,2022-12-09T05:07:33.000Z,
Buser,"Sao Paulo, Non-U.S.",160,2022-12-08,0.3,Transportation,https://startups.com.br/demissoes/buser-demite-30-para-se-adaptar-a-nova-realidade-do-mercado/,Series C,138,Brazil,2022-12-11T06:00:24.000Z,
BlackLine,Los Angeles,95,2022-12-08,0.05,Finance,https://seekingalpha.com/news/3915452-blackline-to-cut-jobs-by-5-globally-sec-filing,Private Equity,220,United States,2022-12-11T06:15:28.000Z,
Chrono24,"Karlsruhe, Non-U.S.",80,2022-12-08,,Retail,https://www.tag24.de/chemnitz/lokales/fuer-luxusuhren-haendler-in-chemnitz-rabenstein-laeuft-die-zeit-ab-2684514,Series C,205,Germany,2023-01-15T14:12:34.000Z,
Otonomo,"Tel Aviv, Non-U.S.",80,2022-12-08,0.5,Transportation,https://www.calcalistech.com/ctechnews/article/bjbvjqyoi,Post-IPO,231,Israel,2022-12-11T06:07:24.000Z,
TechTarget,Boston,60,2022-12-08,0.05,Marketing,https://www.marketwatch.com/story/techtarget-focuses-on-restructuring-plan-cutting-60-positions-271670628385,Post-IPO,115,United States,2022-12-11T06:02:55.000Z,
Inscripta,Boulder,43,2022-12-08,,Healthcare,https://www.genomeweb.com/business-news/inscripta-lays-dozens-closes-colorado-headquarters-san-diego-office#.Y5JvGOzMK8A,Series E,459,United States,2022-12-09T05:02:33.000Z,
CyCognito,SF Bay Area,30,2022-12-08,0.15,Security,https://www.calcalistech.com/ctechnews/article/h1suse100s,Series C,153,United States,2022-12-09T05:03:17.000Z,
Armis,SF Bay Area,25,2022-12-08,0.04,Security,https://www.calcalistech.com/ctechnews/article/by6mtcjuo,Private Equity,537,United States,2022-12-11T03:35:08.000Z,
Bakkt,Atlanta,,2022-12-08,0.15,Crypto,https://bakkt.com/newsroom/a-note-from-gavin-michael-to-bakkt-employees-bakkt,Post-IPO,932,United States,2022-12-11T03:37:41.000Z,
Blue Apron,New York City,,2022-12-08,0.1,Food,https://investors.blueapron.com/press-releases/2022/12-08-2022-140712547,Post-IPO,352,United States,2022-12-08T17:06:37.000Z,
FireHydrant,New York City,,2022-12-08,,Infrastructure,https://www.linkedin.com/posts/bobby-tables_today-weve-made-major-changes-at-firehydrant-activity-7006723101807763456-dU8s/,Series B,32,United States,2022-12-11T06:13:18.000Z,
Lenovo,Raleigh,,2022-12-08,,Hardware,https://wraltechwire.com/2022/12/09/blindsided-lenovo-confirms-layoffs-but-denies-report-of-10-cuts/,Post-IPO,850,United States,2022-12-30T15:55:40.000Z,
Nerdy,St. Louis,,2022-12-08,0.17,Education,https://www.bizjournals.com/stlouis/news/2022/12/08/online-tutoring-firm-nerdy-slashes.html,Post-IPO,150,United States,2022-12-11T06:08:11.000Z,
Vanta,SF Bay Area,,2022-12-08,0.14,Security,LinkedIn,Series B,203,United States,2022-12-11T03:32:39.000Z,
Vedantu,"Bengaluru, Non-U.S.",385,2022-12-07,,Education,https://economictimes.indiatimes.com/tech/startups/edtech-firm-vedantu-cuts-385-jobs-in-fourth-round-of-layoffs-this-year/articleshow/96060595.cms,Series E,292,India,2022-12-07T16:28:02.000Z,
Loft,"Sao Paulo, Non-U.S.",312,2022-12-07,0.12,Real Estate,https://www.bloomberglinea.com/english/brazilian-unicorn-loft-sheds-12-of-staff-in-third-wave-of-layoffs-this-year/,Unknown,788,Brazil,2022-12-08T06:26:02.000Z,
Plaid,SF Bay Area,260,2022-12-07,0.2,Finance,https://techcrunch.com/2022/12/07/plaid-layoff-fintech/,Series D,734,United States,2022-12-07T16:22:04.000Z,
Motive,SF Bay Area,237,2022-12-07,0.06,Transportation,https://gomotive.com/blog/shoaib-makanis-message-to-employees/,Series F,567,United States,2022-12-08T06:21:12.000Z,
Recur Forever,Miami,235,2022-12-07,,Crypto,https://www.classaction.org/news/recur-forever-laid-off-workers-without-proper-notice-class-action-says,Series A,55,United States,2023-01-20T01:01:53.000Z,
Relativity,Chicago,150,2022-12-07,0.1,Legal,https://www.chicagobusiness.com/technology/software-firm-relativity-cuts-10-staff,Private Equity,125,United States,2022-12-08T06:22:20.000Z,
Voi,"Stockholm, Non-U.S.",130,2022-12-07,0.13,Transportation,https://www.breakit.se/artikel/35283/voi-tvingas-drar-ner-igen-vi-ar-mycket-ledsna,Series D,515,Sweden,2022-12-08T06:24:32.000Z,
Integral Ad Science,New York City,120,2022-12-07,0.13,Marketing,https://investors.integralads.com/node/7871/html,Acquired,116,United States,2022-12-08T06:23:13.000Z,
Houzz,SF Bay Area,95,2022-12-07,0.08,Consumer,https://en.globes.co.il/en/article-houzz-lays-off-100-in-us-and-israel-1001433310,Series E,613,United States,2022-12-21T16:16:58.000Z,
Grover,"Berlin, Non-U.S.",40,2022-12-07,0.1,Retail,https://www.businessinsider.de/gruenderszene/business/entlassungen-bei-berliner-neu-unicorn-grover/?fbclid=IwAR3o2sB8MmcX3_y8HaAeRqIUU2T8YNYokRDZz5Nxkr0BjzhYRs84fR2hrW8,Unknown,2300,Germany,2022-12-07T19:18:57.000Z,
Lev,New York City,30,2022-12-07,0.3,Real Estate,https://therealdeal.com/2022/12/07/cre-finance-platform-lev-lays-off-chunk-of-staff/,Series B,114,United States,2022-12-11T06:19:37.000Z,
Lithic,New York City,27,2022-12-07,0.18,Finance,https://www.axios.com/pro/fintech-deals/2022/12/07/fintech-lithic-lays-off-27,Series C,115,United States,2022-12-09T00:46:59.000Z,
CircleCI,SF Bay Area,,2022-12-07,0.17,Product,https://circleci.com/blog/ceo-jim-rose-email-to-circleci-employees/,Series F,315,United States,2022-12-07T21:47:26.000Z,
Detectify,"Stockholm, Non-U.S.",,2022-12-07,,Security,https://www.breakit.se/artikel/34958/anstallda-far-ga-fran-detectify-tog-nyligen-in-108-miljoner,Unknown,42,Sweden,2023-10-23T02:27:51.000Z,
Sayurbox,"Jakarta, Non-U.S.",,2022-12-07,0.05,Food,https://www.techinasia.com/sayurbox-lays-off-2022,Series C,139,Indonesia,2022-12-09T05:08:34.000Z,
Zywave,Milwaukee,,2022-12-07,,Finance,https://www.bizjournals.com/milwaukee/news/2022/12/07/zywave-layoffs-growth-slows.html,Acquired,,United States,2022-12-09T05:09:37.000Z,
Doma,SF Bay Area,515,2022-12-06,0.4,Finance,https://investor.doma.com/node/8161/html,Post-IPO,679,United States,2022-12-07T06:21:36.000Z,
Intel,SF Bay Area,201,2022-12-06,,Hardware,https://www.crn.com/news/computing/intel-begins-layoffs-in-california-voluntary-unpaid-leave-program,Post-IPO,12,United States,2022-12-30T15:57:23.000Z,
BuzzFeed,New York City,180,2022-12-06,0.12,Media,https://variety.com/2022/digital/news/buzzfeed-layoffs-12-percent-employees-1235451552/,Post-IPO,696,United States,2022-12-06T18:40:43.000Z,
Weedmaps,Los Angeles,175,2022-12-06,0.25,Other,https://www.businessinsider.com/weedmaps-cannabis-company-layoffs-cutting-workforce-2022-12,Acquired,,United States,2022-12-07T06:29:37.000Z,
Adobe,SF Bay Area,100,2022-12-06,,Marketing,https://www.bloomberg.com/news/articles/2022-12-06/adobe-cuts-100-jobs-concentrated-in-sales-as-tech-tightens-belt,Post-IPO,2,United States,2022-12-07T06:30:37.000Z,
Chipper Cash,SF Bay Area,50,2022-12-06,0.125,Finance,https://techcrunch.com/2022/12/06/african-fintech-unicorn-chipper-cash-lays-off-about-12-5-of-staff/,Series C,302,United States,2022-12-07T02:37:02.000Z,
Stash,New York City,32,2022-12-06,0.08,Finance,https://lp.stash.com/news/saying-goodbye-to-some-of-our-colleagues-and-looking-towards-the-future/,Unknown,480,United States,2022-12-07T02:38:29.000Z,
Perimeter 81,"Tel Aviv, Non-U.S.",20,2022-12-06,0.08,Security,https://www.calcalistech.com/ctechnews/article/hjgmdpnws,Series C,165,Israel,2022-12-07T02:35:54.000Z,
Koinly,"London, Non-U.S.",16,2022-12-06,0.14,Crypto,https://blockworks.co/news/crypto-tax-startup-koinly-cuts-staffers-just-in-time-for-tax-season,Unknown,,United Kingdom,2022-12-07T06:19:29.000Z,
Bridgit,"Waterloo, Non-U.S.",13,2022-12-06,0.13,Construction,https://www.therecord.com/news/waterloo-region/2022/12/06/some-startups-scaling-back-as-investment-shrinks.html,Series B,36,Canada,2022-12-19T16:48:06.000Z,
Filevine,Salt Lake City,,2022-12-06,,Legal,https://www.axios.com/local/salt-lake-city/2022/12/15/utah-tech-layoffs-silicon-slopes-losing-workers,Series D,226,United States,2022-12-18T04:06:37.000Z,
Moove,"Lagos, Non-U.S.",,2022-12-06,,Transportation,https://techpoint.africa/2022/12/06/moove-layoffs,Unknown,630,Nigeria,2022-12-21T16:58:07.000Z,
Nextiva,Phoenix,,2022-12-06,0.17,Other,https://www.channelfutures.com/business-models/nextiva-layoffs-impact-17-of-workforce-including-partner-development-leader-hilary-gadda,Private Equity,200,United States,2022-12-07T06:32:57.000Z,
OneStudyTeam,Boston,,2022-12-06,0.25,Healthcare,https://www.mobihealthnews.com/news/onestudyteam-lays-about-quarter-its-workforce,Series D,479,United States,2022-12-07T06:37:12.000Z,
Zuora,SF Bay Area,,2022-12-06,0.11,Finance,https://www.morningstar.com/news/marketwatch/20221206496/zuora-beats-on-earnings-but-misses-on-outlook-while-announcing-layoffs,Post-IPO,647,United States,2022-12-07T06:26:48.000Z,
Swyftx,"Brisbane, Non-U.S.",90,2022-12-05,0.4,Crypto,https://www.smh.com.au/business/companies/worst-case-scenario-local-crypto-exchange-swyftx-lays-off-40-percent-of-staff-20221205-p5c3mu.html,Unknown,,Australia,2022-12-05T13:26:15.000Z,
Aqua Security,Boston,65,2022-12-05,0.1,Security,https://www.calcalistech.com/ctechnews/article/s1uxohjvs,Series E,265,United States,2022-12-06T18:42:03.000Z,
DataRails,"Tel Aviv, Non-U.S.",30,2022-12-05,0.18,Finance,https://www.calcalistech.com/ctechnews/article/s1ka1tjvj,Series B,103,Israel,2022-12-06T00:41:03.000Z,
Elemy,SF Bay Area,,2022-12-05,,Healthcare,https://bhbusiness.com/2022/12/05/elemy-lays-off-staff-as-it-winds-down-direct-care-for-platform-business/,Series B,323,United States,2022-12-06T04:48:23.000Z,
Route,Lehi,,2022-12-05,,Retail,https://www.sltrib.com/news/2022/12/06/2-more-utah-tech-companies-each/,Unknown,481,United States,2022-12-07T06:34:19.000Z,
Thinkific,"Vancouver, Non-U.S.",,2022-12-05,,Education,https://techcouver.com/2022/12/05/rebound-thinkific-labs-layoffs/,Post-IPO,22,Canada,2022-12-19T17:14:34.000Z,
OYO,"Gurugram, Non-U.S.",600,2022-12-03,,Travel,https://www.livemint.com/companies/news/oyo-to-layoff-600-execs-across-technology-teams-hire-250-for-sales-11670056711013.html,Series F,4000,India,2022-12-04T22:53:40.000Z,
HealthifyMe,Bengaluru,150,2022-12-03,,Fitness,https://inc42.com/buzz/fitness-healthtech-startup-healthifyme-lays-off-150-employees/,Series C,100,India,2022-12-04T23:00:50.000Z,
Bybit,"Singapore, Non-U.S.",,2022-12-03,0.3,Crypto,https://cointelegraph.com/news/bybit-announces-second-round-of-layoffs-in-2022-to-survive-bear-market,Unknown,,Singapore,2022-12-04T23:04:29.000Z,
Cognyte,"Tel Aviv, Non-U.S.",100,2022-12-02,0.05,Security,https://www.globes.co.il/news/article.aspx?did=1001431603,Unknown,,Israel,2022-12-04T23:02:11.000Z,
ShareChat,"Bengaluru, Non-U.S.",100,2022-12-02,,Consumer,https://www.india.com/business/sharechat-layoff-to-effect-over-100-employees-winds-down-fantasy-sport-app-jeet11-sahrechat-sacks-workforce-latest-news-5777356/,Unknown,1700,India,2022-12-03T05:18:35.000Z,
Polly,Burlington,47,2022-12-02,0.15,Finance,https://vtdigger.org/2022/12/02/williston-based-insurance-tech-startup-polly-lays-off-47-employees/,Series C,184,United States,2022-12-04T23:10:15.000Z,
FNZ,"London, Non-U.S.",,2022-12-02,,Finance,https://citywire.com/new-model-adviser/news/exclusive-fnz-lays-off-hundreds-of-employees-globally/a2404048,Private Equity,3500,United Kingdom,2026-06-16T20:44:23.000Z,
Homebound,SF Bay Area,,2022-12-02,,Real Estate,Internal memo,Unknown,128,United States,2022-12-03T05:20:31.000Z,
Lora DiCarlo,Bend,,2022-12-02,1,Consumer,https://techcrunch.com/2022/12/02/looks-like-sextech-startup-lora-dicarlo-is-done-for/,Unknown,9,United States,2022-12-04T23:09:00.000Z,
Carousell,"Singapore, Non-U.S.",110,2022-12-01,0.1,Retail,https://www.straitstimes.com/singapore/jobs/carousell-cuts-110-jobs-to-rein-in-costs,Private Equity,372,Singapore,2022-12-03T05:02:52.000Z,
Bizzabo,New York City,100,2022-12-01,0.37,Marketing,https://www.calcalistech.com/ctechnews/article/h1ajz9idj,Series E,194,United States,2022-12-03T04:57:20.000Z,
BloomTech,SF Bay Area,88,2022-12-01,0.5,Education,https://techcrunch.com/2022/12/01/bloomtech-previously-lambda-school-cuts-half-of-staff/,Unknown,,United States,2022-12-01T22:20:09.000Z,
Netlify,SF Bay Area,48,2022-12-01,0.16,Product,Internal memo,Series D,212,United States,2022-12-08T17:03:17.000Z,
Springbig,Miami,37,2022-12-01,0.23,Sales,https://mjbizdaily.com/marijuana-software-firm-springbig-laying-off-nearly-25-percent-of-workforce/,Post-IPO,32,United States,2022-12-19T16:44:56.000Z,
Podium,Lehi,,2022-12-01,0.12,Support,https://www.businessinsider.com/podium-layoffs-customer-management-startup-2022-12,Series D,419,United States,2022-12-01T22:19:10.000Z,
SQZ Biotech,Boston,,2022-12-01,0.6,Healthcare,https://www.fiercebiotech.com/biotech/sqz-ceo-exits-biotech-axes-60-staff-synlogic-succumbs-layoff-pressure,Post-IPO,229,United States,2022-12-11T06:21:01.000Z,
Strava,SF Bay Area,,2022-12-01,0.14,Fitness,https://www.bicycleretailer.com/industry-news/2022/12/05/layoffs-affect-about-15-staff-strava#.Y5Jcu-zMK8A,Series F,151,United States,2022-12-04T22:56:18.000Z,
Synlogic,Boston,,2022-12-01,0.25,Healthcare,https://www.fiercebiotech.com/biotech/sqz-ceo-exits-biotech-axes-60-staff-synlogic-succumbs-layoff-pressure,Post-IPO,321,United States,2022-12-11T06:21:59.000Z,
Yapily,"London, Non-U.S.",,2022-12-01,,Finance,https://www.linkedin.com/posts/yapily_a-message-from-our-founder-and-ceo-ensuring-activity-7004119711693066240-ZeUT/,Series A,69,United Kingdom,2022-12-03T05:16:44.000Z,
DoorDash,SF Bay Area,1250,2022-11-30,0.06,Food,https://www.reuters.com/business/retail-consumer/doordash-cuts-1250-jobs-an-effort-rein-expenses-2022-11-30/,Post-IPO,2500,United States,2022-11-30T15:21:42.000Z,
Kraken,SF Bay Area,1100,2022-11-30,0.3,Crypto,https://blog.kraken.com/post/16442/business-update/,Unknown,134,United States,2022-11-30T16:37:32.000Z,
Happy Money,Los Angeles,158,2022-11-30,0.34,Finance,Internal memo,Series D,191,United States,2022-12-01T22:00:23.000Z,
Ula,"Jakarta, Non-U.S.",134,2022-11-30,0.23,Retail,https://dailysocial.id/post/ula-layoff-2022,Series B,140,Indonesia,2022-12-01T06:27:24.000Z,
Wonder,New York City,130,2022-11-30,0.07,Food,https://www.theinformation.com/articles/marc-lores-kitchen-on-wheels-startup-cuts-staff-dials-back-delivery-ambitions,Series B,850,United States,2022-12-01T06:37:27.000Z,
StudySmarter,"Berlin, Non-U.S.",70,2022-11-30,,Education,https://www.startbase.de/news/studysmarter-entlaesst-etwa-70-mitarbeitende/,Series A,64,Germany,2023-01-12T15:36:50.000Z,
Grin,Sacramento,60,2022-11-30,0.13,Marketing,https://www.theinformation.com/briefings/influencer-marketing-startup-grin-lays-off-60-employees,Series B,145,United States,2022-12-03T04:59:05.000Z,
Ualá,"Buenos Aires, Non-U.S.",53,2022-11-30,0.03,Finance,https://www.perfil.com/noticias/economia/empresa-uala-despidio-medio-centenar-trabajadores.phtml,Series D,544,Argentina,2022-12-01T06:29:00.000Z,
Teachmint,"Bengaluru, Non-U.S.",45,2022-11-30,0.05,Education,https://inc42.com/buzz/edtech-startup-teachmint-lays-off-45-employees/,Series B,118,India,2022-12-01T06:34:10.000Z,
Etermax,"Buenos Aires, Non-U.S.",40,2022-11-30,,Other,https://www.clarin.com/economia/despidos-reestructuracion-tecnologicas-empresas-achican-pasar-2023_0_uxSUuShZhQ.html,Unknown,,Argentina,2022-12-01T06:33:17.000Z,
Thread,"London, Non-U.S.",30,2022-11-30,0.5,Retail,https://www.drapersonline.com/news/ms-acquires-thread-intellectual-property,Acquired,40,United Kingdom,2022-12-11T06:23:40.000Z,
Nexar,New York City,25,2022-11-30,,Transportation,https://www.calcalistech.com/ctechnews/article/rktq3gqc3,Series D,149,United States,2023-09-04T23:17:48.000Z,
Elastic,SF Bay Area,,2022-11-30,0.13,Data,https://www.elastic.co/blog/ceo-ash-kulkarni-email-to-elastic-employees,Post-IPO,162,United States,2022-12-01T06:23:46.000Z,
Motional,Boston,,2022-11-30,,Transportation,https://techcrunch.com/2022/12/01/hyundai-aptiv-backed-av-startup-motional-cuts-workforce/,Unknown,,United States,2022-12-03T05:00:45.000Z,
Pinterest,SF Bay Area,,2022-11-30,,Consumer,https://www.theinformation.com/briefings/pinterest-cuts-recruiting-team-slows-hiring,Post-IPO,1500,United States,2022-12-01T22:22:03.000Z,
Sana,Seattle,,2022-11-30,0.15,Healthcare,https://www.fiercebiotech.com/biotech/sana-lays-15-trims-pipeline-keep-funding-flowing-shelf-car-ts,Series A,700,United States,2023-01-06T01:46:44.000Z,
Venafi,Salt Lake City,,2022-11-30,,Security,https://www.axios.com/local/salt-lake-city/2022/12/15/utah-tech-layoffs-silicon-slopes-losing-workers,Acquired,167,United States,2022-12-18T04:10:13.000Z,
Bitso,"Mexico City, Non-U.S.",100,2022-11-29,,Crypto,https://portaldobitcoin.uol.com.br/corretora-de-criptomoedas-bitso-faz-segunda-rodada-de-demissoes-no-brasil-e-no-mexico/,Series C,378,Mexico,2022-11-30T06:19:06.000Z,
Lyst,"London, Non-U.S.",50,2022-11-29,0.25,Retail,https://techcrunch.com/2022/11/29/lyst-the-uk-fashion-marketplace-is-laying-off-25-of-staff/,Unknown,144,United Kingdom,2022-11-30T06:03:36.000Z,
CoinJar,"Melbourne, Non-U.S.",10,2022-11-29,0.2,Crypto,https://www.theaustralian.com.au/business/technology/melbourne-crypto-startup-coinjar-axes-20pc-of-workforce/news-story/485648b4b36a538ff7c00287adb57d5a,Unknown,1,Australia,2022-11-30T06:20:29.000Z,
Bitfront,SF Bay Area,,2022-11-29,1,Crypto,https://www.reuters.com/technology/crypto-exchange-bitfront-shuts-down-2022-11-29/,Unknown,,United States,2022-11-30T05:54:28.000Z,
Codexis,SF Bay Area,,2022-11-29,0.18,Healthcare,https://www.codexis.com/investors/news-events/press-releases/detail/342/codexis-provides-update-on-prioritized-corporate-strategy,Post-IPO,162,United States,2022-11-30T06:17:39.000Z,
Firework,SF Bay Area,,2022-11-29,0.1,Retail,https://www.theinformation.com/articles/live-shopping-startup-firework-lays-off-10-of-staff,Series B,269,United States,2022-12-01T06:36:01.000Z,
Lazerpay,"Lagos, Non-U.S.",,2022-11-29,,Crypto,https://techpoint.africa/2022/11/29/lazerpay-starts-layoff,Unknown,,Nigeria,2022-11-30T05:59:51.000Z,
MessageBird,"Amsterdam, Non-U.S.",,2022-11-29,0.31,Other,https://tech.eu/2022/11/29/messagebird-lay-offs-close-to-a-third-of-the/,Series C,1100,Netherlands,2022-11-30T05:57:28.000Z,
Plerk,"Guadalajara, Non-U.S.",,2022-11-29,0.4,Finance,https://www.linkedin.com/posts/mikemedina20_hoy-es-uno-de-los-momentos-m%C3%A1s-complicados-activity-7003406809403170817-N_Hf/,Series A,13,Mexico,2022-11-30T06:15:57.000Z,
Proton.ai,Boston,,2022-11-29,,Sales,https://docs.google.com/spreadsheets/d/15EHi8nTiILQk6xztU5LSIcuUm-XhRQm52U-GNvPGrWg/edit#gid=0,Series A,20,United States,2022-12-03T05:13:04.000Z,
Infarm,"Berlin, Non-U.S.",500,2022-11-28,0.5,Other,https://www.infarm.com/news/note-from-infarm-s-founders-strategy-shift-and-profitability-at-infarm,Series D,604,Germany,2022-11-29T04:21:05.000Z,
Wildlife Studios,"Sao Paulo, Non-U.S.",300,2022-11-28,0.2,Consumer,https://mobilegamer.biz/massive-layoffs-at-wildlife-as-it-drops-all-non-mobile-game-projects/,Unknown,260,Brazil,2022-11-29T15:59:03.000Z,
Hirect,"Bengaluru, Non-U.S.",200,2022-11-28,0.4,Recruiting,https://www.livemint.com/companies/start-ups/startup-direct-hiring-platform-hirect-fires40ofworkforce-11669662447280.html,Series A,,India,2022-11-29T04:27:35.000Z,
ApplyBoard,"Waterloo, Non-U.S.",90,2022-11-28,0.06,Education,https://www.therecord.com/news/waterloo-region/2022/11/28/applyboard-lays-off-six-per-cent-of-its-workforce.html,Series D,483,Canada,2022-11-30T06:14:53.000Z,
Ajaib,"Jakarta, Non-U.S.",67,2022-11-28,0.08,Finance,https://www.techinasia.com/indonesian-investment-platform-ajaib-lays-8-headcount,Unknown,245,Indonesia,2022-11-30T06:12:35.000Z,
Candy Digital,New York City,33,2022-11-28,0.33,Crypto,https://decrypt.co/115811/gary-vee-sports-nft-candy-digital-mass-layoffs,Series A,100,United States,2022-11-29T04:24:38.000Z,
ResearchGate,"Berlin, Non-U.S.",25,2022-11-28,0.1,Other,https://www.linkedin.com/posts/ijad-madisch-4428229_today-we-are-reducing-the-size-of-the-researchgate-activity-7002973716632502273-7jum/,Series D,87,Germany,2022-11-28T18:00:13.000Z,
BlockFi,New York City,,2022-11-28,1,Crypto,https://decrypt.co/115744/crypto-lender-blockfi-files-bankruptcy-ftx-contagion-claims-another,Series E,1000,United States,2022-11-30T06:05:58.000Z,
FutureLearn,"London, Non-U.S.",,2022-11-28,,Education,https://www.classcentral.com/report/futurelearn-layoffs/,Unknown,50,United Kingdom,2022-11-30T06:11:06.000Z,
Inspectify,Seattle,,2022-11-28,,Real Estate,https://www.bizjournals.com/seattle/news/2022/11/28/inspectify-layoffs-seattle-real-estate-tech.html,Series A,11,United States,2022-11-30T06:10:07.000Z,
Ledn,"Toronto, Non-U.S.",,2022-11-28,,Crypto,https://www.theblock.co/post/190436/crypto-lender-ledn-lays-off-chief-commercial-officer-in-latest-industry-job-cuts,Series B,103,Canada,2022-12-19T16:49:15.000Z,
NCX,SF Bay Area,,2022-11-28,0.4,Energy,https://ncx.com/learning-hub/an-update-from-ncx-co-founders-zack-parisa-and-max-nova/,Series B,78,United States,2022-12-01T06:22:17.000Z,
Spora Health,SF Bay Area,,2022-11-28,1,Healthcare,https://www.businessinsider.com/spora-health-startup-closed-laid-off-workers-2023-10,Seed,4,United States,2023-10-31T23:42:09.000Z,
Change Invest,"Amsterdam, Non-U.S.",,2022-11-27,0.24,Finance,https://arileht.delfi.ee/artikkel/120105494/jarjekordne-eesti-idufirma-koondab-veerandi-oma-tootajatest,Unknown,22,Netherlands,2023-01-23T16:52:39.000Z,
Zilch,"London, Non-U.S.",,2022-11-26,,Finance,https://www.standard.co.uk/business/london-fintech-unicorn-zilch-poised-to-begin-wave-of-layoffs-as-downturn-hits-buy-now-pay-later-sector-b1042587.html,Unknown,389,United Kingdom,2022-11-29T04:26:19.000Z,
VerSe Innovation,"Bengaluru, Non-U.S.",150,2022-11-25,0.05,Media,https://techcrunch.com/2022/11/28/verse-innovation-layoff-salary-cut/,Series J,1700,India,2022-11-28T18:02:57.000Z,
Carwow,"London, Non-U.S.",70,2022-11-25,0.2,Transportation,https://www.ft.com/content/19150de3-bbd4-42b3-acbd-52b228dc1bf1,Unknown,157,United Kingdom,2022-11-29T04:11:17.000Z,
Vendease,"Lagos, Non-U.S.",27,2022-11-25,0.09,Food,https://techcabal.com/2022/11/25/nigerian-food-procurement-platform-vendease-lays-off-9-of-its-workforce/,Series A,43,Nigeria,2022-11-30T05:55:37.000Z,
Lemon,"Buenos Aires, Non-U.S.",100,2022-11-24,0.38,Crypto,https://www.forbesargentina.com/innovacion/lemon-despide-tercio-sus-empleados-anuncia-nuevo-foco-compania-sea-mas-sostenible-n25358,Series A,17,Argentina,2022-11-25T04:10:29.000Z,
Quidax,"Lagos, Non-U.S.",20,2022-11-24,0.2,Crypto,https://techcabal.com/2022/11/24/nigerian-crypto-exchange-quidax-lays-off-20-of-its-workforce/,Unknown,3,Nigeria,2022-11-26T16:24:18.000Z,
Menulog,"Sydney, Non-U.S.",,2022-11-24,,Food,https://www.smh.com.au/technology/difficult-decision-menulog-cuts-jobs-in-australia-20221124-p5c111.html,Acquired,,Australia,2022-11-28T17:56:12.000Z,
Utopia Music,"Zug, Non-U.S.",,2022-11-24,,Media,https://www.musicbusinessworldwide.com/utopia-music-makes-layoffs-as-it-downsizes-global-team/,Series B,,Switzerland,2022-11-25T22:23:39.000Z,
Assure,Salt Lake City,,2022-11-23,1,Finance,https://www.axios.com/2022/11/23/assure-shutdown-fintech-startup-investing,Seed,2,United States,2022-11-25T04:07:03.000Z,
GoodGood,"Toronto, Non-U.S.",,2022-11-23,1,Retail,https://betakit.com/one-year-after-raising-6-5-million-goodgood-shuts-down-claiming-it-cant-find-more-money/,Seed,6,Canada,2022-11-25T04:07:55.000Z,
Muni Tienda,"Bogota, Non-U.S.",,2022-11-23,1,Other,https://www.bloomberglinea.com/2022/11/24/startup-colombiana-cierra-ante-la-imposibilidad-de-levantar-mas-capital/,Series A,20,Colombia,2023-03-10T05:24:22.000Z,
SWVL,"Cairo, Non-U.S.",,2022-11-23,0.5,Transportation,https://techcrunch.com/2022/11/28/swvl-reduces-its-headcount-by-50-six-months-after-axing-400-staff/,Post-IPO,264,Egypt,2022-11-25T22:25:25.000Z,
Western Digital,SF Bay Area,251,2022-11-22,,Hardware,https://www.bizjournals.com/sanjose/news/2022/11/22/western-digital-latest-valley-company-with-layoffs.html,Post-IPO,900,United States,2023-02-13T17:50:22.000Z,
SIRCLO,"Jakarta, Non-U.S.",160,2022-11-22,0.08,Retail,https://dailysocial.id/post/sirclo-layoff-2022,Series B,92,Indonesia,2022-11-22T17:53:56.000Z,
Movidesk,"Blumenau, Non-U.S.",118,2022-11-22,,Support,https://startups.com.br/noticias/zenvia-faz-limpa-na-movidesk-e-demite-118-funcionarios/,Acquired,11,Brazil,2023-05-24T02:13:37.000Z,
Trax,"Singapore, Non-U.S.",80,2022-11-22,0.08,Retail,https://www.themarker.com/technation/2022-11-22/ty-article/.premium/00000184-9f73-d710-a7c6-df731af70000,Series E,1000,Singapore,2022-11-22T19:04:01.000Z,
Flash Coffee,"Singapore, Non-U.S.",,2022-11-22,,Food,https://www.businesstimes.com.sg/startups-tech/startups/rocket-internet-backed-flash-coffee-lays-staff-across-markets,Series B,57,Singapore,2022-11-25T04:12:58.000Z,
Natera,SF Bay Area,,2022-11-22,,Healthcare,https://www.bizjournals.com/sanjose/news/2022/11/22/peninsula-biotechs-cutting-dozens-of-jobs.html,Post-IPO,809,United States,2022-11-29T04:18:55.000Z,
Rapyd,"Tel Aviv, Non-U.S.",,2022-11-22,,Finance,https://en.globes.co.il/en/article-israeli-fintech-co-rapyd-to-lay-off-dozens-1001430704,Unknown,770,Israel,2022-11-30T06:06:47.000Z,
Reynen Court,"Amsterdam, Non-U.S.",,2022-11-22,,Legal,https://www.lawnext.com/2022/11/reynen-court-app-store-of-legal-reduces-staff-tells-vendors-they-could-see-service-delays.html,Unknown,23,Netherlands,2023-07-26T00:58:10.000Z,
Jumia,"Lagos, Non-U.S.",900,2022-11-21,0.2,Retail,https://techcrunch.com/2023/02/16/jumia-laid-off-20-of-staff-in-q4-2022-amid-work-to-reduce-losses-by-half-this-year/,Post-IPO,1200,Nigeria,2022-12-21T17:00:12.000Z,
Kitopi,"Dubai, Non-U.S.",93,2022-11-21,0.1,Food,https://www.arabianbusiness.com/jobs/dubai-unicorn-kitopi-sacks-93-head-office-staff-as-tech-industry-slumps,Series C,804,UAE,2022-11-23T04:32:47.000Z,
Devo,Boston,,2022-11-21,0.15,Security,https://tekdeeps.com/the-unicorn-devo-lays-off-15-of-its-global-team/,Series F,481,United States,2022-12-13T20:08:51.000Z,
GloriFi,Dallas,,2022-11-21,1,Finance,https://www.wsj.com/articles/anti-woke-bank-glorifi-to-shut-down-11669051554,Unknown,,United States,2022-11-25T04:08:51.000Z,
Zomato,"Gurugram, Non-U.S.",100,2022-11-19,0.04,Food,https://www.businesstoday.in/latest/economy/story/after-byjus-now-zomato-fires-employees-about-100-jobs-impacted-so-far-report-353435-2022-11-19,Series J,914,India,2022-11-20T00:05:57.000Z,
Carvana,Phoenix,1500,2022-11-18,0.08,Transportation,https://www.wsj.com/articles/carvana-plans-to-lay-off-1-500-employees-cites-economic-concerns-11668793114,Post-IPO,1600,United States,2022-11-18T21:34:43.000Z,
Nuro,SF Bay Area,300,2022-11-18,0.2,Transportation,https://techcrunch.com/2022/11/18/autonomous-delivery-startup-nuro-lays-off-20-of-workforce/,Series D,2100,United States,2022-11-18T21:35:34.000Z,
Synthego,SF Bay Area,105,2022-11-18,0.2,Healthcare,https://www.fiercebiotech.com/biotech/fierce-biotech-layoff-tracker-2022,Series E,459,United States,2022-11-29T04:18:07.000Z,
Splyt,"London, Non-U.S.",57,2022-11-18,,Transportation,https://www.linkedin.com/posts/philipp-mintchin-27b0b943_since-the-beginning-of-the-pandemic-in-2020-activity-7000407838200147968-vFMO/,Series B,34,United Kingdom,2023-01-18T23:20:51.000Z,
Capitolis,New York City,,2022-11-18,0.25,Finance,https://www.risk.net/derivatives/7955234/capitolis-cuts-workforce-by-25-as-bear-market-bites,Series D,281,United States,2022-12-15T02:14:54.000Z,
Kavak,"Sao Paulo, Non-U.S.",,2022-11-18,,Transportation,https://businessinsider.mx/kavak-despidos-compra-autos-crisis_negocios/,Series E,1600,Brazil,2022-11-20T00:03:44.000Z,
Metaplex,Chicago,,2022-11-18,,Crypto,https://ambcrypto.com/solana-nft-protocol-metaplex-announces-layoffs-after-ftxs-collapse/,Unknown,,United States,2022-11-20T00:01:42.000Z,
Ruangguru,"Jakarta, Non-U.S.",,2022-11-18,,Education,https://www.techinasia.com/ruangguru-lays-hundreds-employees,Unknown,205,Indonesia,2022-11-21T05:53:59.000Z,
StoryBlocks,Washington D.C.,,2022-11-18,0.25,Media,https://www.linkedin.com/feed/update/urn:li:activity:6999412858606256129/,Acquired,18,United States,2022-11-19T23:57:34.000Z,
Unchained Capital,Austin,,2022-11-18,0.15,Crypto,https://unchained.com/blog/update-from-our-ceo/,Series A,33,United States,2023-01-24T05:21:07.000Z,
Roku,SF Bay Area,200,2022-11-17,0.07,Media,https://variety.com/2022/digital/news/roku-layoffs-200-employees-1235435468/amp/,Post-IPO,208,United States,2022-11-17T17:12:59.000Z,
Orchard,New York City,180,2022-11-17,,Real Estate,https://www.inman.com/2022/11/17/orchard-lays-off-180-workers-amid-historic-housing-disruption/,Series D,472,United States,2022-11-18T05:15:08.000Z,
Homepoint,Phoenix,113,2022-11-17,,Real Estate,https://www.bizjournals.com/phoenix/news/2022/11/17/homepoint-laying-off-az-employees-interest-rates.html,Post-IPO,,United States,2022-11-19T23:33:13.000Z,
Juni,"Gothenburg, Non-U.S.",72,2022-11-17,0.33,Finance,https://www.finextra.com/newsarticle/41340/juni-joins-fintech-bloodbath-lays-off-a-third-of-staff,Unknown,281,Sweden,2022-11-19T23:28:55.000Z,
Chili Piper,New York City,58,2022-11-17,,Sales,https://www.linkedin.com/feed/update/urn:li:activity:6999112600667983872/,Series B,54,United States,2022-11-17T21:34:39.000Z,
Capitolis,New York City,37,2022-11-17,0.25,Finance,https://www.themarker.com/technation/2022-11-17/ty-article/.premium/00000184-8592-d309-afe7-a597c17f0000,Series D,281,United States,2022-11-18T05:18:34.000Z,
TealBook,"Toronto, Non-U.S.",34,2022-11-17,0.19,Other,https://www-theglobeandmail-com.cdn.ampproject.org/c/s/www.theglobeandmail.com/amp/business/article-symend-tealbook-latest-canadian-tech-startups-to-cut-staff-amid-market/,Series B,73,Canada,2022-11-17T17:26:04.000Z,
Koho,"Toronto, Non-U.S.",15,2022-11-17,0.04,Finance,https://betakit.com/canadian-tech-layoffs-continue-as-tough-year-comes-to-a-close/,Series D,278,Canada,2022-11-20T00:17:18.000Z,
&Open,"Dublin, Non-U.S.",9,2022-11-17,0.09,Marketing,https://www.irishtimes.com/technology/2022/11/17/gifting-platform-open-to-cut-nine-roles-from-global-workforce/,Series A,35,Ireland,2022-12-01T06:17:41.000Z,
Kandji,San Diego,,2022-11-17,0.17,Other,Internal memo,Series C,188,United States,2022-11-19T23:51:59.000Z,
Morning Brew,New York City,,2022-11-17,0.14,Media,https://twitter.com/maxwelltani/status/1593236660627861504,Acquired,,United States,2022-11-19T23:32:15.000Z,
Symend,"Calgary, Non-U.S.",,2022-11-17,0.13,Other,https://www-theglobeandmail-com.cdn.ampproject.org/c/s/www.theglobeandmail.com/amp/business/article-symend-tealbook-latest-canadian-tech-startups-to-cut-staff-amid-market/,Series C,148,Canada,2022-11-17T17:25:06.000Z,
Amazon,Seattle,10000,2022-11-16,0.03,Retail,https://www.nytimes.com/2022/11/14/technology/amazon-layoffs.html,Post-IPO,108,United States,2022-11-16T17:40:58.000Z,
Cisco,SF Bay Area,4100,2022-11-16,0.05,Infrastructure,https://www.bizjournals.com/sanjose/news/2022/11/16/cisco-announces-600m-restructuring-layoffs.html,Post-IPO,2,United States,2022-11-17T17:15:04.000Z,
Twiga,"Nairobi, Non-U.S.",211,2022-11-16,0.21,Food,https://techcrunch.com/2022/11/16/kenyas-twiga-dismisses-in-house-sales-team-affecting-21-of-it-employees/,Series C,157,Kenya,2022-11-30T06:02:41.000Z,
Wayflyer,"Dublin, Non-U.S.",200,2022-11-16,0.4,Marketing,https://sifted.eu/articles/wayflyer-layoffs-global-2022/,Unknown,889,Ireland,2022-11-17T00:29:46.000Z,
Similarweb,New York City,120,2022-11-16,0.1,Other,https://en.globes.co.il/en/article-similarweb-cuts-10-of-workforce-1001430060,Post-IPO,235,United States,2022-11-17T04:16:20.000Z,
Salsify,Boston,90,2022-11-16,0.11,Retail,https://www.bizjournals.com/boston/inno/stories/news/2022/11/16/salsify-layoffs-2022.html,Series F,452,United States,2022-11-17T00:32:56.000Z,
Lokalise,Dover,76,2022-11-16,0.23,Other,https://lokalise.com/blog/changes-at-lokalise/,Series B,56,United States,2022-11-17T04:19:10.000Z,
Yotpo,New York City,70,2022-11-16,0.09,Marketing,https://www.calcalistech.com/ctechnews/article/hy00chefus,Unknown,436,United States,2022-11-17T17:19:30.000Z,
Pear Therapeutics,Boston,59,2022-11-16,0.22,Healthcare,https://www.fiercebiotech.com/medtech/pear-therapeutics-trims-workforce-another-22,Post-IPO,409,United States,2022-12-11T06:17:19.000Z,
D2L,"Waterloo, Non-U.S.",,2022-11-16,0.05,Education,https://www.d2l.com/newsroom/a-note-from-d2l-leadership/,Post-IPO,168,Canada,2022-11-17T02:45:04.000Z,
Dance,"Berlin, Non-U.S.",,2022-11-16,0.16,Transportation,https://www.linkedin.com/feed/update/activity:6998722842930356225/,Unknown,63,Germany,2022-11-17T04:18:04.000Z,
Homeward,Austin,,2022-11-16,0.25,Real Estate,https://www.linkedin.com/feed/update/urn:li:activity:6998764085748101121/,Unknown,501,United States,2022-11-19T23:55:01.000Z,
Hopin,"London, Non-U.S.",,2022-11-16,0.17,Other,https://www.exhibitionworld.co.uk/hopin-announces-new-layoffs-and-a-transformation-with-new-product-launches,Series D,1000,United Kingdom,2022-11-17T01:00:45.000Z,
Infogrid,"London, Non-U.S.",,2022-11-16,,Other,https://www.infogrid.io/blog/a-letter-from-infogrids-ceo-will,Series A,15,United Kingdom,2022-12-03T05:15:07.000Z,
Kite,SF Bay Area,,2022-11-16,1,Product,https://www.kite.com/blog/product/kite-is-saying-farewell/,Series A,21,United States,2022-11-25T04:06:03.000Z,
UiPath,New York City,241,2022-11-15,0.06,Data,https://www.marketwatch.com/story/uipath-stock-rockets-after-company-announces-further-layoffs-suggests-revenue-could-beat-2022-11-15,Post-IPO,2000,United States,2022-11-17T00:00:16.000Z,
Asana,SF Bay Area,180,2022-11-15,0.09,Other,https://www.linkedin.com/posts/anneraimondi_earlier-today-we-shared-the-incredibly-difficult-activity-6998297745270718465-a_MV/,Post-IPO,453,United States,2022-11-15T16:36:21.000Z,
OwnBackup,New York City,170,2022-11-15,0.17,Security,https://www.calcalistech.com/ctechnews/article/h12tcmbuj,Series E,507,United States,2022-11-17T00:15:22.000Z,
Deliveroo Australia,"Melbourne, Victoria",120,2022-11-15,1,Food,https://www.abc.net.au/news/2022-11-16/deliveroo-enters-voluntary-administration/101661932,Post-IPO,1700,Australia,2022-11-17T17:09:00.000Z,
Productboard,SF Bay Area,100,2022-11-15,0.2,Product,https://cc.cz/cesky-startup-productboard-propousti-100-lidi-je-to-nejtezsi-rozhodnuti-kariery-rika-hubert-palan/,Series D,,United States,2022-11-17T00:25:16.000Z,
Properly,"Toronto, Non-U.S.",71,2022-11-15,,Real Estate,https://inside.properly.ca/important-changes-to-the-properly-team-3c2d04191dd6,Series B,154,Canada,2022-11-17T00:21:03.000Z,
Protocol,SF Bay Area,60,2022-11-15,1,Media,https://www.cnn.com/2022/11/15/media/protocol/index.html,Acquired,,United States,2022-11-15T18:19:53.000Z,
Jimdo,"Hamburg, Non-U.S.",50,2022-11-15,0.16,Other,https://www.businessinsider.de/gruenderszene/business/entlassungswelle-jimdo-november/,Unknown,28,Germany,2022-11-17T00:05:36.000Z,
The Zebra,Austin,50,2022-11-15,,Finance,https://coverager.com/the-zebra-goes-through-another-round-of-layoffs/,Series D,256,United States,2022-11-17T00:19:19.000Z,
Viber,"Luxembourg, Non-U.S.",45,2022-11-15,0.08,Consumer,https://www.calcalistech.com/ctechnews/article/hyy6fhwlo,Acquired,,Luxembourg,2022-11-17T00:16:50.000Z,
CaptivateIQ,SF Bay Area,31,2022-11-15,0.1,Sales,Internal memo,Series C,164,United States,2022-11-17T00:40:50.000Z,
Apollo Insurance,"Vancouver, Non-U.S.",,2022-11-15,0.25,Finance,https://www.insurancebusinessmag.com/ca/news/breaking-news/apollo-insurance-makes-layoffs-427596.aspx,Series B,11,Canada,2022-11-20T00:15:00.000Z,
Nirvana Money,Miami,,2022-11-15,1,Finance,https://twitter.com/_Liso_/status/1592561040898019328,Unknown,,United States,2022-11-16T00:08:40.000Z,
Oatly,"Malmö, Non-U.S.",,2022-11-15,,Food,https://www.cnn.com/2022/11/15/business-food/oatly-q3-2022-results/index.html,Post-IPO,441,Sweden,2022-11-17T00:02:43.000Z,
OfferUp,Seattle,,2022-11-15,0.19,Retail,https://www.geekwire.com/2022/more-tech-layoffs-hit-seattle-region-as-mobile-marketplace-offerup-cuts-19-of-workforce/,Unknown,381,United States,2022-11-17T00:19:49.000Z,
Outside,Boulder,,2022-11-15,0.12,Media,https://www.crunchbase.com/organization/pocket-outdoor-media,Series B,174,United States,2022-11-17T04:41:17.000Z,
Rubicon Technologies,Lexington,,2022-11-15,0.11,Other,https://www.sec.gov/Archives/edgar/data/1862068/000182912622019365/rubicontech_8k.htm,Post-IPO,382,United States,2022-11-19T23:30:59.000Z,
Tencent,"Shenzen, Non-U.S.",,2022-11-15,,Consumer,https://www.reuters.com/technology/chinas-tencent-starts-new-round-layoffs-sources-2022-11-15/,Post-IPO,12600,China,2022-11-17T04:26:40.000Z,
Typeform,"Barcelona, Non-U.S.",,2022-11-15,,Marketing,Internal memo,Series C,187,Spain,2022-11-17T00:35:58.000Z,
Whispir,"Melbourne, Non-U.S.",,2022-11-15,0.3,Other,https://www.afr.com/technology/whispir-cuts-30pc-of-staff-shares-surge-40pc-20221115-p5byfw,Post-IPO,68,Australia,2022-11-17T00:38:44.000Z,
Illumina,San Diego,500,2022-11-14,0.05,Healthcare,https://www.genomeweb.com/business-news/illumina-lays-approximately-500-employees-response-economic-climate#.Y4FAPOzMJjM,Post-IPO,28,United States,2022-11-17T00:51:24.000Z,
Sema4,Stamford,500,2022-11-14,,Healthcare,https://www.marketwatch.com/story/sema4-to-cut-500-jobs-in-exit-from-reproductive-women-s-health-testing-smfr-271668433348?mod=markets,Post-IPO,791,United States,2022-11-14T17:34:33.000Z,
iFit,Logan,300,2022-11-14,0.2,Fitness,https://www.sltrib.com/news/2022/11/14/hundreds-utah-jobs-cut-logans/,Private Equity,200,United States,2022-11-17T00:04:02.000Z,
Ribbon,New York City,170,2022-11-14,0.85,Real Estate,https://www.businessinsider.com/ribbon-more-layoffs-proptech-startup-economic-uncertainty-2022-11,Series C,405,United States,2022-11-22T04:26:33.000Z,
Pipedrive,"Tallinn, Non-U.S.",143,2022-11-14,0.15,Sales,https://digipro.geenius.ee/rubriik/uudis/tehnoloogiasektori-koondamislaine-joudis-ka-eestisse-pipedrive-laseb-lahti-143-tootajat/,Private Equity,90,Estonia,2022-11-15T04:26:21.000Z,
Intercom,SF Bay Area,124,2022-11-14,0.13,Support,https://www.siliconrepublic.com/business/intercom-job-cuts-ireland-global,Series D,240,United States,2022-11-14T19:32:41.000Z,
Science 37 ,Los Angeles,90,2022-11-14,,Healthcare,https://www.bizjournals.com/triangle/news/2022/11/14/science-37-layoffs-biotech-clinical-headwinds.html,Post-IPO,347,United States,2022-11-14T19:31:26.000Z,
Pear Therapeutics,Boston,59,2022-11-14,0.22,Healthcare,https://peartherapeutics.com/pear-therapeutics-reports-third-quarter-2022-results/,Post-IPO,409,United States,2022-11-17T04:34:57.000Z,
Cardlytics,Atlanta,51,2022-11-14,,Marketing,https://www.marketscreener.com/quote/stock/CARDLYTICS-INC-40680969/news/Cardlytics-to-Terminate-51-Employees-Appoints-John-Balen-Chairman-Shares-up-After-Hours-42312731/,Post-IPO,212,United States,2022-11-15T04:36:23.000Z,
Cloudinary,SF Bay Area,40,2022-11-14,0.08,Media,"https://www.calcalistech.com/ctechnews/article/h1sioa1li#:~:text=Israeli%20unicorn%20Cloudinary%2C%20which%20has,total%20of%20around%2040%20employees.",Unknown,100,United States,2022-11-17T04:25:33.000Z,
Nestcoin,"Lagos, Non-U.S.",30,2022-11-14,,Crypto,https://techcrunch.com/2022/11/14/african-web3-startup-nestcoin-declares-it-held-its-assests-in-ftx-lays-off-employees/,Seed,6,Nigeria,2022-11-20T00:07:49.000Z,
Gokada,"Lagos, Non-U.S.",20,2022-11-14,,Transportation,https://techcabal.com/2023/02/02/gokada-layoffs-affects-54/,Unknown,12,Nigeria,2023-02-02T16:36:15.000Z,
Shopee,"Jakarta, Non-U.S.",,2022-11-14,,Food,https://www.straitstimes.com/business/sea-e-commerce-arm-shopee-cuts-jobs-in-third-round-of-layoffs-this-year-including-in-s-pore,Unknown,,Indonesia,2022-11-15T04:44:20.000Z,
Tricida,SF Bay Area,,2022-11-14,0.5700000000000001,Healthcare,https://seekingalpha.com/pr/19020683-tricida-announces-third-quarter-2022-financial-results,Post-IPO,624,United States,2023-01-19T04:12:32.000Z,
Veev,SF Bay Area,100,2022-11-11,0.3,Real Estate,https://www.calcalistech.com/ctechnews/article/hjkataiss,Series D,597,United States,2022-11-12T02:57:34.000Z,
Forto,"Berlin, Non-U.S.",60,2022-11-11,0.08,Logistics,https://www.deutsche-startups.de/2022/11/11/forto-delivery-hero-stuffle-burnout-hr-startups/,Series D,593,Germany,2023-01-04T15:56:09.000Z,
Chipax,"Santiago, Non-U.S.",,2022-11-11,,Finance,https://www.linkedin.com/posts/chipax_talento-disponible-chipax-activity-7003341302985551872-45cE/,Seed,2,Chile,2022-12-14T17:59:53.000Z,
Juniper,Atlanta,,2022-11-11,,Marketing,https://www.linkedin.com/posts/bill-furlong-0895451_juniper-announced-layoffs-today-impacting-activity-6997051846091554816-XniX/,Acquired,,United States,2022-11-17T04:28:59.000Z,
Offerpad,Phoenix,,2022-11-11,0.07,Real Estate,https://www.bizjournals.com/phoenix/news/2022/11/11/offerpad-zillow-opendoor-redfin-arizona-layoffs.html,Post-IPO,355,United States,2022-11-17T02:43:48.000Z,
GoTo Group,"Jakarta, Non-U.S.",1300,2022-11-10,0.12,Transportation,https://www.reuters.com/technology/indonesias-goto-cuts-1300-workers-or-12-total-employees-2022-11-18/,Post-IPO,1300,Indonesia,2022-11-11T05:06:07.000Z,
Juul,SF Bay Area,400,2022-11-10,0.3,Consumer,https://www.cnbc.com/2022/11/10/juul-strikes-financing-deal-plans-to-cut-jobs-to-dodge-bankruptcy.html,Unknown,1500,United States,2022-11-10T22:01:09.000Z,
Blend,SF Bay Area,100,2022-11-10,0.06,Finance,https://www.housingwire.com/articles/blend-reports-133-98-million-loss-in-q3-layoffs-of-100-positions/,Post-IPO,665,United States,2022-12-09T05:11:03.000Z,
InfluxData,SF Bay Area,65,2022-11-10,0.27,Data,Internal memo,Series D,119,United States,2022-11-12T04:19:56.000Z,
Coinbase,SF Bay Area,60,2022-11-10,,Crypto,https://www.theinformation.com/articles/coinbase-is-cutting-more-jobs,Post-IPO,549,United States,2022-11-10T19:40:04.000Z,
SoundHound,SF Bay Area,45,2022-11-10,0.1,Other,https://techcrunch.com/2022/11/10/soundhound-layoffs/,Post-IPO,326,United States,2022-11-10T16:28:16.000Z,
Wistia,Boston,40,2022-11-10,,Marketing,https://www.linkedin.com/feed/update/urn:li:activity:6996584795774328832/,Unknown,18,United States,2022-11-11T00:46:16.000Z,
Ocavu,Lehi,20,2022-11-10,0.48,Crypto,https://www.sltrib.com/news/2022/11/10/company-partnering-with-byu-nft/,Series A,11,United States,2022-11-12T04:10:36.000Z,
Avast,Phoenix,,2022-11-10,0.25,Security,https://cijeurope.com/en/gen-digital-to-lay-off-about-a-quarter-of-its-staff-in-czechia/post.html,Unknown,,United States,2022-11-17T04:19:58.000Z,
Reforge,SF Bay Area,,2022-11-10,,Education,https://www.linkedin.com/posts/bbalfour_today-i-made-the-difficult-decision-to-activity-6996635113606316033-aQuf/,Series B,81,United States,2022-11-12T03:12:20.000Z,
SendCloud,"Eindhoven, Non-U.S.",,2022-11-10,0.1,Logistics,https://www.linkedin.com/posts/robvandenheuvel92_the-past-weeks-have-been-hard-on-our-team-activity-6996417331459457026-QXWF/,Series C,200,Netherlands,2022-11-10T23:09:11.000Z,
Voly,"Sydney, Non-U.S.",,2022-11-10,,Food,https://www.news.com.au/finance/business/retail/australian-grocery-delivery-startup-cuts-more-staff-after-18m-fundraise/news-story/694e7bdd0241e76b43a36a75e58a2287,Seed,13,Australia,2022-11-17T00:08:02.000Z,
Wavely,SF Bay Area,,2022-11-10,1,HR,https://www.wavely.com/talentresources/wavely-shutting-down,Unknown,,United States,2022-11-11T05:10:40.000Z,
ZenBusiness,Austin,,2022-11-10,,Other,https://www.bizjournals.com/austin/inno/stories/news/2022/11/10/layoffs-at-zenbusiness.html,Series C,277,United States,2022-11-11T05:08:54.000Z,
Meta,SF Bay Area,11000,2022-11-09,0.13,Consumer,https://www.cnbc.com/2022/11/09/meta-to-lay-off-more-than-11000-thousand-employees.html,Post-IPO,26000,United States,2022-11-09T15:04:03.000Z,
Redfin,Seattle,862,2022-11-09,0.13,Real Estate,https://www.businessinsider.com/redfin-layoffs-home-flipping-business-redfinnow-shut-down-2022-11,Post-IPO,320,United States,2022-11-09T15:29:40.000Z,
Flyhomes,Seattle,300,2022-11-09,0.4,Real Estate,https://www.geekwire.com/2022/flyhomes-does-another-round-of-layoffs-as-housing-market-hurts-real-estate-tech-companies/,Series C,310,United States,2022-11-10T00:52:16.000Z,
AvantStay,Los Angeles,144,2022-11-09,0.22,Travel,https://shorttermrentalz.com/news/avantstay-workforce-redundancies-round/,Private Equity,686,United States,2022-11-11T00:09:45.000Z,
Root Insurance,Columbus,137,2022-11-09,0.2,Finance,https://www.dispatch.com/story/business/employment/2022/11/09/columbus-company-root-to-cut-20-of-its-workforce/69635184007/,Post-IPO,527,United States,2022-11-10T00:53:00.000Z,
Liftoff,SF Bay Area,130,2022-11-09,0.15,Marketing,Internal memo,Acquired,6,United States,2022-11-17T00:34:12.000Z,
Cameo,Chicago,80,2022-11-09,,Consumer,https://www.theinformation.com/briefings/cameo-lays-off-staff-for-second-time-this-year,Unknown,165,United States,2022-11-09T20:15:52.000Z,
Plum,"Bengaluru, Non-U.S.",36,2022-11-09,0.1,Healthcare,https://www.moneycontrol.com/news/business/announcements/tiger-global-backed-plum-insurance-lays-off-36-employees-9478371.html,Series A,20,India,2022-11-11T00:04:51.000Z,
Kabam,SF Bay Area,35,2022-11-09,0.07,Consumer,https://techcrunch.com/2022/11/09/kabam-layoffs/,Acquired,244,United States,2022-11-09T21:14:41.000Z,
HighRadius,"Bengaluru, Non-U.S.",25,2022-11-09,,Finance,https://www.newindianexpress.com/business/2022/nov/17/indian-employees-of-us-based-software-firm-highradius-furious-and-upset-over-manner-they-were-sacked-2519198.html,Series C,475,India,2022-12-07T06:24:42.000Z,
Namogoo,"Tel Aviv, Non-U.S.",25,2022-11-09,0.15,Marketing,https://www.calcalistech.com/ctechnews/article/hjjawkyri,Series C,69,Israel,2023-01-24T05:25:30.000Z,
Amobee,SF Bay Area,,2022-11-09,,Marketing,https://www.linkedin.com/feed/update/urn:li:activity:6996113373260054528/,Acquired,72,United States,2022-11-13T06:49:04.000Z,
CloudFactory,"Nairobi, Non-U.S.",,2022-11-09,0.12,Data,https://time.com/6234014/tech-layoffs-twitter-amazon-global-workers/,Private Equity,78,Kenya,2022-11-20T00:10:45.000Z,
Coursera,SF Bay Area,,2022-11-09,,Education,https://blog.coursera.org/changes-to-the-coursera-team/,Post-IPO,458,United States,2022-11-10T01:02:29.000Z,
Faze Medicines,Boston,,2022-11-09,1,Healthcare,https://www.bizjournals.com/boston/news/2022/11/09/faze-medicines-shutdown-third-rock-ventures.html,Series B,81,United States,2022-11-12T02:58:46.000Z,
RingCentral,SF Bay Area,,2022-11-09,0.1,Other,https://www.barrons.com/articles/ringcentral-cuts-staff-earnings-51668030815,Post-IPO,44,United States,2022-11-10T16:33:18.000Z,
Spotify,"Stockholm, Non-U.S.",,2022-11-09,,Media,https://www.digitalmusicnews.com/2022/11/09/spotify-layoffs-november-2022/,Post-IPO,2100,Sweden,2022-11-10T23:10:26.000Z,
EverBridge,Boston,200,2022-11-08,,Other,https://www.bizjournals.com/boston/news/2022/11/08/everbridge-to-lay-off-200-workers.html,Post-IPO,476,United States,2023-01-19T04:46:16.000Z,
Repertoire Immune Medicines,Boston,65,2022-11-08,0.5,Healthcare,https://www.bizjournals.com/boston/news/2022/11/07/repertoire-immune-medicines-layoffs-2022-biotech.html,Series B,257,United States,2022-11-09T00:42:29.000Z,
Astra,SF Bay Area,,2022-11-08,0.16,Aerospace,https://www.linkedin.com/posts/chrisckemp_today-we-made-the-difficult-decision-to-activity-6995868932138033153-knfZ/,Post-IPO,300,United States,2022-11-09T00:43:26.000Z,
Beat,"Athens, Non-U.S.",,2022-11-08,,Transportation,https://www.linkedin.com/posts/thebeatapp_hello-from-beat-we-would-like-to-share-activity-6995832143574622208--0fX/,Series B,6,Greece,2022-11-11T00:45:27.000Z,
NanoString,Seattle,,2022-11-08,0.1,Healthcare,https://www.genomeweb.com/business-news/nanostring-technologies-delivers-underwhelming-q3-lays-10-percent-workforce#.Y3MWTuzMK58,Post-IPO,731,United States,2022-11-17T00:09:01.000Z,
SADA,Los Angeles,,2022-11-08,0.11,Other,https://www.linkedin.com/posts/safoian_today-we-say-goodbye-to-11-of-our-sada-activity-6995835385201213440-MTMJ/,Acquired,,United States,2022-11-09T03:44:26.000Z,
Salesforce,SF Bay Area,1000,2022-11-07,0.01,Sales,https://www.cnbc.com/2022/11/08/salesforce-cut-hundreds-of-employees-on-monday.html,Post-IPO,65,United States,2022-11-09T03:37:16.000Z,
Unacademy,"Bengaluru, Non-U.S.",350,2022-11-07,0.1,Education,https://economictimes.indiatimes.com/tech/startups/unacademy-cuts-another-350-jobs-in-second-round-of-layoffs/articleshow/95361443.cms,Series H,838,India,2022-11-07T15:09:45.000Z,
Zendesk,SF Bay Area,350,2022-11-07,0.05,Support,https://twitter.com/GergelyOrosz/status/1589676662593302528,Acquired,85,United States,2022-11-07T20:13:08.000Z,
Dock,"Sao Paulo, Non-U.S.",190,2022-11-07,0.12,Finance,https://www.infomoney.com.br/negocios/exclusivo-startup-dock-nao-passa-ilesa-e-faz-demissao-em-massa/,Private Equity,280,Brazil,2022-11-08T21:59:35.000Z,
Code42,Minneapolis,,2022-11-07,0.15,Security,https://www.startribune.com/minneapolis-tech-firm-code42-lays-off-15-of-workforce/600222811/,Unknown,137,United States,2022-11-08T04:35:50.000Z,
Domino Data Lab,SF Bay Area,,2022-11-07,0.25,Data,https://docs.google.com/spreadsheets/d/1YKzaAkolJv-rem3UidjYFKk6VW1FyITeTAJrc8z0_Xc/edit#gid=0,Series F,223,United States,2022-11-08T21:56:41.000Z,
Varonis,New York City,110,2022-11-06,0.05,Security,https://www.calcalistech.com/ctechnews/article/hjfkkmrbo,Post-IPO,30,United States,2022-11-06T18:20:41.000Z,
Brainly,"Krakow, Non-U.S.",25,2022-11-06,,Education,https://www.newindianexpress.com/lifestyle/tech/2022/nov/06/poland-based-ed-tech-platform-brainly-fires-nearly-all-staff-in-india-2515584.html,Series D,148,Poland,2022-11-07T15:10:51.000Z,
Practically,"Hyderabad, Non-U.S.",,2022-11-06,,Education,https://www.moneycontrol.com/news/business/startup/k-12-edtech-firm-practically-lays-off-staffers-holds-salaries-citing-funds-crunch-9457711.html,Unknown,14,India,2022-11-06T18:21:49.000Z,
Twitter,SF Bay Area,3700,2022-11-04,0.5,Consumer,https://www.nytimes.com/2022/11/04/technology/elon-musk-twitter-layoffs.html,Post-IPO,12900,United States,2022-11-04T14:48:05.000Z,
Udaan,"Bengaluru, Non-U.S.",350,2022-11-04,,Retail,https://inc42.com/buzz/udaan-fires-350-employees-in-second-wave-of-layoffs-this-year/,Unknown,1500,India,2022-11-05T03:35:56.000Z,
Planetly,"Berlin, Non-U.S.",200,2022-11-04,1,Other,https://www.axios.com/pro/climate-deals/2022/11/04/planetly-shuts-down-layoffs-carbon-accounting,Acquired,5,Germany,2022-11-05T04:16:18.000Z,
KoinWorks,"Jakarta, Non-U.S.",70,2022-11-04,0.08,Finance,https://www.techinasia.com/koinworks-layoff-2022,Unknown,180,Indonesia,2022-11-27T23:31:11.000Z,
Exodus,Nebraska City,59,2022-11-04,0.22,Crypto,https://www.exodus.com/news/exodus-restructure/,Unknown,60,United States,2022-11-12T03:13:26.000Z,
Benitago Group,New York City,,2022-11-04,0.14,Retail,https://techcrunch.com/2022/11/04/benitago-group-lay-off-employees/,Series A,380,United States,2022-11-05T04:53:50.000Z,
Mythical Games,Los Angeles,,2022-11-04,0.1,Crypto,https://www.bloomberg.com/news/articles/2022-11-04/blockchain-game-studio-mythical-games-cuts-10-of-staff,Series C,260,United States,2022-11-06T18:04:58.000Z,
Stripe,SF Bay Area,1000,2022-11-03,0.14,Finance,https://www.bloomberg.com/news/articles/2022-11-03/stripe-cutting-headcount-by-14-as-it-readies-for-leaner-times,Series H,2300,United States,2022-11-03T14:49:15.000Z,
Lyft,SF Bay Area,700,2022-11-03,0.13,Transportation,https://www.wsj.com/articles/lyft-plans-to-lay-off-hundreds-of-staffers-11667490092,Post-IPO,4900,United States,2022-11-03T15:55:24.000Z,
LendingTree,Charlotte,200,2022-11-03,,Finance,https://investors.lendingtree.com/static-files/b06a0e39-53f1-480a-867f-230222a6a84c,Post-IPO,,United States,2023-01-23T23:20:10.000Z,
Pleo,"Copenhagen, Non-U.S.",150,2022-11-03,0.15,Finance,https://www.finextra.com/newsarticle/41262/danish-fintech-pleo-cuts-workforce-by-15,Series C,428,Denmark,2022-11-03T18:50:02.000Z,
Delivery Hero,"Berlin, Non-U.S.",100,2022-11-03,,Food,https://mobile.twitter.com/GergelyOrosz/status/1588220445039497222,Post-IPO,8300,Germany,2022-11-05T03:40:05.000Z,
Shippo,SF Bay Area,60,2022-11-03,0.2,Logistics,https://www.linkedin.com/posts/laurabehrenswu_today-we-made-the-difficult-decision-to-exit-activity-6994028038543851520-M9iZ/,Series E,154,United States,2022-11-04T00:29:59.000Z,
Affirm,SF Bay Area,,2022-11-03,0.01,Finance,https://www.theinformation.com/briefings/e-commerce-layoff-tally-mounts-with-faire-affirm-cuts,Post-IPO,1500,United States,2022-11-04T03:39:14.000Z,
CloudKitchens,Los Angeles,,2022-11-03,,Real Estate,https://www.businessinsider.com/travis-kalanick-cloudkitchens-startup-is-cutting-jobs-2022-11,Unknown,1300,United States,2022-11-04T21:23:07.000Z,
LiveRamp,SF Bay Area,,2022-11-03,0.1,Marketing,https://www.marketscreener.com/quote/stock/LIVERAMP-HOLDINGS-INC-54039111/news/LIVERAMP-HOLDINGS-INC-Costs-Associated-with-Exit-or-Disposal-Activities-form-8-K-42212180/,Post-IPO,16,United States,2022-11-05T03:47:05.000Z,
Provi,Chicago,,2022-11-03,,Food,https://www.chicagobusiness.com/technology/alcohol-ordering-startup-provi-sets-layoffs,Series C,150,United States,2022-11-05T03:33:44.000Z,
Rubius,Boston,,2022-11-03,0.8200000000000001,Healthcare,https://www.fiercebiotech.com/biotech/more-biotechs-hit-wall-rubius-lays-82-and-tricida-seeks-out-sale,Post-IPO,445,United States,2022-11-17T04:35:49.000Z,
Snapdocs,SF Bay Area,,2022-11-03,0.15,Real Estate,Internal memo,Series D,253,United States,2022-11-05T03:49:38.000Z,
Studio,SF Bay Area,,2022-11-03,,Education,https://www.linkedin.com/feed/update/urn:li:activity:6993982210890485760/,Series B,50,United States,2022-11-05T03:44:56.000Z,
Opendoor,SF Bay Area,550,2022-11-02,0.18,Real Estate,https://www.bloomberg.com/news/articles/2022-11-02/opendoor-lays-off-18-of-workers-in-wave-of-housing-cutbacks,Post-IPO,1900,United States,2022-11-02T17:07:34.000Z,
Chime,SF Bay Area,156,2022-11-02,0.12,Finance,https://www.theinformation.com/articles/chime-slashes-12-of-staff-marking-latest-casualty-in-fintech-meltdown,Series G,2300,United States,2022-11-02T17:29:00.000Z,
Chargebee,SF Bay Area,142,2022-11-02,0.1,Finance,https://techcrunch.com/2022/11/02/tiger-global-chargebee-layoffs/,Series H,468,United States,2022-11-03T04:24:31.000Z,
Dapper Labs,"Vancouver, Non-U.S.",134,2022-11-02,0.22,Crypto,https://betakit.com/dapper-labs-lays-off-22-percent-of-staff/,Series D,607,Canada,2022-11-03T04:18:43.000Z,
Checkmarx,"Tel Aviv, Non-U.S.",100,2022-11-02,0.1,Security,https://www.calcalistech.com/ctechnews/article/hjailhyri,Series C,92,Israel,2022-11-02T17:11:01.000Z,
Smava,"Berlin, Non-U.S.",100,2022-11-02,0.15,Finance,https://www.businessinsider.de/gruenderszene/fintech/smava-entlassungen-oktober/,Unknown,188,Germany,2022-11-03T04:29:36.000Z,
Iron Ox,SF Bay Area,50,2022-11-02,0.5,Food,https://techcrunch.com/2022/11/03/iron-ox-lays-off-50-amounting-to-nearly-half-its-staff/,Series C,103,United States,2022-11-03T04:27:09.000Z,
Digital Currency Gruop,Stamford,10,2022-11-02,0.13,Crypto,https://www.coindesk.com/business/2022/11/02/digital-currency-group-promotes-mark-murphy-to-president-cuts-nearly-13-staff-report/,Unknown,,United States,2022-11-03T05:00:29.000Z,
BitMEX,Non-U.S.,,2022-11-02,0.3,Crypto,https://www.theblock.co/post/181814/crypto-exchange-bitmex-cuts-part-of-workforce-following-ceo-departure-exclusive,Seed,0,Seychelles,2022-11-03T04:28:32.000Z,
Signicat,Trondheim,,2022-11-02,,Security,https://www.signicat.com/press-releases/signicat-to-realize-cost-synergies,Acquired,8,Norway,2022-11-07T19:11:58.000Z,
Argo AI,SF Bay Area,259,2022-11-01,,Transportation,https://www.bizjournals.com/sanjose/news/2023/01/03/argo-ai-lays-off-259-palo-alto-employes.html,Unknown,3600,United States,2023-01-05T06:44:33.000Z,
Booking.com,Grand Rapids,226,2022-11-01,,Travel,https://www.crainsdetroit.com/west-michigan/bookingcom-close-grand-rapids-area-facility-lay-226,Acquired,,United States,2022-11-03T04:16:26.000Z,
Oracle,SF Bay Area,200,2022-11-01,,Other,https://www.businessinsider.com/oracle-cloud-infrastructure-layoffs-200-employees-2022-11?IR=T,Post-IPO,,United States,2022-11-17T00:45:58.000Z,
Upstart,SF Bay Area,140,2022-11-01,0.07,Finance,https://techcrunch.com/2022/11/01/upstart-layoffs/,Post-IPO,144,United States,2022-11-01T19:40:37.000Z,
Gem,SF Bay Area,100,2022-11-01,0.33,Recruiting,https://www.theinformation.com/briefings/recruiting-startup-gem-cuts-a-third-of-workforce,Series C,148,United States,2022-11-01T19:35:06.000Z,
Oda,"Oslo, Non-U.S.",70,2022-11-01,0.18,Food,https://www.dn.no/handel/oda/oda-kutter-70-arsverk-ma-ha-ny-milliardinnsproytning/2-1-1344693?zephr_sso_ott=mwDa9x,Unknown,377,Sweden,2022-11-01T19:44:28.000Z,
Oda,"Oslo, Non-U.S.",70,2022-11-01,0.18,Food,https://shifter.no/nyheter/oda-sparker-70-og-henter-15-milliarder-kroner/262587,Unknown,477,Norway,2022-11-11T00:08:50.000Z,
Oda,"Oslo, Non-U.S.",70,2022-11-01,0.06,Food,https://norway.postsen.com/local/62256/Oda-lays-off-employees-to-collect-billions-of-dollars-%E2%80%93-E24.html,Unknown,479,Norway,2022-11-30T06:08:48.000Z,
Hootsuite,"Vancouver, Non-U.S.",50,2022-11-01,0.05,Marketing,Internal memo,Series C,300,Canada,2022-11-01T19:42:39.000Z,
Drop,"Toronto, Non-U.S.",24,2022-11-01,,Marketing,Internal memo,Series B,56,Canada,2022-11-03T04:31:06.000Z,
Tapps Games,"Sao Paulo, Non-U.S.",10,2022-11-01,,Consumer,https://dropsdejogos.uai.com.br/noticias/indie/tapps-games-demissoes/,Unknown,,Brazil,2023-01-21T00:44:28.000Z,
Brightline,SF Bay Area,,2022-11-01,0.2,Healthcare,https://bhbusiness.com/2022/11/01/virtual-pediatric-behavioral-health-startup-brightline-cuts-20-of-its-staff/,Series C,212,United States,2022-11-01T19:46:59.000Z,
Help Scout,Boston,,2022-11-01,,Support,https://www.linkedin.com/feed/update/urn:li:activity:6992877901922590720/,Series B,28,United States,2022-11-12T03:03:36.000Z,
Kry,"Stockholm, Non-U.S.",300,2022-10-31,0.1,Healthcare,https://www.dn.se/ekonomi/kry-sager-upp-runt-300-anstallda/,Series D,568,Sweden,2022-11-01T19:38:58.000Z,
Notarize,Boston,60,2022-10-31,,Legal,https://www.bizjournals.com/boston/news/2022/10/31/notarize-another-round-layoffs-this-year.html,Series D,213,United States,2022-11-01T04:02:41.000Z,
EquityZen,New York City,30,2022-10-31,0.27,Finance,https://www.axios.com/2022/10/31/scoop-layoffs-hit-startup-stock-marketplace-equityzen,Series B,11,United States,2022-11-01T03:59:31.000Z,
Equitybee,SF Bay Area,25,2022-10-31,0.2,Finance,https://www.calcalistech.com/ctechnews/article/hkrqontns,Series B,85,United States,2022-10-31T15:30:11.000Z,
Dukaan,"Bengaluru, Non-U.S.",23,2022-10-31,,Retail,https://www.vccircle.com/saasplatform-dukaan-lays-off-23-employees,Series A,17,India,2022-10-31T15:31:46.000Z,
Doubtnut,"Gurugram, Non-U.S.",,2022-10-31,0.3,Education,https://entrackr.com/2023/04/exclusive-doubtnut-slashes-costs-by-80-raises-2-5-mn-in-internal-round/,Series B,49,India,2023-04-14T03:01:09.000Z,
Amazon,Seattle,150,2022-10-28,,Retail,https://www.geekwire.com/2022/amazon-makes-staff-cuts-at-amp-the-app-it-launched-this-year-to-reimagine-radio/,Post-IPO,108,United States,2023-01-11T01:02:40.000Z,
Fifth Season,Pittsburgh,100,2022-10-28,1,Food,https://www.bizjournals.com/pittsburgh/news/2022/10/29/vertical-farming-startup-fifth-season-shuts-down.html,Series B,35,United States,2022-10-30T16:10:45.000Z,
Advata,Seattle,32,2022-10-28,0.21,Healthcare,https://www.geekwire.com/2022/seattle-area-health-data-analytics-company-advata-lays-off-employees/,,,United States,2022-10-31T15:28:43.000Z,
Springlane,"Düsseldorf, Non-U.S.",,2022-10-28,0.35000000000000003,Food,https://www.linkedin.com/posts/marius-till-fritzsche-4535214_90-30-40-das-ist-unser-wachstum-der-activity-6991732141092970496-owuK/,Series C,11,Germany,2022-10-28T16:06:20.000Z,
RenoRun,"Montreal, Non-U.S.",210,2022-10-27,0.43,Construction,https://www.theglobeandmail.com/business/article-renorun-canadian-tech-layoffs/,Series B,163,Canada,2022-10-28T15:47:37.000Z,
Recharge,Los Angeles,84,2022-10-27,0.17,Finance,https://rechargepayments.com/blog/a-message-from-oisin/,Series B,277,United States,2022-10-28T16:04:33.000Z,
Lattice,SF Bay Area,13,2022-10-27,,HR,Internal memo,Series F,328,United States,2022-11-03T04:21:45.000Z,
GoNuts,"Mumbai, Non-U.S.",,2022-10-27,1,Media,https://inc42.com/buzz/celebrity-engagement-startup-gonuts-shut-operations/,Seed,,India,2022-10-30T16:13:08.000Z,
Spreetail,Austin,,2022-10-27,,Retail,https://www.wearespreetail.com/blog/a-message-from-global-ceo-brett-thome,,,United States,2022-10-28T16:05:16.000Z,
Seagate,SF Bay Area,3000,2022-10-26,0.08,Hardware,https://www.cnbc.com/2022/10/26/seagate-will-cut-3000-employees-in-latest-sign-of-major-pc-and-cloud-slowdown.html,Post-IPO,,United States,2023-04-01T02:08:33.000Z,
MindBody,San Luis Obispo,400,2022-10-26,0.15,Fitness,https://www.sanluisobispo.com/news/business/article267890657.html,Post-IPO,114,United States,2022-10-26T23:22:40.000Z,
Zillow,Seattle,300,2022-10-26,0.05,Real Estate,https://techcrunch.com/2022/10/26/zillow-layoff-300-employees/,Post-IPO,97,United States,2022-10-26T17:36:15.000Z,
Cybereason,Boston,200,2022-10-26,0.17,Security,https://www.calcalistech.com/ctechnews/article/sjspj00uvs,Series F,750,United States,2022-10-26T15:10:46.000Z,
Argo AI,Pittsburgh,173,2022-10-26,,Transportation,https://www.autonews.com/mobility-report/argo-ai-lay-173-startup-folds,Unknown,3600,United States,2022-10-26T23:23:28.000Z,
GoFundMe,SF Bay Area,94,2022-10-26,0.12,Finance,https://www.gofundme.com/c/announcement,Series A,,United States,2022-10-26T23:13:47.000Z,
Carbon,SF Bay Area,,2022-10-26,,Hardware,https://3dprint.com/295233/layoffs-continue-with-3d-printing-double-unicorn-carbon/,Series E,683,United States,2023-01-04T15:53:58.000Z,
Fundbox,SF Bay Area,150,2022-10-25,0.42,Finance,https://www.calcalistech.com/ctechnews/article/sypou4svi,Series D,553,United States,2022-10-25T15:14:28.000Z,
Embroker,SF Bay Area,30,2022-10-25,0.12,Finance,https://www.theinsurer.com/news/insurtech-embroker-lays-off-12-of-global-workforce/25922.article,Series C,142,United States,2022-10-26T23:20:50.000Z,
Vee,"Tel Aviv, Non-U.S.",17,2022-10-25,0.5,HR,https://www.calcalistech.com/ctechnews/article/hju1ylrnj,Seed,15,Israel,2022-10-25T15:16:16.000Z,
Callisto Media,SF Bay Area,,2022-10-25,0.35000000000000003,Media,https://www.publishersweekly.com/pw/by-topic/industry-news/publisher-news/article/90722-after-massive-july-layoff-callisto-media-cuts-staff-further.html,Series D,,United States,2022-10-26T04:33:43.000Z,
Convoy,Seattle,,2022-10-25,,Logistics,https://www.geekwire.com/2022/convoy-lays-off-more-employees-as-part-of-reorganization-at-seattle-trucking-startup/,Series E,1100,United States,2022-10-25T15:13:12.000Z,
Philips,"Amsterdam, Non-U.S.",4000,2022-10-24,0.05,Healthcare,https://www.reuters.com/business/philips-cut-4000-jobs-after-medical-equipment-recall-2022-10-24/,Post-IPO,,Netherlands,2023-01-21T00:40:16.000Z,
Cerebral,SF Bay Area,400,2022-10-24,0.2,Healthcare,https://techcrunch.com/2022/10/24/telehealth-unicorn-cerebral-lays-off-20-of-staff-for-operational-efficiencies/,Series C,462,United States,2022-10-24T22:30:37.000Z,
Snyk,Boston,198,2022-10-24,0.14,Security,https://en.globes.co.il/en/article-cybersecurity-co-snyk-laying-off-14-of-workforce-1001427487,Series F,849,United States,2022-10-24T15:31:26.000Z,
McMakler,"Berlin, Non-U.S.",100,2022-10-24,,Real Estate,https://www.businessinsider.de/gruenderszene/business/mcmakler-neue-massenentlassungen-oktober-2022/,Unknown,214,Germany,2022-10-25T15:19:08.000Z,
Unico,"Sao Paulo, Non-U.S.",50,2022-10-24,0.04,Other,https://startups.com.br/noticias/unico-demite-na-area-de-vendas-e-reforca-equipe-de-tecnologia/,Series D,336,Brazil,2023-01-18T02:13:31.000Z,
OrCam,"Jerusalem, Non-U.S.",62,2022-10-23,0.16,Healthcare,https://www.calcalistech.com/ctechnews/article/ry5v11kgvo,Unknown,86,Israel,2022-10-24T02:19:31.000Z,
Antidote Health,"Tel Aviv, Non-U.S.",23,2022-10-23,0.38,Healthcare,https://www.calcalistech.com/ctechnews/article/s1xwokmvi,Unknown,36,Israel,2022-10-24T02:20:40.000Z,
Khoros,Austin,120,2022-10-21,0.1,Sales,https://www.bizjournals.com/austin/inno/stories/news/2022/10/21/report-layoffs-at-khoros.html,Private Equity,138,United States,2022-10-22T15:59:02.000Z,
F5,Seattle,100,2022-10-21,0.01,Security,https://www.geekwire.com/2022/f5-cutting-fewer-than-100-jobs-due-to-current-macroeconomic-environment/,Post-IPO,,United States,2022-11-17T04:21:12.000Z,
Elinvar,"Berlin, Non-U.S.",43,2022-10-21,0.33,Finance,https://financefwd.com/de/elinvar-entlassungen-funding/,Unknown,30,Germany,2022-10-24T02:23:26.000Z,
Synapsica,"New Delhi, Non-U.S.",30,2022-10-21,0.3,Healthcare,https://yourstory.com/2022/10/healthtech-startup-synapsica-layoffs-30-people-workforce/amp,Series A,4,India,2022-10-22T03:29:29.000Z,
Volta,SF Bay Area,,2022-10-21,0.54,Transportation,https://investors.voltacharging.com/news/news-details/2022/Volta-Provides-Update-on-Business-Realignment/default.aspx,Post-IPO,575,United States,2022-10-22T03:42:11.000Z,
Hotmart,"Belo Horizonte, Non-U.S.",227,2022-10-20,0.12,Marketing,https://www.bloomberglinea.com/english/brazils-tcv-backed-hotmart-cuts-12-of-staff-amid-drop-in-operational-efficiency/,Series C,127,Brazil,2022-10-22T03:31:53.000Z,
Zeus Living,SF Bay Area,64,2022-10-20,0.46,Real Estate,https://www.bizjournals.com/sanfrancisco/news/2022/10/20/zeus-living-egomotion-layoffs-flexliving-startup.html,Series C,151,United States,2022-10-21T02:23:15.000Z,
Loom,SF Bay Area,23,2022-10-20,0.11,Product,https://www.sfgate.com/bayarea/article/sf-based-loom-video-tech-unicorn-layoffs-17522993.php,Series C,203,United States,2022-10-20T21:56:52.000Z,
Sales Boomerang,Baltimore,20,2022-10-20,,Sales,https://www.housingwire.com/articles/layoffs-hit-sales-boomerang-mortgage-coach/,Private Equity,5,United States,2022-11-01T04:03:48.000Z,
Arrival,"London, Non-U.S.",,2022-10-20,,Transportation,https://www.ft.com/content/5278ba4a-49c0-4e99-bed1-68adfa658c62,Post-IPO,629,United Kingdom,2022-10-22T03:27:15.000Z,
Roofstock,SF Bay Area,,2022-10-20,0.2,Real Estate,https://www.sfgate.com/realestate/article/Controversial-Bay-Area-real-estate-unicorn-17525874.php,Series E,365,United States,2022-10-22T03:39:20.000Z,
Starry,Boston,,2022-10-20,0.5,Other,https://investors.starry.com/news/news-details/2022/Starry-Announces-Strong-Third-Quarter-2022-Operational-Results-Takes-Cost-Cutting-Measures-to-Conserve-Capital-as-It-Explores-Strategic-Options/default.aspx,Post-IPO,260,United States,2022-10-20T21:14:08.000Z,
Gopuff,Philadelphia,250,2022-10-19,,Food,https://www.bloomberg.com/news/articles/2022-10-19/gopuff-fires-hundreds-more-staff-in-third-round-of-layoffs,Series H,3400,United States,2022-10-20T23:17:54.000Z,
AtoB,SF Bay Area,32,2022-10-19,0.3,Finance,https://www.sfgate.com/bayarea/article/atob-lays-off-30-staff-17518327.php,Series B,177,United States,2022-10-19T16:00:36.000Z,
InfoSum,"London, Non-U.S.",20,2022-10-19,0.12,Security,https://www.businessinsider.com/infosum-lays-off-approximately-20-staff-amid-economic-uncertainty-2022-10,Series B,88,United Kingdom,2022-11-10T23:11:27.000Z,
Clever Real Estate,St. Louis,,2022-10-19,,Real Estate,https://www.bizjournals.com/stlouis/inno/stories/news/2022/10/19/clever-real-estate-layoffs-housing-market-slowdown.html,Series B,13,United States,2022-10-20T23:19:32.000Z,
Collibra,"Brussels, Non-U.S.",,2022-10-19,,Data,Internal memo,Series G,596,Belgium,2022-11-03T14:52:32.000Z,
Side,SF Bay Area,,2022-10-19,,Real Estate,https://therealdeal.com/la/2022/10/19/white-label-brokerage-side-confirms-new-round-of-layoffs/,Unknown,313,United States,2022-11-07T19:10:19.000Z,
Faire,SF Bay Area,84,2022-10-18,0.07,Retail,https://www.theinformation.com/briefings/e-commerce-layoff-tally-mounts-with-faire-affirm-cuts,Series G,1700,United States,2022-11-04T03:40:25.000Z,
Leafly,Seattle,56,2022-10-18,0.21,Retail,https://investor.leafly.com/news/news-details/2022/Leafly-Announces-Cost-Reductions-to-Strengthen-Financial-Profile/default.aspx,Post-IPO,71,United States,2022-10-19T16:03:30.000Z,
Ada Health,"Berlin, Non-U.S.",50,2022-10-17,,Healthcare,Internal memo,Series B,189,Germany,2022-10-26T15:08:03.000Z,
Tiendanube,Buenos Aires,50,2022-10-17,0.05,Marketing,https://tekiosmag.com/2022/10/17/unicornio-tiendanube-reduce-sus-operaciones-y-despide-al-5-de-su-plantilla/,Unknown,,Argentina,2022-11-06T18:23:06.000Z,
Microsoft,Seattle,,2022-10-17,,Other,https://www.cnbc.com/2022/10/18/microsoft-confirms-job-cuts-after-calling-for-growth-to-slow.html,Post-IPO,1,United States,2022-11-15T04:54:07.000Z,
Nuri,"Berlin, Non-U.S.",,2022-10-17,1,Crypto,https://www.crunchbase.com/organization/bitwala,Series B,42,Germany,2022-10-19T16:04:32.000Z,
Flipboard,SF Bay Area,24,2022-10-16,0.21,Media,https://www.axios.com/2022/10/17/flipboard-layoffs-21-percent-staff,Unknown,235,United States,2022-10-20T21:10:45.000Z,
Huawei,"Shenzen, Non-U.S.",,2022-10-16,,Hardware,https://www.thehindubusinessline.com/companies/huaweis-cut-down-on-employees-becomes-boon-for-competitors/article66018089.ece,Unknown,,China,2023-02-06T19:14:25.000Z,
Clear Capital,Reno,378,2022-10-14,0.27,Real Estate,https://techcrunch.com/2022/10/14/clear-capital-lays-off-27-of-its-global-staff/,Unknown,,United States,2022-10-15T19:27:22.000Z,
Beyond Meat,Los Angeles,200,2022-10-14,0.19,Food,https://www.cnbc.com/2022/10/14/beyond-meat-to-cut-19percent-of-its-workforce-as-sales-stock-struggle.html,Post-IPO,122,United States,2022-10-14T15:20:57.000Z,
Beyond Meat,Los Angeles,200,2022-10-14,0.19,Food,https://www.fooddive.com/news/beyond-meat-layoffs-cut-revenue-outlook/634141/,Post-IPO,122,United States,2023-11-07T04:17:28.000Z,
Flux Systems,"London, Non-U.S.",,2022-10-14,1,Finance,https://www.finextra.com/newsarticle/41132/flux-shuts-down-digital-receipts-network/payments,Unknown,9,United Kingdom,2022-10-15T02:21:57.000Z,
Qin1,"Noida, Non-U.S.",,2022-10-14,1,Education,https://inc42.com/buzz/exclusive-mayhem-in-edtech-sector-continues-coding-startup-qin1-shuts-down/,Seed,,India,2022-10-15T02:20:42.000Z,
Salesforce,SF Bay Area,90,2022-10-13,,Sales,https://www.protocol.com/bulletins/salesforce-layoffs-hiring-freeze,Post-IPO,65,United States,2022-10-14T00:15:15.000Z,
Playdots,New York City,65,2022-10-13,1,Consumer,https://www.theverge.com/2022/10/13/23403055/take-two-playdots-shut-down-close-two-dots-garden-tails,Acquired,10,United States,2022-11-05T03:52:49.000Z,
ExtraHop,Seattle,,2022-10-13,,Security,https://www.bizjournals.com/seattle/inno/stories/news/2022/10/13/extrahop-layoffs-2022-growing-sales.html,Series C,61,United States,2022-10-15T02:18:47.000Z,
Byju's,"Bengaluru, Non-U.S.",2500,2022-10-12,0.05,Education,https://techcrunch.com/2022/10/12/indian-edtech-giant-byjus-cuts-2500-jobs/,Private Equity,5500,India,2022-10-12T19:59:53.000Z,
6sense,SF Bay Area,150,2022-10-12,0.1,Sales,https://www.moneycontrol.com/news/business/startup/ai-platform-6sense-lays-off-150-employees-globally-including-several-from-india-9327791.html,Series E,426,United States,2022-10-14T15:21:45.000Z,
Sinch,"Stockholm, Non-U.S.",150,2022-10-12,,Other,https://uk.finance.yahoo.com/news/sinch-provides-further-details-cost-050000622.html?guccounter=1&guce_referrer=aHR0cHM6Ly93d3cuZ29vZ2xlLmNvbS8&guce_referrer_sig=AQAAADRwGUBG5kbOJSYKYLt0IB4O8FbUDo9ttkFRgcUELO6Gf8q-smbnt44fBnI2cQFSmYc-4WiXRXdWx6qJdy54DTsJ-irN2alA4VstuV5lfL5PxPrE0vqlEnbbUVGbcRKu_XA3zO7BBQ2GLIT4onEZtoyXzlECwxiIa5kcgNBN3ih4,Post-IPO,1500,Sweden,2023-02-01T05:29:24.000Z,
FrontRow,"Bengaluru, Non-U.S.",130,2022-10-12,0.75,Education,https://entrackr.com/2022/10/exclusive-frontrow-lays-off-75-of-workforce/,Series A,17,India,2022-10-13T04:25:19.000Z,
Noom,New York City,500,2022-10-11,0.1,Healthcare,https://techcrunch.com/2022/10/11/noom-tech-layoffs-diet-app/,Series F,657,United States,2022-10-12T03:36:23.000Z,
MX,Lehi,200,2022-10-11,,Finance,https://www.sltrib.com/news/2022/10/19/lehi-tech-company-mx-has-laid/,Series C,450,United States,2022-10-12T20:01:25.000Z,
Brex,SF Bay Area,136,2022-10-11,0.11,Finance,https://techcrunch.com/2022/10/11/fintech-brex-layoffs-restructuring/,Series D,1500,United States,2022-10-11T18:40:04.000Z,
Pacaso,SF Bay Area,100,2022-10-11,0.3,Real Estate,https://therealdeal.com/2022/10/13/pacaso-lays-off-100-workers-over-worries-of-a-pending-recession/,Series C,217,United States,2022-10-13T04:22:31.000Z,
Sketch,"The Hague, Non-U.S.",80,2022-10-11,,Other,https://www.linkedin.com/posts/sketchbv_its-with-heavy-hearts-that-we-share-some-activity-6985543891869429760-s8Az/,Series A,20,Netherlands,2022-10-11T15:12:37.000Z,
Udacity,SF Bay Area,55,2022-10-11,0.13,Education,https://www.udacity.com/blog/2022/10/a-note-from-sebastian.html,Unknown,235,United States,2022-10-11T15:14:13.000Z,
Linkfire,"Copenhagen, Non-U.S.",35,2022-10-11,0.35000000000000003,Marketing,https://view.news.eu.nasdaq.com/view?id=bc7bad5005a84b17bcf95ce24675c058c&lang=en,Seed,2,Denmark,2022-10-26T15:14:46.000Z,
Emitwise,"London, Non-U.S.",,2022-10-11,,Energy,https://www.businessinsider.com/london-based-carbon-accounting-startup-emitwise-cuts-jobs-2022-10,Series A,16,United Kingdom,2022-10-13T02:08:57.000Z,
GSR,"Hong Kong, Non-U.S.",,2022-10-11,,Crypto,https://www.coindesk.com/business/2022/10/11/market-maker-gsr-cuts-staff-amid-crypto-winter/,Unknown,,Hong Kong,2022-10-12T03:41:52.000Z,
VanHack,"Vancouver, Non-U.S.",,2022-10-11,,HR,https://www.linkedin.com/posts/ilyabrotzky_today-was-a-really-tough-day-at-vanhack-activity-6985704824071753730-zpcX/,Seed,,Canada,2022-10-14T00:18:36.000Z,
HelloFresh,SF Bay Area,611,2022-10-10,,Food,https://www.businessinsider.com/meal-kit-maker-hellofresh-to-lay-off-600-closes-california-facility-2022-10,Post-IPO,367,United States,2022-10-16T01:26:57.000Z,
SurveyMonkey,SF Bay Area,180,2022-10-10,0.11,Marketing,https://www.sec.gov/ix?doc=/Archives/edgar/data/1739936/000095017022019536/mntv-20221010.htm,Post-IPO,1100,United States,2022-10-13T15:47:54.000Z,
Pavilion Data,SF Bay Area,96,2022-10-10,0.96,Infrastructure,https://blocksandfiles.com/2022/10/10/pavilion-data-crashes-last-nvme-over-fabrics-array-startup-has-died/,Series D,103,United States,2022-10-25T15:17:26.000Z,
Redesign Health,New York City,67,2022-10-10,0.2,Healthcare,https://www.fastcompany.com/90794350/scoop-redesign-health-lays-off-67-employees-a-month-after-raising-65-million,Series C,315,United States,2022-10-10T22:51:32.000Z,
Nyriad,Austin,,2022-10-10,0.33,Infrastructure,https://blocksandfiles.com/2022/10/13/another-one-is-biting-dust-as-nyriad-undergoes-major-layoffs/,Unknown,58,United States,2022-10-25T15:18:36.000Z,
Collage.com,Detroit,,2022-10-09,1,Retail,https://thedeadpixelssociety.com/collage-com-shuts-down/,Acquired,,United States,2023-04-03T03:46:28.000Z,
BioMarin,SF Bay Area,120,2022-10-07,0.04,Healthcare,https://www.fiercebiotech.com/biotech/biomarin-lays-120-employees-save-50m-year-us-hit-hardest,Post-IPO,585,United States,2022-11-19T23:58:48.000Z,
Rev.com,Austin,85,2022-10-07,,Data,https://www.statesman.com/story/business/technology/2022/10/11/austin-based-rev-com-will-lay-off-85-to-cut-costs/69553800007/,Series D,30,United States,2022-10-12T03:38:09.000Z,
Crypto.com,"Singapore, Non-U.S.",2000,2022-10-06,0.3,Crypto,https://www.techinasia.com/cryptocom-lays-2000-employees-dials-marketing-efforts,Unknown,156,Singapore,2022-10-07T23:31:49.000Z,
Peloton,New York City,500,2022-10-06,0.12,Fitness,https://www.wsj.com/articles/peloton-to-cut-another-500-jobs-in-last-bid-for-turnaround-11665011471,Post-IPO,1900,United States,2022-10-06T15:44:00.000Z,
Landing,Birmingham,110,2022-10-06,,Real Estate,https://www.al.com/news/birmingham/2022/10/landing-laying-off-70-jobs-in-birmingham-but-still-committed-to-growing-in-alabama.html,Series C,347,United States,2022-10-07T02:12:26.000Z,
Turnitin,SF Bay Area,51,2022-10-06,0.05,Education,Internal memo,Acquired,,United States,2022-10-08T03:37:42.000Z,
Impossible Foods,SF Bay Area,50,2022-10-06,0.06,Food,https://www.sfgate.com/local/article/impossible-foods-more-layoffs-17494557.php,Series H,1900,United States,2022-10-07T23:27:45.000Z,
Atome,"Singapore, Non-U.S.",,2022-10-06,,Finance,https://www.techinasia.com/atome-cuts-staff-indonesias-bnpl-p2p-divisions,Unknown,645,Singapore,2022-11-27T23:42:29.000Z,
First AML,"Auckland, Non-U.S.",,2022-10-06,,Finance,https://www.stuff.co.nz/business/130086557/bloodbath-awardwinning-tech-startup-firstaml-makes-sudden-restructure-announcement,Series B,29,New Zealand,2022-10-07T02:10:24.000Z,
Foresight Insurance,SF Bay Area,,2022-10-06,0.4,Finance,https://news.ambest.com/newscontent.aspx?refnum=244982&altsrc=176,Series B,58,United States,2022-12-01T06:19:59.000Z,
Spotify,"Stockholm, Non-U.S.",,2022-10-06,,Media,https://techcrunch.com/2022/10/06/spotify-cancels-11-original-podcasts-lays-off-under-5-of-staff/,Post-IPO,2100,Sweden,2022-10-07T02:18:18.000Z,
Built In,Chicago,50,2022-10-05,0.25,Recruiting,https://www.chicagobusiness.com/technology/built-lays-quarter-its-staff,Series C,29,United States,2022-10-05T15:53:39.000Z,
TwinStrand,Seattle,,2022-10-05,0.5,Healthcare,https://www.genomeweb.com/business-news/twinstrand-biosciences-lays-nearly-50-percent-workforce#.Yz-KSOzMK8A,Series B,73,United States,2022-10-07T02:09:18.000Z,
8x8,SF Bay Area,200,2022-10-04,0.09,Support,https://www.channelfutures.com/business-models/8x8-lays-off-workers-cites-operational-efficiency,Post-IPO,253,United States,2023-01-18T23:20:01.000Z,
Zoomo,"Sydney, Non-U.S.",65,2022-10-04,0.16,Transportation,https://www.ridezoomo.com/blog/building-a-more-resilient-business-for-2023,Series B,105,Australia,2022-10-05T03:02:43.000Z,
Homie,Salt Lake City,40,2022-10-04,0.13,Real Estate,https://therealdeal.com/2022/10/05/homie-ceo-departs-as-startup-lays-off-more-employees/,Series B,35,United States,2022-10-06T04:46:30.000Z,
Fivetran,SF Bay Area,,2022-10-04,0.05,Data,Internal memo,Series D,,United States,2022-10-05T03:04:05.000Z,
Xendit,"Jakarta, Non-U.S.",,2022-10-04,0.05,Finance,https://www.techinasia.com/xendit-lay-off-indonesia-philippines,Series D,534,Indonesia,2022-10-05T15:51:42.000Z,
ActiveCampaign,Chicago,,2022-10-03,0.15,Marketing,LinkedIn,Series C,360,United States,2022-10-07T18:46:50.000Z,
Tempo,SF Bay Area,,2022-10-03,,Fitness,Internal memo,Series C,298,United States,2022-10-08T03:35:40.000Z,
WazirX,"Mumbai, Non-U.S.",60,2022-10-02,0.4,Crypto,https://economictimes.indiatimes.com/tech/technology/indian-crypto-exchange-wazirx-fires-40-of-staff-report/articleshow/94603700.cms,Acquired,,India,2022-10-02T21:04:48.000Z,
Spin,SF Bay Area,78,2022-09-30,0.1,Transportation,https://techcrunch.com/2022/10/03/tier-mobility-owned-spin-lays-off-about-10-of-workforce-exits-two-markets/,Acquired,8,United States,2022-10-03T20:21:43.000Z,
Carsome,"Kuala Lumpur, Non-U.S.",,2022-09-30,0.1,Transportation,https://www.techinasia.com/carsome-lay-10-staff-execs-forgo-salaries,Series E,607,Malaysia,2022-09-30T23:45:46.000Z,
Pastel,SF Bay Area,,2022-09-30,1,Food,https://purplelist.discoverpastel.com/pausing-service-future-plans/,Unknown,,United States,2022-10-08T03:40:58.000Z,
Truepill,SF Bay Area,,2022-09-30,,Healthcare,https://techcrunch.com/2022/09/29/truepill-a-digital-health-unicorn-conducts-fourth-round-of-layoffs-in-2022/,Series D,255,United States,2022-09-30T20:20:09.000Z,
Westwing,"Munich, Non-U.S.",125,2022-09-29,,Retail,Internal memo,Post-IPO,237,Germany,2022-10-04T02:54:01.000Z,
Mux,SF Bay Area,40,2022-09-29,0.2,Infrastructure,Internal memo,Series D,173,United States,2022-10-02T21:02:59.000Z,
Solarisbank,"Berlin, Non-U.S.",,2022-09-29,0.1,Finance,https://www.businessinsider.de/gruenderszene/fintech/solarisbank-entlassungen-a/,Unknown,385,Germany,2022-09-30T23:42:16.000Z,
Zenjob,"Berlin, Non-U.S.",,2022-09-29,,HR,https://www.linkedin.com/posts/zenjob_to-our-network-we-want-to-actively-support-activity-6981580028253773824-JBZM/,Series D,107,Germany,2022-09-30T23:49:23.000Z,
DocuSign,SF Bay Area,671,2022-09-28,0.09,Sales,https://www.sfgate.com/news/article/san-francisco-tech-company-docusign-layoffs-17473918.php,Post-IPO,536,United States,2022-09-28T14:59:31.000Z,
Front,SF Bay Area,,2022-09-28,,Support,Internal memo,Series D,203,United States,2022-11-12T04:18:51.000Z,
Volta,SF Bay Area,,2022-09-28,0.1,Transportation,https://investors.voltacharging.com/news/news-details/2022/Volta-Realigns-Organization-to-Reduce-Costs-and-Drive-Strategic-Priorities/default.aspx,Post-IPO,575,United States,2022-10-03T20:24:59.000Z,
Divvy Homes,SF Bay Area,40,2022-09-27,0.12,Real Estate,https://www.theinformation.com/articles/andreessen-backed-divvy-homes-lays-off-12-of-staff-as-rates-rise,Series B,180,United States,2022-09-28T03:00:21.000Z,
Graphcore,"Bristol, Non-U.S.",,2022-09-27,,Data,https://www.eenewseurope.com/en/ai-unicorn-graphcore-set-to-cut-jobs/,Unknown,692,United Kingdom,2022-11-23T04:25:03.000Z,
Instacart,SF Bay Area,,2022-09-24,,Food,https://www.theinformation.com/articles/instacart-cuts-staff-curbs-hiring-in-run-up-to-ipo,Unknown,2900,United States,2022-09-26T15:44:35.000Z,
Konfio,"Mexico City, Non-U.S.",180,2022-09-23,,Finance,https://expansion.mx/economia/2022/09/23/konfio-unicornio-mexicano-prepara-un-despido-masivo,Series E,706,Mexico,2022-11-10T01:05:19.000Z,
Moss,"Berlin, Non-U.S.",70,2022-09-23,0.15,Finance,https://financefwd.com/de/moss-entlassungen/,Series B,150,Germany,2022-09-24T21:38:41.000Z,
Foxtrot,Chicago,26,2022-09-23,0.035,Food,https://www.chicagobusiness.com/retail/foxtrot-lays-26-employees,Series C,166,United States,2022-09-24T21:37:42.000Z,
Truiloo,"Vancouver, Non-U.S.",24,2022-09-23,0.05,Security,https://betakit.com/trulioo-to-cut-up-to-10-percent-of-staff-exit-small-business-market/,Series D,474,Canada,2022-09-19T16:04:08.000Z,
Pesto,SF Bay Area,,2022-09-23,1,Other,https://pesto.app/blog/discontinuing-pesto,Seed,6,United States,2022-09-24T21:33:22.000Z,
NYDIG,New York City,110,2022-09-22,0.33,Crypto,https://www.wsj.com/articles/crypto-broker-nydig-lays-off-one-third-of-staff-in-effort-to-narrow-focus-11665707545,Private Equity,1400,United States,2022-10-14T15:15:02.000Z,
Klarna,"Stockholm, Non-U.S.",100,2022-09-22,,Finance,https://sifted.eu/articles/klarna-second-round-layoffs/,Unknown,3700,Sweden,2022-09-22T15:14:42.000Z,
Made.com,"London, Non-U.S.",,2022-09-22,0.35000000000000003,Retail,https://www.investing.com/news/stock-market-news/madecom-to-cut-jobs-explore-sale-as-economic-headwinds-weigh-on-performance-2897615,Series D,136,United Kingdom,2022-09-24T21:40:52.000Z,
Kitty Hawk,SF Bay Area,100,2022-09-21,1,Aerospace,https://www.sfgate.com/bayarea/article/Silicon-Valley-startup-lays-off-100-employees-17484239.php,Unknown,1,United States,2022-09-22T15:06:28.000Z,
Candidate Labs,SF Bay Area,,2022-09-21,,HR,Internal memo,Seed,5,United States,2022-10-04T02:52:09.000Z,
Compass,New York City,271,2022-09-20,,Real Estate,https://www.geekwire.com/2022/real-estate-giant-compass-lays-off-84-workers-in-washington-state-as-it-targets-tech-team-for-cuts/,Post-IPO,1600,United States,2022-09-21T04:05:36.000Z,
Curative,Los Angeles,109,2022-09-20,,Healthcare,https://digitalhealth.modernhealthcare.com/finance/startup-curative-health-lays-109,Seed,8,United States,2022-09-21T04:12:37.000Z,
Ada,"Toronto, Non-U.S.",78,2022-09-20,0.16,Support,https://www.linkedin.com/posts/mikemurchison_company-message-from-mike-ugcPost-6978042513135710209-CcNB/,Series C,190,Canada,2022-09-21T04:08:00.000Z,
99,"Sao Paulo, Non-U.S.",75,2022-09-20,0.02,Transportation,"https://www.terra.com.br/economia/dinheiro-em-dia/meu-negocio/na-onda-dos-layoffs-99-demite-mais-de-75-colaboradores,d2c6d7e70027cb925695c2e6a25956d16jo4jtuj.html",Acquired,244,Brazil,2022-09-21T16:29:16.000Z,
Ouster,SF Bay Area,,2022-09-20,0.1,Transportation,https://www.businesswire.com/news/home/20220920005531/en/Ouster-Streamlines-Cost-Structure-to-Bolster-Path-to-Profitability,Post-IPO,282,United States,2022-09-24T21:34:50.000Z,
Zappos,Las Vegas,,2022-09-20,0.04,Retail,https://www.reviewjournal.com/business/zappos-trimming-staff-laying-off-portion-of-workforce-2643722/,Acquired,62,United States,2022-09-24T21:30:20.000Z,
Ola,"Bengaluru, Non-U.S.",200,2022-09-19,,Transportation,https://inc42.com/buzz/ola-lays-off-200-software-engineers-amidst-massive-restructuring-plan/,Series J,5000,India,2022-09-19T23:24:20.000Z,
Vesalius Therapeutics,Boston,29,2022-09-19,0.43,Healthcare,https://www.bizjournals.com/boston/news/2022/09/19/flagship-pioneering-vesalius-therapeutics-layoffs.html,Series B,75,United States,2022-09-21T04:14:05.000Z,
VideoAmp,Los Angeles,,2022-09-19,0.02,Marketing,https://videoamp.com/press/fagan-tapped-to-take-expanded-role/,Series F,456,United States,2022-09-21T04:09:45.000Z,
Shopee,"Jakarta, Non-U.S.",,2022-09-18,,Food,https://www.techinasia.com/shopee-lays-hundreds-employees,Unknown,,Indonesia,2022-09-19T16:00:37.000Z,
Clear,"Bengaluru, Non-U.S.",190,2022-09-16,0.2,Finance,https://inc42.com/buzz/stripe-sequoia-backed-clear-lays-off-around-190-employees/,Series C,140,India,2022-09-17T14:32:04.000Z,
TrueLayer,"London, Non-U.S.",40,2022-09-16,0.1,Finance,https://www.altfi.com/article/9837_exclusive-truelayer-announces-job-cuts-of-up-to-10-of-staff,Series E,271,United Kingdom,2022-09-16T14:52:20.000Z,
LivePerson,New York City,193,2022-09-15,0.11,Support,Internal memo,Post-IPO,42,United States,2022-09-16T03:13:07.000Z,
Acast,"Stockholm, Non-U.S.",70,2022-09-15,0.15,Media,https://www.bloomberg.com/news/newsletters/2022-09-15/swedish-podcast-company-acast-lays-off-15-of-its-staff,Post-IPO,126,Sweden,2022-09-15T20:12:12.000Z,
WorkRamp,SF Bay Area,35,2022-09-15,0.2,HR,Internal memo,Series C,67,United States,2022-09-21T04:15:17.000Z,
DayTwo,SF Bay Area,,2022-09-15,,Healthcare,https://www.calcalistech.com/ctechnews/article/by000gal11o,Series B,90,United States,2022-09-16T03:07:12.000Z,
NextRoll,SF Bay Area,,2022-09-15,0.07,Marketing,Internal memo,Unknown,108,United States,2022-09-21T16:30:44.000Z,
Twilio,SF Bay Area,800,2022-09-14,0.11,Other,https://techcrunch.com/2022/09/14/twilio-lays-off-11-of-its-staff-as-it-aims-for-profitability-in-2023/,Post-IPO,614,United States,2022-09-14T14:47:34.000Z,
Pitch,"Berlin, Non-U.S.",59,2022-09-14,0.3,Marketing,https://www.linkedin.com/feed/update/urn:li:activity:6975741747565932544/,Series B,137,Germany,2022-09-14T14:50:51.000Z,
Infarm,"Berlin, Non-U.S.",50,2022-09-14,0.05,Other,https://www.businessinsider.de/gruenderszene/news/news-ticker-2022-09-infarm/,Series D,604,Germany,2022-09-15T03:39:02.000Z,
Netflix,SF Bay Area,30,2022-09-14,,Media,https://deadline.com/2022/09/netflix-animation-layoff-30-staffers-overhaul-continues-1235118700/,Post-IPO,121900,United States,2022-09-16T14:49:31.000Z,
Bitrise,"Budapest, Non-U.S.",,2022-09-14,0.14,Infrastructure,https://www.linkedin.com/posts/bitrise_a-message-from-bitrise-co-founder-and-ceo-activity-6975843544213204992-l5n9/,Series C,83,Hungary,2022-09-15T03:41:27.000Z,
Rubius,Boston,160,2022-09-13,0.75,Healthcare,https://www.fiercebiotech.com/biotech/rubius-makes-hard-pivot-after-reviewing-clinical-data-dumping-lead-assets-and-laying-75,Post-IPO,445,United States,2022-11-17T04:36:46.000Z,
Checkout.com,"London, Non-U.S.",100,2022-09-13,0.05,Finance,https://www.bloomberg.com/news/articles/2022-09-13/checkout-com-will-eliminate-about-5-of-employees-in-latest-cuts,Series D,1800,United Kingdom,2022-09-14T03:25:07.000Z,
Taboola,New York City,100,2022-09-13,0.06,Marketing,https://www.calcalistech.com/ctechnews/article/hybe11icxs,Post-IPO,445,United States,2022-09-13T23:33:00.000Z,
Patreon,SF Bay Area,80,2022-09-13,0.17,Media,https://www.theinformation.com/briefings/patreon-lays-off-17-of-staff,Series F,413,United States,2022-09-13T16:04:26.000Z,
FullStory,Atlanta,,2022-09-13,0.12,Marketing,https://www.bizjournals.com/atlanta/inno/stories/news/2022/09/12/another-atlanta-unicorn-makes-layoffs.html,Unknown,197,United States,2022-09-09T01:38:59.000Z,
Propzy,"Ho Chi Minh City, Non-U.S.",,2022-09-13,1,Real Estate,https://www.dealstreetasia.com/stories/vietnams-proptech-startup-propzy-shuts-down-operations-307594,Series A,33,Vietnam,2022-09-15T03:58:35.000Z,
Quicko,"Sao Paulo, Non-U.S.",60,2022-09-12,,Transportation,https://startups.com.br/noticias/apos-fechar-portas-no-brasil-maas-global-pivota-e-mira-parceiros-locais-diz-ceo/,Acquired,28,Brazil,2022-09-13T23:35:10.000Z,
Mode Analytics,SF Bay Area,25,2022-09-12,,Data,https://coda.io/@mykola-bilokonsky/mode-layoffs,Series D,81,United States,2022-09-22T15:07:23.000Z,
Compete,Tel Aviv,11,2022-09-12,0.28,HR,https://www.calcalistech.com/ctechnews/article/rkzqei2gi,Series A,17,Israel,2022-09-13T23:26:46.000Z,
Karbon,SF Bay Area,,2022-09-12,0.23,Other,https://www.linkedin.com/posts/stuartwmcleod_changes-to-the-karbon-team-activity-6975257833852342272-Hlbd/,Series B,91,United States,2022-09-15T03:42:43.000Z,
Rent the Runway,New York City,,2022-09-12,0.24,Retail,https://www.wsj.com/articles/rent-the-runway-to-reduce-workforce-as-more-customers-pause-their-subscriptions-11663025034,Post-IPO,526,United States,2022-09-13T04:12:01.000Z,
Sama,SF Bay Area,,2022-09-12,,Data,https://www.sama.com/blog/sama-organizational-changes/,Series B,84,United States,2022-11-08T21:58:45.000Z,
SkipTheDishes,"Winnipeg, Non-U.S.",350,2022-09-09,,Food,https://winnipeg.ctvnews.ca/skip-the-dishes-lays-off-winnipeg-workers-1.6063503,Acquired,6,Canada,2022-09-11T16:08:08.000Z,
Brighte,"Sydney, Non-U.S.",58,2022-09-09,,Energy,https://brighte.com.au/media/accelerating-brightes-pathway-to-profitability,Series C,145,Australia,2022-10-07T02:07:46.000Z,
Patreon,SF Bay Area,5,2022-09-09,,Media,https://techcrunch.com/2022/09/09/patreon-security-layoffs/,Series F,413,United States,2022-09-09T17:57:48.000Z,
Amber Group,"Hong Kong, Non-U.S.",,2022-09-09,0.1,Crypto,https://www.yahoo.com/now/crypto-trading-firm-amber-cut-193232181.html,Series B,328,Hong Kong,2022-09-11T16:09:14.000Z,
Capiter,"Cairo, Non-U.S.",,2022-09-09,,Finance,https://techcrunch.com/2022/09/09/founders-of-well-funded-egyptian-b2b-startup-capiter-fired-following-fraud-allegations/,Series A,33,Egypt,2022-09-13T04:10:03.000Z,
CommonBond,New York City,,2022-09-09,1,Finance,https://www.linkedin.com/posts/daveklein_after-a-10-year-incredible-journey-it-is-activity-6974095155473657857-mf5b/,Series D,125,United States,2022-09-11T03:27:20.000Z,
DreamBox Learning,Seattle,,2022-09-09,,Education,https://www.geekwire.com/2022/dreambox-learning-hit-by-layoffs-but-promises-strategy-to-take-on-troubling-trends-in-education/,Acquired,175,United States,2022-09-09T23:47:42.000Z,
Flowhub,Denver,,2022-09-09,0.15,Retail,https://www.businessinsider.com/scoop-cannabis-tech-startup-flowhub-cuts-about-15-of-employees-2022-9,Unknown,45,United States,2022-09-10T23:48:07.000Z,
Lido Learning,"Mumbai, Non-U.S.",,2022-09-09,1,Education,https://www.livemint.com/companies/news/edtech-firm-lido-learning-files-for-bankruptcy-11662631060105.html,Series C,20,India,2022-09-10T03:55:24.000Z,
GoStudent,"Vienna, Non-U.S.",200,2022-09-08,,Education,https://brutkasten.com/gostudent-unicorn-baut-200-stellen-ab/,Series D,686,Austria,2022-09-09T23:46:18.000Z,
Pomelo Fashion,"Bangkok, Non-U.S.",55,2022-09-08,0.08,Retail,https://www.bloomberg.com/news/articles/2022-09-08/fashion-e-commerce-startup-pomelo-cuts-jobs-after-market-slows,Unknown,120,Thailand,2022-09-10T03:53:01.000Z,
Genome Medical,SF Bay Area,23,2022-09-08,,Healthcare,https://www.bizjournals.com/sanfrancisco/news/2022/09/08/genetic-testing-genome-medical-invitae-job-cuts.html,Series C,120,United States,2022-09-09T01:40:09.000Z,
BigBear.ai,Baltimore,,2022-09-08,0.07,Data,https://www.bizjournals.com/baltimore/news/2022/09/08/columbia-bigbear-ai-layoff-staff-cash-flow-issues.html,Post-IPO,200,United States,2022-09-09T01:43:04.000Z,
Realtor.com,SF Bay Area,,2022-09-08,,Real Estate,https://www.inman.com/2022/09/08/realtor-com-makes-layoffs-in-preparation-for-market-downturn/,Acquired,,United States,2022-09-10T23:50:47.000Z,
Simple Feast,"Copenhagen, Non-U.S.",150,2022-09-07,1,Food,https://nyheder.tv2.dk/samfund/2022-09-07-firma-bag-plantebaserede-maltidskasser-er-gaet-konkurs,Unknown,173,Denmark,2022-09-13T23:36:27.000Z,
Foodpanda,"Singapore, Non-U.S.",60,2022-09-07,,Food,https://www.straitstimes.com/singapore/food-delivery-firm-foodpanda-lays-off-staff-in-singapore-retrenchment-reportedly-affects-about-60,Acquired,749,Singapore,2022-09-05T20:52:18.000Z,
Uber,"Vilnius, Non-U.S.",60,2022-09-07,,Transportation,https://www.linkedin.com/posts/gergelyorosz_uber-lithuania-softwareengineering-activity-6973669838502187009-aK1z/,Post-IPO,24700,Lithuania,2022-09-09T01:41:27.000Z,
Rupeek,"Bengaluru, Non-U.S.",50,2022-09-07,,Finance,https://inc42.com/buzz/exclusive-after-laying-off-180-employees-rupeek-lays-off-50-more-employees/,Unknown,172,India,2022-09-08T03:28:46.000Z,
Intercom,SF Bay Area,49,2022-09-07,0.05,Support,https://www.businesspost.ie/tech/irish-tech-unicorn-intercom-to-cut-49-jobs-across-hr-marketing/,Series D,240,United States,2022-09-08T03:48:14.000Z,
Pendo,Raleigh,45,2022-09-07,0.05,Product,https://www.axios.com/local/raleigh/2022/09/09/raleigh-startup-pendo-layoffs,Series F,469,United States,2022-09-10T03:50:58.000Z,
Demandbase,SF Bay Area,27,2022-09-07,0.03,Sales,Internal memo,Series H,143,United States,2022-09-09T01:47:34.000Z,
Firebolt,"Tel Aviv, Non-U.S.",,2022-09-07,,Data,https://www.calcalistech.com/ctechnews/article/symoqnigj,Series C,264,Israel,2022-09-08T03:30:59.000Z,
Medly,New York City,,2022-09-07,0.5,Healthcare,https://www.crainsnewyork.com/health-care/pharmacy-startup-medly-slash-nearly-half-its-workforce,Series C,100,United States,2022-09-08T03:34:09.000Z,
Xsight Labs,"Tel Aviv, Non-U.S.",,2022-09-07,,Other,https://www.calcalistech.com/ctechnews/article/ryhv0mixj,Series D,100,Israel,2022-09-08T03:38:33.000Z,
Brave Care,Portland,40,2022-09-06,0.33,Healthcare,https://www.oregonlive.com/business/2022/09/portland-pediatrics-startup-brave-care-lays-off-a-third-of-staff-citing-covid-and-market-turmoil.html,Series B,42,United States,2022-09-08T04:00:57.000Z,
Lawgeex,"Tel Aviv, Non-U.S.",30,2022-09-06,0.33,Legal,https://www.tech12.co.il/index-career/Article-daa4d2195231381027.htm?sCh=cf25c425b37bc710&pId=18758941771,Series C,41,Israel,2022-09-06T21:22:23.000Z,
Juniper Square,SF Bay Area,,2022-09-06,0.14,Real Estate,https://therealdeal.com/national/2022/09/06/proptech-firm-juniper-square-lays-off-14-of-staff/,Series C,108,United States,2022-09-06T21:21:31.000Z,
Medium,SF Bay Area,,2022-09-06,0.25,Media,https://www.linkedin.com/posts/lanewton22_recently-we-unfortunately-laid-off-about-activity-6973081729787961344-QTB-/,Unknown,163,United States,2022-09-08T03:27:18.000Z,
Kuda,"Lagos, Non-U.S.",23,2022-09-02,0.05,Finance,https://techcrunch.com/2022/09/02/nigerian-digital-bank-kuda-is-the-latest-african-startup-to-lay-off-employees/,Series B,91,Nigeria,2022-09-05T20:50:36.000Z,
Alerzo,"Ibadan, Non-U.S.",,2022-09-02,,Retail,https://www.notadeepdive.com/p/inside-a-brutal-week-of-layoffs-at,Series B,16,Nigeria,2023-03-07T01:32:13.000Z,
Sea,"Singapore, Non-U.S.",,2022-09-02,,Consumer,https://www.peoplematters.in/news/technology/singapores-sea-cuts-jobs-in-gaming-arm-in-second-round-of-layoffs-35132,Post-IPO,8600,Singapore,2022-09-02T23:24:53.000Z,
2TM,"Sao Paulo, Non-U.S.",100,2022-09-01,0.15,Crypto,https://finance.yahoo.com/news/second-round-layoffs-brazilian-crypto-212310521.html,Unknown,250,Brazil,2022-09-02T23:24:03.000Z,
Innovaccer,SF Bay Area,90,2022-09-01,0.08,Healthcare,https://inc42.com/buzz/exclusive-tiger-global-backed-healthtech-unicorn-innovaccer-lays-off-120-employees/,Series E,379,United States,2022-09-01T23:07:45.000Z,
Shopify,"Ottawa, Non-U.S.",70,2022-09-01,,Retail,https://www.theinformation.com/briefings/shopify-makes-a-fresh-round-of-layoffs,Post-IPO,122,Canada,2022-09-01T20:19:35.000Z,
Urban Sports Club,"Berlin, Non-U.S.",55,2022-09-01,0.15,Fitness,https://www.businessinsider.de/gruenderszene/business/urban-sports-club-entlaesst-55-mitarbeiter-das-sind-die-gruende-und-was-betroffene-sagen/,Unknown,95,Germany,2022-09-01T17:10:21.000Z,
Hedvig,"Stockholm, Non-U.S.",12,2022-09-01,,Finance,https://www.mynewsdesk.com/se/hedvig-ab/news/hedvig-minskar-personalstyrkan-foer-att-naa-loensamhet-snabbare-12-heltidstjaenster-beroers-453177,Series B,67,Sweden,2022-09-01T17:09:15.000Z,
Snap,Los Angeles,1280,2022-08-31,0.2,Consumer,https://www.theverge.com/2022/8/30/23329301/snap-layoffs-20-percent-employees-snapchat,Post-IPO,4900,United States,2022-08-30T20:55:54.000Z,
GoodRx,Los Angeles,140,2022-08-31,0.16,Healthcare,https://seekingalpha.com/news/3879125-goodrx-laying-off-140-employees-16-of-workforce,Post-IPO,910,United States,2022-09-01T01:24:41.000Z,
Smava,"Berlin, Non-U.S.",100,2022-08-31,0.1,Finance,https://finanz-szene.de/fintech/smava-vergleichsportal-entlassungen/,Unknown,188,Germany,2022-09-01T01:25:31.000Z,
Hippo Insurance,SF Bay Area,70,2022-08-31,0.1,Finance,https://www.globes.co.il/news/article.aspx?did=1001423046,Post-IPO,1300,United States,2022-08-31T16:30:40.000Z,
Clari,SF Bay Area,45,2022-08-31,,Sales,Internal memo,Series F,496,United States,2022-09-02T23:31:03.000Z,
Koo,"Bengaluru, Non-U.S.",40,2022-08-31,,Consumer,https://inc42.com/buzz/tiger-global-backed-koo-lays-off-40-employees-to-cut-costs/,Series B,44,India,2022-09-01T02:39:06.000Z,
TCR2,Boston,30,2022-08-31,0.2,Healthcare,https://www.fiercebiotech.com/biotech/scoop-tcr2-therapeutics-just-laid-40-its-staff-its-second-round-cuts-less-six-months,Post-IPO,173,United States,2023-01-20T01:25:58.000Z,
Apartment List,SF Bay Area,29,2022-08-31,0.1,Real Estate,https://www.linkedin.com/posts/matthew-w-woods_for-those-that-know-apartment-list-well-activity-6970856703277903874-MGoW/,Series D,169,United States,2022-09-01T02:41:49.000Z,
Artnight,"Berlin, Non-U.S.",26,2022-08-31,0.36,Retail,https://www.businessinsider.de/gruenderszene/business/artnight-entlassungen/,Unknown,,Germany,2022-09-01T17:11:12.000Z,
Snagajob,Richmond,,2022-08-31,,HR,https://richmondbizsense.com/2022/08/31/snagajob-lays-off-dozens-in-richmond/,Unknown,221,United States,2022-09-15T04:08:14.000Z,
The Wing,New York City,,2022-08-31,1,Real Estate,https://www.theinformation.com/briefings/the-wing-a-controversial-co-working-startup-shuts-down,Series C,117,United States,2022-08-31T21:35:28.000Z,
Viamo,"Accra, Non-U.S.",,2022-08-31,,Other,https://techcabal.com/2022/08/31/viamo-lays-off-employees/,Unknown,,Ghana,2022-12-21T17:02:56.000Z,
Electric,New York City,81,2022-08-30,,Other,https://www.electric.ai/blog/an-open-letter-from-the-ceo,Series D,212,United States,2022-09-30T22:53:41.000Z,
Immersive Labs,"Bristol, Non-U.S.",38,2022-08-30,0.1,Security,https://www.uktech.news/cybersecurity/immersive-labs-jobs-cuts-20220830,Series C,123,United Kingdom,2022-09-01T02:37:56.000Z,
Nate,New York City,30,2022-08-30,,Retail,https://www.theinformation.com/briefings/shopping-app-nate-making-fresh-round-of-job-cuts,Series A,47,United States,2022-08-30T23:16:29.000Z,
Meesho,"Bengaluru, Non-U.S.",300,2022-08-29,,Retail,https://www.indiatimes.com/worth/news/300-meesho-employees-laid-off-578318.html,Series F,1100,India,2022-08-29T17:26:34.000Z,
54gene,Washington D.C.,95,2022-08-29,0.3,Healthcare,https://techcrunch.com/2022/08/29/african-genomics-startup-54gene-lays-off-95-as-covid-testing-business-struggles/,Series B,44,United States,2022-08-30T23:18:41.000Z,
Fungible,SF Bay Area,,2022-08-29,,Crypto,https://blocksandfiles.com/2022/08/29/fungible-lets-rip-with-a-rif/,Series C,310,United States,2022-08-30T04:19:06.000Z,
Skillz,SF Bay Area,,2022-08-29,,Consumer,https://seekingalpha.com/news/3876880-skillz-launches-headcount-reduction-plan-bruckheimer-leaves-board,Post-IPO,287,United States,2022-08-29T17:25:45.000Z,
Otonomo,"Tel Aviv, Non-U.S.",,2022-08-28,,Transportation,https://www.calcalistech.com/ctechnews/article/b12ifyk1j,Post-IPO,231,Israel,2022-10-26T15:13:17.000Z,
Zymergen,SF Bay Area,80,2022-08-26,,Other,https://www.biospace.com/article/zymergen-cuts-80-more-jobs-parts-ways-with-co-founder/,Acquired,974,United States,2022-08-26T20:49:38.000Z,
Okta,SF Bay Area,24,2022-08-26,,Security,https://www.unleash.ai/economy/okta-lays-off-us-sourcing-team/,Post-IPO,1200,United States,2022-08-26T20:43:02.000Z,
Argyle,New York City,20,2022-08-26,0.07,Finance,https://techcrunch.com/2022/08/26/fintech-argyle-has-layoffs/,Series B,78,United States,2022-08-26T21:39:46.000Z,
Better.com,New York City,,2022-08-26,,Real Estate,https://techcrunch.com/2022/08/25/better-com-layoffs-digital-mortgage/,Unknown,905,United States,2022-08-30T23:21:41.000Z,
FreshDirect,Philadelphia,40,2022-08-25,,Food,https://www.bizjournals.com/philadelphia/news/2022/08/25/freshdirect-exiting-philadelphia-market-layoffs.html,Acquired,280,United States,2022-08-26T03:58:52.000Z,
Loja Integrada,"Sao Paulo, Non-U.S.",25,2022-08-25,0.1,Retail,https://startups.com.br/noticias/loja-integrada-da-vtex-demite-10-do-quadro-mas-segue-contratando/,Acquired,,Brazil,2022-08-26T20:53:05.000Z,
Impact.com,Los Angeles,,2022-08-25,0.1,Marketing,https://impact.com/news/a-message-from-our-ceo-david-a-yovanno-co-founder-per-pettersen/,Private Equity,361,United States,2022-08-25T15:02:37.000Z,
ShipBob,Chicago,,2022-08-25,0.07,Logistics,https://www.businessinsider.com/shipbob-lays-off-7-of-staff-ecommerce-bust-2022-8,Series E,330,United States,2022-08-26T03:57:38.000Z,
Reali,SF Bay Area,140,2022-08-24,1,Real Estate,https://www.calcalistech.com/ctechnews/article/r1w11v1eyj,Series B,117,United States,2022-08-24T23:29:59.000Z,
Loop,Washington D.C.,15,2022-08-24,0.2,Finance,https://www.coverager.com/layoffs-at-loop/,Series A,24,United States,2022-08-25T03:50:05.000Z,
Pix,SF Bay Area,,2022-08-24,,Food,https://www.sfchronicle.com/food/wine/article/Napa-wine-tech-17393476.php,Unknown,,United States,2022-08-24T23:31:27.000Z,
Tier Mobility,"Berlin, Non-U.S.",180,2022-08-23,0.16,Transportation,https://techcrunch.com/2022/08/23/tier-mobility-lays-off-180-people-amid-poor-funding-climate/,Series D,646,Germany,2022-08-23T20:15:48.000Z,
Packable,New York City,138,2022-08-23,0.2,Retail,"https://www.cnbc.com/2022/08/23/amazon-seller-packable-lays-off-employees-begins-liquidating.html#:~:text=Investing%20Club-,Top%20Amazon%20seller%20Packable%20begins%20liquidating%20and,cuts%20after%20failed%20SPAC%20attempt&text=Packable%2C%20the%20parent%20company%20of,to%20documents%20viewed%20by%20CNBC.",Unknown,472,United States,2022-08-24T23:37:17.000Z,
Q4,"Toronto, Non-U.S.",50,2022-08-23,0.08,Other,https://www.theglobeandmail.com/business/article-q4-inc-layoffs-canada/,Series C,91,Canada,2022-08-24T03:26:48.000Z,
Skedulo,SF Bay Area,31,2022-08-23,0.08,HR,Internal memo,Series C,114,United States,2022-08-29T17:27:32.000Z,
Plato,SF Bay Area,29,2022-08-23,0.5,HR,Company exec,Seed,3,United States,2022-08-26T20:46:11.000Z,
DataRobot,Boston,,2022-08-23,0.26,Data,https://www.theinformation.com/briefings/datarobot-lays-off-26-as-business-challenges-mount,Series G,1000,United States,2022-08-23T20:03:33.000Z,
Kogan,"Melbourne, Non-U.S.",,2022-08-23,,Retail,https://www.smartcompany.com.au/industries/retail/kogan-financial-report-losses-e-commerce-online-shopping/,Post-IPO,,Australia,2022-08-25T03:51:57.000Z,
Skillshare,New York City,,2022-08-23,,Education,Internal memo,Unknown,136,United States,2022-08-31T16:34:43.000Z,
Mr. Yum,"Melbourne, Non-U.S.",,2022-08-22,0.17,Food,https://www.linkedin.com/feed/update/urn:li:activity:6967423162909130752/,Series A,73,Australia,2022-08-23T03:39:50.000Z,
ShopX,"Bengaluru, Non-U.S.",,2022-08-22,1,Retail,https://entrackr.com/2022/08/exclusive-nandan-nilekani-backed-shopx-shuts-shop/,Unknown,56,India,2022-08-24T03:25:23.000Z,
NSO,"Tel Aviv, Non-U.S.",100,2022-08-21,0.14,Security,https://www.calcalistech.com/ctechnews/article/hjb0095yyi,Seed,1,Israel,2022-08-22T15:24:01.000Z,
Tufin,Boston,55,2022-08-21,0.1,Security,https://en.globes.co.il/en/article-israeli-cybersecurity-co-tufin-lays-off-55-1001421995,Acquired,21,United States,2022-08-22T15:24:49.000Z,
Amperity,Seattle,13,2022-08-20,0.03,Marketing,https://www.geekwire.com/2022/seattle-customer-intelligence-startup-amperity-lays-off-recruiting-staff/,Series D,187,United States,2022-08-22T15:19:19.000Z,
Wayfair,Boston,870,2022-08-19,0.05,Retail,https://www.bostonglobe.com/2022/08/19/business/wayfair-cuts-870-jobs-including-400-boston-it-reacts-decline-sales/,Post-IPO,1700,United States,2022-08-19T15:05:32.000Z,
Stripe,SF Bay Area,50,2022-08-19,,Finance,https://techcrunch.com/2022/08/19/stripe-layoffs-taxjar-tech/,Series H,2300,United States,2022-08-19T00:52:00.000Z,
Hodlnaut,"Singapore, Non-U.S.",40,2022-08-19,0.8,Crypto,https://www.coindesk.com/business/2022/08/19/crypto-lender-hodlnaut-faces-singapore-police-actions-and-staggering-job-cuts/,Unknown,,Singapore,2022-08-20T03:37:56.000Z,
New Relic,SF Bay Area,110,2022-08-18,0.05,Infrastructure,https://www.marketwatch.com/story/new-relic-commits-to-restructuring-plan-including-layoffs-271660823014,Post-IPO,214,United States,2022-08-18T15:35:06.000Z,
Wheel,Austin,35,2022-08-18,0.17,Healthcare,https://www.businessinsider.com/wheel-laid-off-17-percent-35-employees-digital-health-layoffs-2022-8,Series C,215,United States,2022-09-01T02:36:41.000Z,
Petal,New York City,,2022-08-18,0.1,Finance,https://techcrunch.com/2023/05/10/petal-raises-35m-spins-off-data-unit-to-bring-credit-scores-into-the-21st-century/,Series D,704,United States,2022-08-22T15:26:01.000Z,
Thirty Madison,New York City,,2022-08-18,0.1,Healthcare,Internal memo,Series C,209,United States,2022-08-18T21:46:42.000Z,
Vendasta,"Saskatoon, Non-U.S.",,2022-08-18,0.05,Marketing,https://saskatoon.ctvnews.ca/vendasta-announces-layoffs-after-best-workplace-recognition-1.6033046,Series D,178,Canada,2022-08-20T03:42:03.000Z,
Malwarebytes,SF Bay Area,125,2022-08-17,0.14,Security,https://techcrunch.com/2022/08/17/malwareybytes-layoffs/,Series B,80,United States,2022-08-17T16:53:42.000Z,
Fluke,"Sao Paulo, Non-U.S.",83,2022-08-17,0.8200000000000001,Other,https://startups.com.br/noticias/exclusivo-fluke-demite-mais-de-80-e-e-comprada/,Seed,,Brazil,2022-08-26T20:47:27.000Z,
Swyftx,"Brisbane, Non-U.S.",74,2022-08-17,0.21,Crypto,https://swyftx.com/au/media/press-releases/changes-to-the-team-2022/,Unknown,,Australia,2022-08-18T01:12:20.000Z,
Tempo Automation,SF Bay Area,54,2022-08-17,,Other,https://www.bizjournals.com/sanfrancisco/news/2022/08/17/tempo-automation-sf-layoffs-merger-spac.html,Series C,74,United States,2022-08-17T20:56:34.000Z,
Genesis,New York City,52,2022-08-17,0.2,Crypto,https://www.reuters.com/technology/crypto-broker-genesis-taps-insider-interim-chief-cuts-jobs-by-20-2022-08-17/,Series A,,United States,2022-08-17T18:24:32.000Z,
Warren,"Porto Alegre, Non-U.S.",50,2022-08-17,,Finance,"https://www.terra.com.br/economia/dinheiro-em-dia/meu-negocio/exclusivo-warren-entra-na-tendencia-dos-layoffs-e-faz-demissao-em-massa,5f362a0a19e6049dce7d13b912b0da76rfn0l7ku.html",Series C,104,Brazil,2022-08-18T01:14:15.000Z,
AlayaCare,Montreal,80,2022-08-16,0.14,Healthcare,https://betakit.com/alayacare-lays-off-14-percent-of-employees-slows-ma-plans/,Series D,293,Canada,2022-08-17T18:25:43.000Z,
Pliops,"Tel Aviv, Non-U.S.",12,2022-08-16,0.09,Data,https://www.calcalistech.com/ctechnews/article/hkch00dya5,Series D,205,Israel,2022-08-18T21:47:39.000Z,
Woven,Indianapolis,5,2022-08-16,0.15,HR,Internal memo,Series A,11,United States,2022-08-17T20:14:18.000Z,
Crypto.com,"Singapore, Non-U.S.",,2022-08-16,,Crypto,https://decrypt.co/107509/second-layoff-round-at-crypto-com-worse-than-june-cuts-sources,Unknown,156,Singapore,2022-08-16T19:47:06.000Z,
Edmodo,SF Bay Area,,2022-08-16,1,Education,https://www.edsurge.com/news/2022-08-16-popular-k-12-tool-edmodo-shuts-down,Acquired,77,United States,2022-08-16T23:13:02.000Z,
Snapdocs,SF Bay Area,,2022-08-16,0.1,Real Estate,Internal memo,Series D,253,United States,2022-11-05T03:51:52.000Z,
Updater,New York City,,2022-08-16,,Other,https://updater.com/updater-life/changes-to-team-2022,Unknown,467,United States,2022-08-17T18:28:38.000Z,
Sema4,Stamford,250,2022-08-15,0.13,Healthcare,https://ir.sema4.com/news-releases/news-release-details/sema4-announces-continued-restructuring-business-highlights-and,Post-IPO,791,United States,2022-08-16T03:50:08.000Z,
Blend,SF Bay Area,220,2022-08-15,0.12,Finance,https://www.housingwire.com/articles/blend-takes-a-478m-loss-cuts-25-of-its-workforce/,Post-IPO,665,United States,2022-08-16T15:55:02.000Z,
ContraFect,New York City,16,2022-08-15,0.37,Healthcare,https://www.benzinga.com/general/biotech/22/08/28497436/contrafect-cuts-workforce-after-trial-setback,Post-IPO,380,United States,2022-08-16T03:52:21.000Z,
ThredUp,Chicago,,2022-08-15,0.15,Retail,https://www.retaildive.com/news/thredup-lays-off-15-of-its-corporate-workforce-as-q2-losses-widen/629766/,Post-IPO,305,United States,2022-08-16T17:07:51.000Z,
Anywell,"Tel Aviv, Non-U.S.",11,2022-08-14,,Real Estate,https://www.calcalistech.com/ctechnews/article/rkndvd8a5,Series A,15,Israel,2022-08-14T23:46:15.000Z,
Almanac,SF Bay Area,,2022-08-13,,Other,https://www.linkedin.com/posts/fabien-loup-b60431147_people-of-almanac-needing-a-job-after-layoff-activity-6964159197059899392-mSen/,Series A,45,United States,2022-08-17T20:18:10.000Z,
Peloton,New York City,784,2022-08-12,0.13,Fitness,https://www.cnbc.com/2022/08/12/peloton-shares-jump-as-company-announces-price-hikes-for-some-products.html,Post-IPO,1900,United States,2022-08-12T17:27:39.000Z,
Core Scientific,Austin,,2022-08-12,0.1,Crypto,https://blockworks.co/crypto-miner-core-scientific-downsizing-after-840m-impairment-charge/,Post-IPO,169,United States,2022-08-12T17:56:35.000Z,
Orbit,SF Bay Area,,2022-08-12,,Other,https://www.linkedin.com/feed/update/urn:li:activity:6963966153341681664/,Series A,20,United States,2022-08-17T20:05:47.000Z,
Truepill,SF Bay Area,175,2022-08-11,0.33,Healthcare,https://techcrunch.com/2022/08/11/digital-health-unicorn-truepill-conducts-third-round-of-layoffs-in-2022/,Series D,255,United States,2022-08-12T05:14:48.000Z,
Calm,SF Bay Area,90,2022-08-11,0.2,Healthcare,https://www.wsj.com/articles/meditation-app-calm-lays-off-20-of-staff-11660261492?mod=hp_lista_pos1,Series C,218,United States,2022-08-12T05:08:17.000Z,
FourKites,Chicago,60,2022-08-11,0.08,Logistics,https://techcrunch.com/2022/08/26/supply-chain-startup-fourkites-which-recently-laid-off-workers-raises-30m/,Series D,201,United States,2022-08-26T21:42:04.000Z,
Marketforce,"Nairobi, Non-U.S.",54,2022-08-11,0.09,Retail,https://techcrunch.com/2022/08/11/kenyan-b2b-e-commerce-platform-marketforce-cut-about-9-of-staff-in-reorganization-strategy/,Series A,42,Kenya,2022-08-11T13:36:36.000Z,
Betterfly,"Santiago, Non-U.S.",30,2022-08-11,,Healthcare,https://startups.com.br/noticias/mais-um-unicornio-demitindo-betterfly-faz-reestruturacao-no-brasil/,Series C,204,Chile,2022-08-12T17:57:38.000Z,
Expert360,"Sydney, Non-U.S.",7,2022-08-11,,Recruiting,https://www.watoday.com.au/technology/startups-staff-to-go-kombucha-and-yoga-can-stay-20220811-p5b8zs.html,Series C,26,Australia,2022-08-15T01:17:30.000Z,
Guidewire,SF Bay Area,,2022-08-11,0.02,Finance,Internal memo,Post-IPO,24,United States,2022-08-12T17:58:53.000Z,
Trybe,"Sao Paulo, Non-U.S.",47,2022-08-10,0.1,Education,https://startups.com.br/noticias/edtech-trybe-enxuga-operacoes-e-corta-10-do-time/,Series B,40,Brazil,2022-08-24T23:33:24.000Z,
Permutive,"London, Non-U.S.",30,2022-08-10,0.12,Marketing,https://www.businessinsider.com/permutive-lays-off-12-of-staffers-amid-economic-downturn-2022-8,Series C,105,United Kingdom,2022-08-10T21:55:40.000Z,
Homeward,Austin,,2022-08-10,0.2,Real Estate,https://www.realtrends.com/articles/homeward-lays-off-20-of-workforce/,Series B,160,United States,2022-08-10T21:57:12.000Z,
Pollen,"London, Non-U.S.",,2022-08-10,1,Marketing,https://sifted.eu/articles/pollen-administration-restructuring/,Series C,238,United Kingdom,2022-08-10T21:58:34.000Z,
Vedanta Biosciences,Boston,,2022-08-10,0.2,Healthcare,https://www.fiercebiotech.com/biotech/vedanta-ceo-blames-challenging-environment-biotech-laying-20-staff,Series D,301,United States,2022-08-17T20:10:33.000Z,
GoHealth,Chicago,800,2022-08-09,0.2,Healthcare,https://www.chicagobusiness.com/technology/gohealth-lays-800-workers-online-health-insurance-seller-cuts-back,Post-IPO,75,United States,2022-08-11T21:31:33.000Z,
Hootsuite,"Vancouver, Non-U.S.",400,2022-08-09,0.3,Marketing,https://betakit.com/hootsuite-restructuring-laying-off-30-percent-of-employees/,Series C,300,Canada,2022-08-09T17:35:53.000Z,
Nutanix,SF Bay Area,270,2022-08-09,0.04,Infrastructure,https://www.marketscreener.com/quote/stock/NUTANIX-INC-31497437/news/NUTANIX-INC-Costs-Associated-with-Exit-or-Disposal-Activities-form-8-K-41257917/,Post-IPO,1100,United States,2022-08-09T21:51:10.000Z,
Quanterix,Boston,130,2022-08-09,0.25,Healthcare,https://www.genomeweb.com/business-news/quanterix-slashing-workforce-25-percent-it-refocuses-commercial-efforts#.Y3J8V-zMK8B,Post-IPO,533,United States,2022-11-17T04:38:06.000Z,
Wix,"Tel Aviv, Non-U.S.",100,2022-08-09,,Marketing,https://www.calcalistech.com/ctechnews/article/b1icqik0c,Post-IPO,58,Israel,2022-08-09T14:34:51.000Z,
MadeiraMadeira,"Curitiba, Non-U.S.",60,2022-08-09,0.03,Retail,https://www.estadao.com.br/link/inovacao/unicornio-madeiramadeira-demite-60-pessoas-em-busca-de-ganho-de-eficiencia/,Series E,338,Brazil,2022-08-09T21:54:09.000Z,
Melio,New York City,60,2022-08-09,,Finance,https://www.calcalistech.com/ctechnews/article/b1kyowlaq,Series D,504,United States,2022-08-09T18:30:37.000Z,
Linktree,"Melbourne, Non-U.S.",50,2022-08-09,0.17,Consumer,https://www.smartcompany.com.au/industries/information-technology/linktree-sacks-employees-tech/,Unknown,165,Australia,2022-08-09T14:33:49.000Z,
Shogun,SF Bay Area,48,2022-08-09,0.3,Retail,Internal memo,Series C,114,United States,2022-08-10T15:22:27.000Z,
Absci,"Vancouver, Non-U.S.",40,2022-08-09,,Healthcare,https://www.absci.com/message-from-ceo-08-09-2022/,Post-IPO,237,Canada,2022-08-10T04:07:56.000Z,
Dooly,"Vancouver, Non-U.S.",12,2022-08-09,,Sales,https://www.linkedin.com/feed/update/urn:li:activity:6962892415028387840/,Series B,102,Canada,2022-08-10T15:24:31.000Z,
Berkeley Lights,SF Bay Area,,2022-08-09,0.12,Healthcare,https://investors.berkeleylights.com/news/news-details/2022/Berkeley-Lights-Reports-Second-Quarter-2022-Financial-Results/default.aspx,Post-IPO,272,United States,2022-08-09T21:53:12.000Z,
DailyPay,New York City,,2022-08-09,0.15,Finance,Internal memo,Unknown,814,United States,2022-08-10T22:41:23.000Z,
Haus,SF Bay Area,,2022-08-09,1,Food,https://techcrunch.com/2022/08/08/haus-a-vc-backed-apertif-startup-is-up-for-sale-after-series-a-falls-through/,Seed,7,United States,2022-08-10T00:49:00.000Z,
Kaltura,New York City,,2022-08-09,0.1,Media,https://en.globes.co.il/en/article-kaltura-laying-off-10-of-workforce-1001420938,Post-IPO,166,United States,2022-08-09T14:45:29.000Z,
Shift,SF Bay Area,,2022-08-09,,Transportation,https://www.globenewswire.com/news-release/2022/08/09/2495362/0/en/Shift-Announces-Merger-with-CarLotz-a-New-Business-Plan-that-Enables-the-Company-to-Achieve-Profitability-in-2024-Appointment-of-new-CEO-also-Releases-Q2-Results.html,Post-IPO,504,United States,2022-08-09T21:49:31.000Z,
Sweetgreen,Los Angeles,,2022-08-09,,Food,https://www.cnbc.com/2022/08/09/sweetgreen-stock-plummets-after-salad-chain-cuts-forecast-announces-layoffs.html,Post-IPO,478,United States,2022-08-09T21:47:18.000Z,
Groupon,Chicago,500,2022-08-08,0.15,Retail,https://techcrunch.com/2022/08/08/groupon-cuts-over-500-staff-as-the-downturn-takes-its-tolll/,Post-IPO,1400,United States,2022-08-08T21:36:51.000Z,
Loggi,"Sao Paulo, Non-U.S.",500,2022-08-08,0.15,Logistics,https://startups.com.br/noticias/na-onda-dos-layoffs-loggi-demite-cerca-de-15-da-sua-forca-de-trabalho/,Series F,507,Brazil,2022-08-09T14:40:05.000Z,
Vroom,New York City,337,2022-08-08,,Transportation,https://www.autonews.com/dealers/vroom-earnings-q2-net-loss-1151-million-used-car-retailer-cuts-jobs,Post-IPO,1300,United States,2022-08-09T14:44:58.000Z,
Warby Parker,New York City,63,2022-08-08,,Consumer,https://www.businessinsider.com/warby-parker-lays-off-63-corporate-employees-internal-memo-2022-8,Post-IPO,535,United States,2022-08-09T14:37:26.000Z,
Labelbox,SF Bay Area,36,2022-08-08,,Data,Internal memo,Series D,188,United States,2022-08-11T13:31:20.000Z,
Perion,"Tel Aviv, Non-U.S.",20,2022-08-08,0.05,Marketing,https://en.globes.co.il/en/article-perion-network-lays-off-20-transfers-us-activities-to-israel-1001420801,Post-IPO,76,Israel,2022-08-08T14:15:39.000Z,
Daily Harvest,New York City,,2022-08-08,0.15,Food,https://fortune.com/2022/08/08/daily-harvest-layoffs-lentil-crumbles-recall/,Series D,120,United States,2022-08-10T23:08:28.000Z,
DataRobot,Boston,,2022-08-08,,Data,https://www.bostonglobe.com/2022/08/08/business/amid-struggles-datarobot-cutting-more-staff/,Series G,1000,United States,2022-08-11T13:29:09.000Z,
iRobot,Boston,140,2022-08-05,0.1,Consumer,https://www.geekwire.com/2022/amazon-to-acquire-roomba-maker-irobot-for-1-7-billion/,Acquired,30,United States,2022-08-05T19:28:04.000Z,
Mejuri,"Toronto, Non-U.S.",50,2022-08-05,0.1,Retail,https://betakit.com/d2c-startups-not-immune-to-downturn-as-article-mejuri-make-staff-cuts/,Series B,28,Canada,2022-08-08T21:33:38.000Z,
Uberflip,"Toronto, Non-U.S.",31,2022-08-05,0.17,Marketing,https://betakit.com/uberflip-ceo-attributes-company-layoffs-to-unsteady-economy/,Series A,42,Canada,2022-08-05T19:18:41.000Z,
Slync,Dallas,,2022-08-05,,Logistics,https://www.businessinsider.com/slync-layoffs-ceo-fired-kirchner-supply-chain-tech-goldman-2022-8,Series B,76,United States,2022-08-23T03:36:42.000Z,
Talkdesk,SF Bay Area,,2022-08-05,,Support,https://eco.sapo.pt/2022/08/05/onda-de-despedimentos-nas-tech-chega-a-unicornio-talkdesk/,Series D,497,United States,2022-08-05T19:39:08.000Z,
Doma,SF Bay Area,250,2022-08-04,0.13,Finance,https://www.inman.com/2022/08/19/doma-announces-more-layoffs-as-cumulative-losses-top-300m/amp/,Post-IPO,679,United States,2022-08-05T19:22:32.000Z,
Article,"Vancouver, Non-U.S.",216,2022-08-04,0.17,Retail,https://dailyhive.com/vancouver/vancouver-article-layoffs,Series B,,Canada,2022-08-04T23:33:42.000Z,
Jam City,Los Angeles,200,2022-08-04,0.17,Consumer,https://venturebeat.com/2022/08/04/jam-city-lays-off-hundreds-of-staff-as-part-of-restructuring/,Unknown,652,United States,2022-08-04T23:35:47.000Z,
10X Genomics,SF Bay Area,100,2022-08-04,0.08,Healthcare,https://www.genomeweb.com/business-news/10x-genomics-lays-approximately-100-employees#.YuxWk-zMKqV,Post-IPO,242,United States,2022-08-04T23:30:40.000Z,
LEAD,"Mumbai, Non-U.S.",80,2022-08-04,0.04,Education,https://www.moneycontrol.com/news/business/startup/school-edtech-unicorn-lead-lets-go-of-about-100-employees-8954821.html,Series E,166,India,2022-08-04T19:02:25.000Z,
Zendesk,SF Bay Area,80,2022-08-04,,Support,Internal memo,Acquired,85,United States,2022-08-05T03:18:34.000Z,
On Deck,SF Bay Area,73,2022-08-04,0.33,Education,https://techcrunch.com/2022/08/04/on-deck-lays-off-a-third-of-staff-after-cutting-a-quarter-just-months-prior/,Series A,20,United States,2022-08-04T19:07:23.000Z,
RenoRun,"Montreal, Non-U.S.",70,2022-08-04,0.12,Construction,https://betakit.com/renorun-lays-off-12-percent-of-staff-pauses-geographic-expansion-amid-uncertainty-surrounding-consumer-spending/,Series B,163,Canada,2022-08-17T18:27:14.000Z,
RingCentral,SF Bay Area,50,2022-08-04,,Support,https://www.bizjournals.com/sanfrancisco/news/2022/08/04/ringcentral-lays-off-50-at-belmont-headquarters.html,Post-IPO,44,United States,2022-08-04T23:31:39.000Z,
Medly,New York City,,2022-08-04,0.16,Healthcare,https://www.linkedin.com/posts/sarkiskalashian_medly-impacted-employees-open-to-work-activity-6962465333982961664-LVTX/,Series C,100,United States,2022-08-09T19:53:46.000Z,
Nomad,"Sao Paulo, Non-U.S.",,2022-08-04,0.2,Finance,https://finsiders.com.br/2022/08/04/nomad-corta-20-da-equipe-quase-tres-meses-apos-aporte/,Series B,290,Brazil,2022-08-10T15:19:39.000Z,
StubHub,SF Bay Area,,2022-08-04,,Consumer,https://www.sfgate.com/bayarea/article/stubhub-closing-san-francisco-office-lay-offs-17351845.php,Acquired,59,United States,2022-08-04T23:45:39.000Z,
Weedmaps,Los Angeles,,2022-08-04,0.1,Other,https://www.businessinsider.com/weedmaps-lays-off-employees-as-marijuana-sales-fall-recession-fears2022-8,Acquired,,United States,2022-08-16T03:53:20.000Z,
Zenius,"Jakarta, Non-U.S.",,2022-08-04,0.3,Education,https://www.linkedin.com/feed/update/urn:li:share:6960928095172276224/,Series B,20,Indonesia,2022-08-04T19:04:59.000Z,
Healthcare.com,Miami,149,2022-08-03,,Healthcare,https://www.bizjournals.com/southflorida/inno/stories/news/2022/08/03/healthcare-inc-cuts-149-jobs-miami.html,Series C,244,United States,2022-08-04T23:16:57.000Z,
Unbounce,"Vancouver, Non-U.S.",47,2022-08-03,0.2,Marketing,https://betakit.com/unbounce-lays-off-20-percent-of-staff-as-part-of-larger-company-restructuring/,Series A,39,Canada,2022-08-03T22:50:06.000Z,
Beyond Meat,Los Angeles,40,2022-08-03,0.04,Food,https://www.bloomberg.com/news/articles/2022-08-03/beyond-meat-eliminates-about-40-positions-in-cost-cutting-move,Post-IPO,122,United States,2022-08-04T19:01:05.000Z,
The Org,"New Delhi, New York City",13,2022-08-03,,HR,https://www.linkedin.com/posts/theorg_this-week-the-org-laid-off-13-of-our-ny-based-activity-6960585154205515776-7Qf_/,Series B,39,United States,2022-08-04T03:38:12.000Z,
CarDekho,"Gurugram, Non-U.S.",,2022-08-03,,Transportation,https://www.thehindubusinessline.com/companies/start-up-layoffs-cardekho-vedantu-fire-employees-as-funding-crunch-continues/article65721345.ece,Series E,497,India,2022-08-04T19:03:41.000Z,
Puppet,Portland,,2022-08-03,0.15,Infrastructure,Internal memo,Acquired,189,United States,2022-08-08T14:17:13.000Z,
SoundCloud,"Berlin, Non-U.S.",,2022-08-03,0.2,Consumer,https://www.billboard.com/pro/soundcloud-layoffs-20-percent-workforce-global/,Unknown,542,Germany,2022-08-03T22:49:17.000Z,
Talkwalker,"Luxembourg, Non-U.S.",,2022-08-03,0.15,Marketing,https://www.siliconluxembourg.lu/lokdeep-singh-we-want-to-be-almost-obsessive-about-the-customers-needs/,Private Equity,9,Luxembourg,2022-08-04T03:44:29.000Z,
Robinhood,SF Bay Area,713,2022-08-02,0.23,Finance,https://techcrunch.com/2022/08/02/robinhood-23-layoff-vlad-tenev-responsibility-hiring/,Post-IPO,5600,United States,2022-08-02T20:29:55.000Z,
Latch,New York City,115,2022-08-02,0.37,Security,https://www.globenewswire.com/news-release/2022/08/02/2490797/0/en/Latch-announces-further-changes-to-improve-operating-efficiency.html,Post-IPO,342,United States,2022-08-04T18:53:11.000Z,
Vedantu,"Bengaluru, Non-U.S.",100,2022-08-02,,Education,https://inc42.com/buzz/exclusive-edtech-unicorn-vedantu-lays-off-another-100-employees/,Series E,292,India,2022-08-03T02:37:37.000Z,
Seegrid,Pittsburgh,90,2022-08-02,,Logistics,https://www.therobotreport.com/sources-amr-maker-seegrid-hit-with-layoffs/,Unknown,107,United States,2022-08-04T03:45:51.000Z,
Nylas,SF Bay Area,80,2022-08-02,0.25,Product,https://www.nylas.com/blog/a-message-from-nylas-co-founder-ceo-gleb-polyakov/,Series C,175,United States,2022-08-02T21:48:53.000Z,
Outreach,Seattle,60,2022-08-02,0.05,Sales,https://www.linkedin.com/posts/medinism_throughout-outreachs-journey-as-a-start-up-activity-6960299213226225664-PNsG/,Series G,489,United States,2022-08-02T20:34:47.000Z,
Sendy,"Nairobi, Non-U.S.",54,2022-08-02,0.2,Logistics,https://techcrunch.com/2022/10/05/sendy-conducts-second-round-of-layoffs-20-of-its-remaining-staff-affected/,Series B,26,Kenya,2022-10-05T18:19:41.000Z,
The Predictive Index,Boston,40,2022-08-02,,HR,https://www.linkedin.com/feed/update/urn:li:activity:6961029042426757120/,Acquired,71,United States,2022-08-08T14:21:15.000Z,
Sendy,"Nairobi, Non-U.S.",30,2022-08-02,0.1,Logistics,https://techcabal.com/2022/08/02/kenyan-logistics-startup-sendy-lays-off-10-of-its-staff/,Series B,26,Kenya,2022-08-02T15:28:52.000Z,
Stedi,Boulder,23,2022-08-02,0.3,Product,https://twitter.com/GergelyOrosz/status/1554707921984016387,Series B,75,United States,2022-08-04T03:39:43.000Z,
Glossier,New York City,19,2022-08-02,0.08,Retail,https://www.modernretail.co/startups/glossier-lays-off-about-two-dozen-employees-as-it-ramps-up-hiring-in-wholesale-and-retail/amp/,Series E,266,United States,2022-08-03T02:42:48.000Z,
Butterfly Network,New Haven,,2022-08-02,0.1,Healthcare,Internal memo,Post-IPO,530,United States,2022-08-04T03:55:59.000Z,
FuboTV,New York City,,2022-08-02,,Media,https://www.businessinsider.com/fubotv-conducts-layoffs-in-us-2022-8,Post-IPO,151,United States,2022-08-04T03:40:39.000Z,
Hash,"Sao Paulo, Non-U.S.",58,2022-08-01,0.5,Finance,https://oglobo.globo.com/blogs/capital/post/2022/08/startup-de-maquininha-demite-mais-de-metade-da-equipe-e-avalia-fechar-as-portas.ghtml,Series C,58,Brazil,2022-08-03T02:35:35.000Z,
Classkick,Chicago,,2022-08-01,,Education,https://docs.google.com/spreadsheets/d/1u-P5qzyNRdzGVN88c_YztvgggQU1iRDfXyPTk5RRpoI/edit,Seed,1,United States,2022-08-10T04:13:31.000Z,
DeHaat,"Gurugram, Non-U.S.",,2022-08-01,,Food,https://www.moneycontrol.com/news/business/startup/layoffs-at-agritech-startup-dehaat-less-than-a-year-after-large-fundraise-8929391.html,Series D,194,India,2022-08-02T03:37:18.000Z,
OnlyFans,"London, Non-U.S.",,2022-08-01,,Media,https://www.businessinsider.com/onlyfans-lays-off-employees-amid-move-to-reshape-certain-teams-2022-7,Unknown,,United Kingdom,2022-08-04T03:42:02.000Z,
Oracle,SF Bay Area,,2022-08-01,,Other,https://www.bloomberg.com/news/articles/2022-08-01/oracle-cuts-workers-in-us-customer-analytics-division?sref=Oeyjq8by#xj4y7vzkg,Post-IPO,,United States,2022-11-17T00:44:15.000Z,
Perceptive Automata,Boston,,2022-08-01,1,Transportation,https://www.therobotreport.com/perceptive-automata-shuts-down-after-funding-dries-up/,Series A,20,United States,2022-08-04T03:49:13.000Z,
Whereby,"Oslo, Non-U.S.",,2022-08-01,,Other,https://www.linkedin.com/feed/update/urn:li:activity:6959902351079952384/,Series A,10,Norway,2022-08-02T03:43:35.000Z,
Metigy,"Sydney, Non-U.S.",75,2022-07-31,1,Marketing,https://www.linkedin.com/posts/myrabeal_talent-tech-recruitment-activity-6959703840858259456-V8Tv/,Series B,18,Australia,2022-08-02T01:09:28.000Z,
Vee,"Tel Aviv, Non-U.S.",16,2022-07-31,0.32,HR,https://www.calcalistech.com/ctechnews/article/syarhxntq,Seed,15,Israel,2022-08-02T01:08:03.000Z,
Gatherly,Atlanta,,2022-07-31,0.5,Marketing,Company exec,,,United States,2022-08-02T03:38:35.000Z,
Ola,"Bengaluru, Non-U.S.",1000,2022-07-29,,Transportation,https://economictimes.indiatimes.com/tech/startups/ola-to-fire-about-1000-employees-across-verticals-even-as-focus-shifts-to-electric-mobility/articleshow/93194411.cms,Series J,5000,India,2022-07-29T16:10:50.000Z,
Clearco,"Toronto, Non-U.S.",125,2022-07-29,0.25,Finance,https://betakit.com/clearco-cuts-a-quarter-of-staff-amid-significant-headwinds/,Series C,681,Canada,2022-07-29T16:04:33.000Z,
Imperfect Foods,SF Bay Area,50,2022-07-29,,Food,https://www.bizjournals.com/sanfrancisco/news/2022/07/29/imperfect-foods-bayview-sf-hq-warehouse-layoffs.html,Series D,229,United States,2022-07-30T23:20:00.000Z,
Shelf Engine,Seattle,43,2022-07-29,,Food,https://www.geekwire.com/2022/seattle-startup-shelf-engine-lays-off-43-employees-due-to-challenging-economic-conditions/,Series B,58,United States,2022-07-30T23:27:23.000Z,
Quantcast,SF Bay Area,40,2022-07-29,0.06,Marketing,https://digiday.com/media/ad-tech-firm-quantcast-cuts-6-in-headcount-as-economic-storm-clouds-gather/,Series C,65,United States,2022-08-02T03:46:06.000Z,
Sherpa,"Toronto, Non-U.S.",22,2022-07-29,,Travel,https://www.linkedin.com/posts/maxtremaine_it-has-been-an-amazing-year-for-sherpa-activity-6962384880487866368-v491/,Unknown,11,Canada,2022-07-30T23:23:03.000Z,
CoinFLEX,"Victoria, Non-U.S.",,2022-07-29,,Crypto,https://coinflex.com/blog/coinflex-update-july-29-2022/,Unknown,11,Seychelles,2022-07-29T16:07:59.000Z,
MissFresh,"Beijing, Non-U.S.",,2022-07-29,,Food,https://technode.com/2022/07/29/chinese-online-grocer-missfresh-halts-core-business-and-begins-massive-layoff/,Post-IPO,1700,China,2022-07-29T16:07:04.000Z,
Yabonza,"Sydney, Non-U.S.",,2022-07-29,1,Real Estate,https://www.smartcompany.com.au/industries/property/yabonza-liquidiation-tech-sector/,Unknown,6,Australia,2022-08-24T23:35:45.000Z,
Ribbon,New York City,136,2022-07-28,,Real Estate,https://www.inman.com/2022/07/28/ribbon-slashes-one-third-of-workforce-to-adjust-to-new-reality/,Series C,405,United States,2022-07-29T06:14:13.000Z,
Career Karma,SF Bay Area,60,2022-07-28,0.33,Education,https://techcrunch.com/2022/07/28/career-karma-conducts-layoffs-as-tech-jobs-face-a-massive-stress-test/,Series B,51,United States,2022-07-29T06:20:11.000Z,
Metromile,SF Bay Area,60,2022-07-28,0.2,Finance,https://techcrunch.com/2022/07/29/lemonade-closes-on-acquisition-of-insurtech-metromile-promptly-lays-off-about-20-of-its-staff/,Acquired,510,United States,2022-07-29T06:22:06.000Z,
Laybuy,Auckland,45,2022-07-28,,Finance,https://www.stuff.co.nz/business/300648897/laybuy-to-cut-45-jobs-as-it-searches-for-profit,Post-IPO,130,New Zealand,2022-07-29T06:25:10.000Z,
Allbirds,SF Bay Area,23,2022-07-28,,Retail,Internal memo,Post-IPO,202,United States,2022-07-30T23:17:36.000Z,
TextNow,"Waterloo, Non-U.S.",22,2022-07-28,,Consumer,Internal memo,Seed,1,Canada,2022-08-04T03:57:46.000Z,
2U,Washington D.C.,,2022-07-28,0.2,Education,https://www.insidehighered.com/news/2022/08/01/online-program-enabler-2u-resets-its-pricing-model,Post-IPO,426,United States,2022-07-30T23:15:02.000Z,
Bikayi,"Bengaluru, Non-U.S.",,2022-07-28,,Retail,https://inc42.com/features/bikayi-in-disarray-startup-hit-by-fraud-allegations-seller-exodus/,Series A,12,India,2022-07-29T06:10:09.000Z,
Brainbase,Los Angeles,,2022-07-28,,Sales,https://medium.com/brainbase/update-on-brainbase-2022-645d46123393,Series A,12,United States,2022-11-17T00:06:46.000Z,
Change.org,SF Bay Area,,2022-07-28,0.19,Other,https://change-org.medium.com/restructuring-change-org-for-the-future-1c83c1c5b704,Series D,72,United States,2022-07-29T06:13:10.000Z,
Tapas Media,SF Bay Area,,2022-07-28,,Media,,Acquired,17,United States,2022-08-02T03:41:21.000Z,
Turntide,SF Bay Area,,2022-07-28,0.2,Energy,https://www.bizjournals.com/sanjose/news/2022/07/28/sunnyvale-based-turntide-cuts-more-than-100-jobs.html,Unknown,491,United States,2022-07-29T06:16:54.000Z,
Rivian,Detroit,840,2022-07-27,0.06,Transportation,https://www.cnn.com/2022/07/27/business/rivian-layoffs/index.html,Post-IPO,10700,United States,2022-07-28T03:24:26.000Z,
Vox Media,Washington D.C.,39,2022-07-27,0.02,Media,https://www.axios.com/2022/07/27/vox-media-layoffs-economic-uncertainty,Series F,307,United States,2022-07-29T06:11:57.000Z,
Coinsquare,"Toronto, Non-U.S.",30,2022-07-27,0.24,Crypto,https://betakit.com/coinsquare-lays-off-24-percent-of-staff-amid-turbulent-crypto-market-shifted-focus-to-regulation/,Unknown,98,Canada,2022-07-30T14:35:42.000Z,
Skai,"Tel Aviv, Non-U.S.",30,2022-07-27,0.04,Marketing,https://www.calcalistech.com/ctechnews/article/ry0jnia39?prof=5211.Ctech-5214.ctech.Startups,Series E,60,Israel,2022-07-28T03:23:10.000Z,
Shopify,"Ottawa, Non-U.S.",1000,2022-07-26,0.1,Retail,https://www.wsj.com/articles/shopify-to-lay-off-10-of-workers-in-broad-shake-up-11658839047,Post-IPO,122,Canada,2022-07-26T15:20:00.000Z,
McMakler,"Berlin, Non-U.S.",90,2022-07-26,,Real Estate,https://www.businessinsider.de/gruenderszene/business/mcmakler-massenentlassung-nach-firmenfeier/,Unknown,214,Germany,2022-07-26T15:42:39.000Z,
Fiverr,"Tel Aviv, Non-U.S.",60,2022-07-26,0.08,Other,https://en.globes.co.il/en/article-fiverr-lays-off-60-including-30-employees-in-israel-1001419413,Post-IPO,111,Israel,2022-07-26T15:45:30.000Z,
InDebted,"Sydney, Non-U.S.",40,2022-07-26,0.17,Finance,https://www.news.com.au/finance/business/technology/startup-sacks-40-employees-amid-200-million-valuation/news-story/891f316c53bb38c7f12d519b26f07ee5,Series B,41,Australia,2022-07-26T15:27:00.000Z,
Outbrain,New York City,38,2022-07-26,0.03,Marketing,https://en.globes.co.il/en/article-fiverr-lays-off-60-including-30-employees-in-israel-1001419413,Post-IPO,394,United States,2022-07-26T15:46:27.000Z,
Dover,SF Bay Area,23,2022-07-26,0.3,Recruiting,https://blog.dover.io/changes-to-our-team/,Series A,22,United States,2022-07-26T21:51:56.000Z,
Immutable,"Sydney, Non-U.S.",20,2022-07-26,0.06,Crypto,https://www.cnet.com/tech/gaming/crypto-star-immutable-creator-of-nft-game-gods-unchained-lays-off-over-20-staff/,Series C,279,Australia,2022-07-28T03:35:27.000Z,
Zymergen,SF Bay Area,80,2022-07-25,,Other,https://www.bizjournals.com/sanfrancisco/news/2022/07/25/zymergen-ginkgo-bioworks-zyme-dna-merger-job-cuts.html,Acquired,974,United States,2022-08-26T20:52:03.000Z,
Pear Therapeutics ,Boston,25,2022-07-25,0.09,Healthcare,https://www.massdevice.com/pear-therapeutics-announces-layoffs/,Post-IPO,409,United States,2022-07-26T15:30:29.000Z,
Included Health,SF Bay Area,,2022-07-25,0.06,Healthcare,https://www.fiercehealthcare.com/digital-health/digital-health-company-included-health-cuts-workforce-part-restructuring-move,Series E,272,United States,2022-07-26T15:31:50.000Z,
Soluto,"Tel Aviv, Non-U.S.",120,2022-07-24,1,Support,https://www.calcalistech.com/ctechnews/article/s1xemk935,Acquired,18,Israel,2022-07-25T04:32:59.000Z,
Eucalyptus,"Sydney, Non-U.S.",50,2022-07-22,0.2,Healthcare,https://www.news.com.au/finance/business/other-industries/australian-healthcare-startup-fires-20-per-cent-of-staff/news-story/c582a96f5cc55a99962c2c79aa7033a9,Series C,69,Australia,2022-07-28T03:21:39.000Z,
Workstream,SF Bay Area,45,2022-07-22,,HR,LinkedIn,Series B,58,United States,2022-08-03T14:13:38.000Z,
Quanto,"Sao Paulo, Non-U.S.",28,2022-07-22,0.22,Finance,https://www.seudinheiro.com/2022/empresas/onda-de-demissoes-quanto-startup-facily-involves-lils/,Series A,15,Brazil,2022-07-25T15:30:47.000Z,
Clarify Health,SF Bay Area,15,2022-07-22,0.05,Healthcare,https://twitter.com/erinbrodwin/status/1550495194805518337,Series D,328,United States,2022-07-22T19:22:45.000Z,
Arete,Miami,,2022-07-22,,Security,https://www.crn.com/news/security/arete-ir-is-the-latest-cybersecurity-company-to-lay-off-staff,Unknown,,United States,2022-07-22T23:51:52.000Z,
Boosted Commerce,Los Angeles,,2022-07-22,0.05,Retail,https://www.businessinsider.com/amazon-aggregator-boosted-commerce-layoffs-2022-7,Series B,137,United States,2022-07-26T15:25:34.000Z,
Owlet,Lehi,,2022-07-22,,Healthcare,https://www.linkedin.com/feed/update/urn:li:activity:6957832944329580544/,Post-IPO,178,United States,2022-08-03T02:39:54.000Z,
People.ai,SF Bay Area,,2022-07-22,,Sales,LinkedIn,Series D,200,United States,2022-07-26T15:41:53.000Z,
Wizeline,SF Bay Area,,2022-07-22,,Product,Internal memo,Acquired,62,United States,2022-07-22T23:47:19.000Z,
Blockchain.com,"London, Non-U.S.",150,2022-07-21,0.25,Crypto,https://www.coindesk.com/business/2022/07/21/blockchaincom-cuts-25-workforce-amid-crypto-bear-market/,Series D,490,United Kingdom,2022-07-21T14:26:22.000Z,
Callisto Media,SF Bay Area,140,2022-07-21,0.35000000000000003,Media,https://www.publishersweekly.com/pw/by-topic/industry-news/publisher-news/article/89897-callisto-media-promising-to-act-swiftly-and-decisively-lays-off-35-of-workforce.html,Series D,,United States,2022-07-21T23:37:05.000Z,
AppGate,Miami,130,2022-07-21,0.22,Security,https://m.marketscreener.com/quote/stock/APPGATE-INC-128303647/news/APPGATE-INC-Costs-Associated-with-Exit-or-Disposal-Activities-form-8-K-41078857/,Post-IPO,,United States,2022-07-28T03:37:47.000Z,
WHOOP,Boston,95,2022-07-21,0.15,Fitness,https://frontofficesports.com/fitness-company-whoop-slashes-workforce-by-15/,Series F,404,United States,2022-07-22T01:02:30.000Z,
Rad Power Bikes,Seattle,63,2022-07-21,0.1,Transportation,https://www.geekwire.com/2022/rad-power-bikes-cuts-about-10-of-staff-citing-economic-uncertainty-and-rising-operating-costs/,Series D,329,United States,2022-07-21T19:56:20.000Z,
Lunchbox,New York City,60,2022-07-21,0.33,Food,https://www.businessinsider.com/lunchbox-lays-off-employees-as-food-tech-startups-face-downturn-2022-7,Series B,72,United States,2022-07-22T01:03:26.000Z,
RealSelf,Seattle,11,2022-07-21,0.05,Healthcare,https://www.geekwire.com/2022/cosmetic-treatment-review-platform-realself-lays-off-11-employees/,Series B,42,United States,2022-07-21T19:57:00.000Z,
98point6,Seattle,,2022-07-21,0.1,Healthcare,https://www.geekwire.com/2022/health-care-startup-98point6-lays-off-10-of-workforce-but-says-its-still-in-growth-mode/,Series E,247,United States,2022-07-22T23:48:59.000Z,
Catalyst,New York City,,2022-07-21,,Support,Internal memo,Series B,45,United States,2022-08-04T03:59:22.000Z,
InVision,New York City,,2022-07-21,0.5,Product,https://www.linkedin.com/posts/clarkvalberg_yesterday-was-a-very-difficult-day-for-the-activity-6955950170509320192-KCWJ/,Series F,356,United States,2022-07-21T19:22:29.000Z,
Mural,SF Bay Area,,2022-07-21,,Product,Internal memo,Series C,192,United States,2022-07-22T19:27:47.000Z,
Smarsh,Portland,,2022-07-21,,Other,https://www.oregonlive.com/silicon-forest/2022/07/smarsh-big-portland-tech-company-is-cutting-jobs.html,Private Equity,,United States,2022-07-30T23:29:52.000Z,
Just Eat Takeaway,"Amsterdam, Non-U.S.",390,2022-07-20,,Food,https://www.reuters.com/business/retail-consumer/just-eat-takeaway-cut-staff-france-spokesperson-says-2022-07-20/,Post-IPO,2800,Netherlands,2022-07-20T15:08:01.000Z,
Flyhomes,Seattle,200,2022-07-20,0.2,Real Estate,https://www.geekwire.com/2022/seattle-real-estate-startup-flyhomes-cuts-20-of-staff-citing-uncertain-economic-conditions/,Series C,310,United States,2022-07-20T20:08:14.000Z,
Varo,SF Bay Area,75,2022-07-20,,Finance,https://www.axios.com/pro/fintech-deals/2022/07/20/varo-bank-lays-off-75,Series E,992,United States,2022-07-20T18:25:30.000Z,
BlueStacks,SF Bay Area,60,2022-07-20,,Other,https://inc42.com/buzz/exclusive-a16z-backed-bluestacks-lays-off-60-indian-employees/,Series C,48,United States,2022-07-20T15:10:56.000Z,
Lyft,SF Bay Area,60,2022-07-20,0.02,Transportation,https://www.wsj.com/articles/lyft-lays-off-about-60-employees-folds-its-car-rentals-for-riders-11658340622,Post-IPO,4900,United States,2022-07-20T18:27:36.000Z,
Introhive,"Ferdericton, Non-U.S.",57,2022-07-20,0.16,Sales,https://entrevestor.com/home/entry/introhive-lays-off-staff-braces-for-recession,Series C,125,Canada,2022-07-22T19:23:42.000Z,
Zencity,"Tel Aviv, Non-U.S.",30,2022-07-20,0.2,Other,https://www.calcalistech.com/ctechnews/article/bysqkusnc,Unknown,51,Israel,2022-07-20T15:06:55.000Z,
Splice,New York City,23,2022-07-20,,Media,https://www.washingtonpost.com/business/2022/08/02/job-openings-labor-market-jolts/,Series D,159,United States,2022-08-05T19:44:39.000Z,
Forma.ai,"Toronto, Non-U.S.",15,2022-07-20,0.09,Sales,Internal memo,Series B,58,Canada,2022-07-26T15:35:33.000Z,
Arc,SF Bay Area,13,2022-07-20,,HR,https://www.linkedin.com/posts/weitingliu_today-i-shared-the-hard-news-about-the-difficult-activity-6955435904693878784-hl3J/,Seed,1,United States,2022-07-21T14:27:19.000Z,
Invitae,SF Bay Area,1000,2022-07-19,,Healthcare,https://www.genomeweb.com/business-news/invitae-lay-over-1000-workers-amid-restructuring-leadership-transition#.YtbajOzMK8D,Post-IPO,2000,United States,2022-07-19T16:23:50.000Z,
Olive,Columbus,450,2022-07-19,0.31,Healthcare,https://oliveai.com/important-changes-to-our-business,Series H,856,United States,2022-07-19T16:22:01.000Z,
M1,Chicago,38,2022-07-19,,Finance,Internal memo,Series E,323,United States,2022-07-30T23:20:51.000Z,
SellerX,"Berlin, Non-U.S.",28,2022-07-19,,Retail,https://sifted.eu/articles/layoffs-amazon-aggregators-downturn/,Unknown,766,Germany,2022-07-21T03:41:38.000Z,
Stint,"London, Non-U.S.",28,2022-07-19,0.2,HR,https://sifted.eu/articles/startup-tech-company-layoffs/,Unknown,,United Kingdom,2022-07-25T04:23:18.000Z,
Capsule,New York City,,2022-07-19,0.13,Healthcare,Internal memo,Series D,570,United States,2022-07-20T15:02:49.000Z,
PACT Pharma,SF Bay Area,94,2022-07-18,,Healthcare,https://www.fiercebiotech.com/biotech/personalized-cancer-therapy-biotech-pact-pharma-lets-go-nearly-100-staffers,Series C,200,United States,2022-07-20T03:38:13.000Z,
Gemini,New York City,68,2022-07-18,0.07,Crypto,https://techcrunch.com/2022/07/18/crypto-exchange-gemini-executes-second-round-of-layoffs-less-than-two-months-after-axing-10-of-staff/,Unknown,423,United States,2022-07-18T18:53:54.000Z,
Lusha,New York City,30,2022-07-18,0.1,Marketing,https://www.calcalistech.com/ctechnews/article/rjqkrgx3q,Series B,245,United States,2022-07-18T17:58:25.000Z,
Elemy,SF Bay Area,,2022-07-18,,Healthcare,https://bhbusiness.com/2022/07/18/several-large-autism-service-providers-in-the-u-s-are-undergoing-a-wave-of-layoffs-and-closures/,Series B,323,United States,2022-07-20T03:44:43.000Z,
Freshly,New York City,,2022-07-18,0.25,Food,https://www.crainsnewyork.com/small-business/meal-delivery-firm-freshly-lays-25-percent-nyc-workforce,Acquired,107,United States,2022-07-28T03:36:56.000Z,
Hydrow,Boston,,2022-07-18,0.35000000000000003,Fitness,https://www.bostonglobe.com/2022/07/21/business/rough-waters-tech-rowing-startup-hydrow-lays-off-35-percent-staff/,Series D,269,United States,2022-07-20T03:36:47.000Z,
TikTok,Los Angeles,,2022-07-18,,Consumer,https://www.wired.com/story/tiktok-layoffs-company-wide-restructuring/,Acquired,,United States,2022-07-19T03:30:23.000Z,
Vimeo,New York City,,2022-07-18,0.06,Consumer,https://www.businessinsider.com/vimeo-conducts-layoffs-job-cuts-2022-7,Post-IPO,450,United States,2022-07-18T19:03:46.000Z,
Bright Money,"Bengaluru, Non-U.S.",100,2022-07-15,0.5,Finance,https://www.outlookindia.com/business/sequoia-backed-bright-money-is-latest-start-up-to-hand-out-pink-slips-news-211290?,Series A,31,India,2022-07-22T23:50:07.000Z,
Project44,Chicago,63,2022-07-15,0.05,Logistics,https://www.freightwaves.com/news/project44-cuts-5-of-global-workforce-plans-for-engineering-first-focus,Unknown,817,United States,2022-07-15T21:24:38.000Z,
Heroes,"London, Non-U.S.",24,2022-07-15,0.2,Retail,https://www.businessinsider.com/amazon-rollup-heroes-quietly-laid-off-staff-2022-7,Unknown,265,United Kingdom,2022-07-15T21:22:57.000Z,
Aspire,SF Bay Area,23,2022-07-15,,Marketing,https://www.businessinsider.com/influencer-marketing-firm-aspire-lays-off-staffers-creator-economy-2022-7,Series A,27,United States,2022-07-15T21:21:57.000Z,
StyleSeat,SF Bay Area,,2022-07-15,0.17,Consumer,https://docs.google.com/spreadsheets/d/13RoAEMURt-b7z31Pep9DbfDFpIUnxK5jnFhexL59_SQ/edit#gid=0,Series C,40,United States,2022-08-09T19:57:09.000Z,
Zego,"London, Non-U.S.",85,2022-07-14,0.17,Finance,https://coverager.com/layoffs-at-zego/,Series C,202,United Kingdom,2022-07-14T19:33:06.000Z,
The Mom Project,Chicago,54,2022-07-14,0.15,HR,https://www.linkedin.com/posts/the-mom-project_today-we-shared-the-difficult-news-with-activity-6953445024575475712-VHen/,Series C,115,United States,2022-07-15T20:54:59.000Z,
Unstoppable Domains,SF Bay Area,42,2022-07-14,0.25,Crypto,https://twitter.com/matthewegould/status/1547699609480286208,Series B,7,United States,2022-07-26T21:55:43.000Z,
Kiavi,SF Bay Area,39,2022-07-14,0.07,Real Estate,https://www.housingwire.com/articles/fix-and-flip-lender-kiavi-lays-off-7-of-employees/,Series E,240,United States,2022-07-22T23:52:42.000Z,
Alto Pharmacy,SF Bay Area,,2022-07-14,,Healthcare,https://www.linkedin.com/news/story/alto-gets-amazon-exec-lays-off-staff-4833793/,Series E,560,United States,2022-07-18T17:57:17.000Z,
Cosuno,"Berlin, Non-U.S.",,2022-07-14,,Construction,Company exec,Series B,45,Germany,2022-07-16T13:59:41.000Z,
OpenSea,New York City,,2022-07-14,0.2,Crypto,https://twitter.com/dfinzer/status/1547648521607659522?s=20&t=DZC6VC-Ee3Eb3BnfHytydA,Series C,427,United States,2022-07-14T19:17:35.000Z,
Wave,"Dakar, Non-U.S.",300,2022-07-13,0.15,Finance,https://techcrunch.com/2022/07/13/wave-a-stripe-backed-african-fintech-valued-at-1-7-billion-cut-15-of-its-staff-in-june/,Series A,292,Senegal,2022-07-13T14:48:52.000Z,
Tonal,SF Bay Area,262,2022-07-13,0.35000000000000003,Fitness,https://www.cnbc.com/2022/07/13/peloton-rival-tonal-cuts-jobs-ahead-of-possible-recession-ipo.html,Series E,450,United States,2022-07-13T15:55:52.000Z,
Fabric,New York City,120,2022-07-13,0.4,Logistics,https://techcrunch.com/2022/07/13/fabric-lays-off-40-of-staff-as-it-shifts-strategy-from-service-to-platform/,Series C,336,United States,2022-07-13T14:52:58.000Z,
Bryter,"Berlin, Non-U.S.",100,2022-07-13,0.3,Product,https://twitter.com/pierre_vannier/status/1547311744837685249,Series B,89,Germany,2022-07-14T19:31:41.000Z,
ChowNow,Los Angeles,100,2022-07-13,0.2,Food,https://techcrunch.com/2022/07/13/signaling-tough-times-ahead-chownow-lays-off-employees/,Series C,64,United States,2022-07-13T20:18:14.000Z,
Involves,"Florianópolis, Non-U.S.",70,2022-07-13,0.18,Retail,https://www.baguete.com.br/noticias/13/07/2022/involves-demite-18,Unknown,23,Brazil,2022-07-20T03:40:55.000Z,
100 Thieves,Los Angeles,12,2022-07-13,,Consumer,https://www.dexerto.com/esports/100-thieves-layoffs-social-content-teams-1870915/,Series C,120,United States,2022-07-18T18:56:26.000Z,
Nuro,SF Bay Area,7,2022-07-13,,Transportation,https://www.therobotreport.com/nuro-lays-off-employees-in-texas-california-and-arizona/,Series D,2100,United States,2022-07-16T13:57:13.000Z,
Arrival,"London, Non-U.S.",,2022-07-13,0.3,Transportation,https://techcrunch.com/2022/07/13/arrival-to-slash-costs-cut-up-to-30-of-workforce-to-meet-on-ev-van-production-target/,Post-IPO,629,United Kingdom,2022-07-14T19:23:01.000Z,
CircleUp,SF Bay Area,,2022-07-13,,Finance,https://docs.google.com/spreadsheets/d/1ZfABpORnbm4dPfT-45YtOIJ1SonNkXUWXLPXdeCc5bg/edit#gid=0,Series C,53,United States,2022-07-26T15:50:00.000Z,
Papa,Miami,,2022-07-13,0.15,Other,https://www.linkedin.com/posts/andrew-parker-30904417_today-was-a-tough-day-for-papa-in-light-activity-6953092571120201728-HFiM/,Series D,241,United States,2022-07-13T23:51:45.000Z,
Gopuff,Philadelphia,1500,2022-07-12,0.1,Food,https://www.bloomberg.com/news/articles/2022-07-12/gopuff-is-cutting-10-jobs-in-us-closing-warehouses-to-preserve-cash,Series H,3400,United States,2022-07-12T15:39:17.000Z,
Fraazo,"Mumbai, Non-U.S.",150,2022-07-12,,Food,https://inc42.com/buzz/exclusive-fraazo-lays-off-150-employees-shuts-50-dark-stores/,Series B,63,India,2022-07-13T04:45:07.000Z,
Babylon,"London, Non-U.S.",100,2022-07-12,,Healthcare,https://www.bloomberg.com/news/articles/2022-07-12/uk-health-app-babylon-plans-job-cuts-in-bid-to-slash-costs#xj4y7vzkg,Post-IPO,1100,United Kingdom,2022-07-25T04:31:06.000Z,
Hubilo,SF Bay Area,45,2022-07-12,0.12,Marketing,https://inc42.com/buzz/hubilo-lays-off-12-workforce-as-physical-events-resume/,Series B,153,United States,2022-07-13T21:45:35.000Z,
Airlift,"Lahore, Non-U.S.",,2022-07-12,1,Logistics,https://techcrunch.com/2022/07/12/airlift-shutdown/,Series B,109,Pakistan,2022-07-13T05:02:53.000Z,
Microsoft,Seattle,,2022-07-12,,Other,https://www.cnbc.com/2022/07/12/microsoft-cuts-small-percentage-of-employees-as-new-fiscal-year-begins.html,Post-IPO,1,United States,2022-11-15T04:54:49.000Z,
Spring,SF Bay Area,,2022-07-12,,Retail,https://www.businessinsider.com/merch-company-spring-has-laid-off-staff-creator-economy-2022-7,Unknown,61,United States,2022-07-13T23:49:51.000Z,
Hopin,"London, Non-U.S.",242,2022-07-11,0.29,Other,https://www.businessinsider.com/live-events-unicorn-startup-hopin-is-laying-off-tk-staff-2022-7?op=1&scrolla=5eb6d68b7fedc32c19ef33b4,Series D,1000,United Kingdom,2022-07-11T17:12:44.000Z,
Alice,"Sao Paulo, Non-U.S.",63,2022-07-11,,Healthcare,https://forbes.com.br/carreira/2022/07/healthtech-alice-demite-63-funcionarios/,Series C,174,Brazil,2022-07-13T04:56:39.000Z,
SundaySky,New York City,24,2022-07-11,0.13,Marketing,https://en.globes.co.il/en/article-clearhaven-partners-buys-israeli-co-sundaysky-1001417731,Series D,74,United States,2022-07-11T23:30:22.000Z,
Apeel Sciences,Santa Barbara,,2022-07-11,,Food,https://www.pacbiztimes.com/2022/07/11/goletas-apeel-lays-off-undisclosed-number-of-employees/,Series E,640,United States,2022-07-14T19:26:16.000Z,
Forward,SF Bay Area,,2022-07-11,0.05,Healthcare,https://www.fiercehealthcare.com/health-tech/primary-care-startup-forward-cut-5-workforce-amid-extremely-tough-market-conditions,Series D,225,United States,2022-07-12T15:46:55.000Z,
Ignite,SF Bay Area,,2022-07-11,0.5,Crypto,https://www.coindesk.com/business/2022/07/01/cosmos-builder-ignite-cuts-headcount-by-more-than-50-ex-employees-say/,Series A,9,United States,2022-07-13T04:58:37.000Z,
Nextbite,Denver,,2022-07-09,,Food,https://www.businessinsider.com/softbank-backed-virtual-brand-startup-nextbite-lays-off-staff-2022-7,Series C,150,United States,2022-07-11T02:46:30.000Z,
PuduTech,"Shenzen, Non-U.S.",1500,2022-07-08,,Other,https://www.therobotreport.com/reports-major-layoffs-at-pudu-robotics/,Series C,184,China,2022-08-04T03:46:38.000Z,
Butler Hospitality,New York City,1000,2022-07-08,1,Food,https://techcrunch.com/2022/07/08/butler-shows-hundreds-of-employees-the-door-after-raising-50m-for-room-service-delivery/,Series B,50,United States,2022-07-08T19:50:34.000Z,
Calibrate,New York City,156,2022-07-08,0.24,Healthcare,https://news.bloomberglaw.com/capital-markets/health-startup-calibrate-cuts-24-of-workforce-in-restructuring,Series B,127,United States,2022-07-18T18:58:55.000Z,
NextRoll,SF Bay Area,,2022-07-08,0.03,Marketing,https://www.businessinsider.com/nextroll-lays-off-sales-and-recruitment-staffers-2022-7,Unknown,108,United States,2022-07-08T15:49:06.000Z,
Argo AI,Pittsburgh,150,2022-07-07,0.05,Transportation,https://techcrunch.com/2022/07/07/ford-vw-backed-argo-ai-lays-off-150-workers-slows-hiring/,Unknown,3600,United States,2022-07-08T15:40:49.000Z,
Next Insurance,SF Bay Area,150,2022-07-07,0.17,Finance,https://www.calcalistech.com/ctechnews/article/byybineic,Series E,881,United States,2022-07-07T15:41:59.000Z,
Adwerx,Durham,40,2022-07-07,,Marketing,https://www.inman.com/2022/07/08/adwerx-lays-off-40-employees-as-company-slows-new-initiatives/,Unknown,20,United States,2022-07-08T19:49:46.000Z,
Emotive,Los Angeles,30,2022-07-07,0.18,Marketing,https://dot.la/emotive-layoffs-2657628462.html,Series B,78,United States,2022-07-08T15:47:10.000Z,
Cedar,New York City,,2022-07-07,0.24,Healthcare,https://www.businessinsider.com/cedar-layoffs-workers-jobs-cut-healthcare-market-downturn-2022-7,Series D,351,United States,2022-07-07T23:34:56.000Z,
Twitter,SF Bay Area,,2022-07-07,,Consumer,https://www.wsj.com/articles/twitter-lays-off-third-of-talent-team-11657227105,Post-IPO,5700,United States,2022-07-07T21:02:28.000Z,
Remote,SF Bay Area,100,2022-07-06,0.09,HR,https://www.publico.pt/2022/07/06/economia/noticia/crise-chega-tecnologicas-portugal-remote-despede-9-2012650,Series C,496,United States,2022-07-06T15:38:40.000Z,
Shopify,"Ottawa, Non-U.S.",50,2022-07-06,,Retail,https://www.theglobeandmail.com/business/article-shopify-compensation-hiring-plans/,Post-IPO,122,Canada,2022-07-06T16:53:53.000Z,
Anodot,"Tel Aviv, Non-U.S.",35,2022-07-06,0.27,Data,https://www.calcalistech.com/ctechnews/article/sypfe11ms5,Series C,64,Israel,2022-07-06T16:48:16.000Z,
SQream,New York City,30,2022-07-06,0.18,Data,https://www.calcalistech.com/ctechnews/article/hyvmtrmo9,Series B,77,United States,2022-07-06T16:45:44.000Z,
Anodot,"Tel Aviv, Non-U.S.",15,2022-07-06,0.2,Data,https://www.calcalistech.com/ctechnews/article/sjy5hbre3,Series C,64,Israel,2023-05-08T15:19:50.000Z,
Motif Foodworks,Boston,,2022-07-06,,Food,https://www.foodnavigator-usa.com/Article/2022/07/06/Layoffs-at-Motif-FoodWorks-We-re-pivoting-our-focus-to-key-priorities-that-we-know-will-return-maximum-ROI#,Series B,344,United States,2022-07-15T21:27:13.000Z,
Loft,"Sao Paulo, Non-U.S.",384,2022-07-05,0.12,Real Estate,https://startups.com.br/noticias/loft-faz-segunda-rodada-de-demissoes-e-corta-mais-380/,Unknown,788,Brazil,2022-07-05T17:11:08.000Z,
Bizzabo,New York City,120,2022-07-05,0.3,Marketing,https://www.calcalistech.com/ctechnews/article/hysobwfi5,Series E,194,United States,2022-07-06T04:30:18.000Z,
eToro,"Tel Aviv, Non-U.S.",100,2022-07-05,0.06,Finance,https://www.calcalistech.com/ctechnews/article/ryoxm611sc,Unknown,322,Israel,2022-07-05T17:06:43.000Z,
Verbit,New York City,80,2022-07-05,0.1,Data,https://www.calcalistech.com/ctechnews/article/bj4k0azi5,Series E,569,United States,2022-07-05T17:08:11.000Z,
Outschool,SF Bay Area,31,2022-07-05,0.18,Education,https://techcrunch.com/2022/07/05/outschool-which-raised-a-series-b-c-and-d-in-12-months-lays-off-18-of-workforce/,Series D,240,United States,2022-07-05T19:15:37.000Z,
Bullish,"Hong Kong, Non-U.S.",30,2022-07-05,0.08,Crypto,https://www.theblock.co/post/155859/bullish-com-cuts-jobs-crypto-exchange,Unknown,300,Hong Kong,2022-07-15T20:52:32.000Z,
Transmit Security,Boston,27,2022-07-05,0.07,Security,https://www.themarker.com/technation/2022-07-05/ty-article/.premium/00000181-cd88-dd1b-a7d1-efffaa730000,Series A,583,United States,2022-07-06T04:33:06.000Z,
Thimble,New York City,20,2022-07-05,0.33,Finance,https://coverager.com/layoffs-at-thimble/,Series A,28,United States,2022-07-06T04:35:01.000Z,
Syte,"Tel Aviv, Non-U.S.",13,2022-07-05,0.08,Retail,https://www.themarker.com/technation/2022-07-04/ty-article/.premium/00000181-ca01-d0be-a5e9-ff132aa30000,Series C,71,Israel,2022-07-05T17:12:49.000Z,
Lightricks,"Jerusalem, Non-U.S.",80,2022-07-04,0.12,Consumer,https://en.globes.co.il/en/article-app-developer-lightricks-lays-off-70-in-israel-1001417020,Series D,335,Israel,2022-07-04T15:36:25.000Z,
Chessable,"London, Non-U.S.",29,2022-07-04,,Consumer,https://dotesports.com/chess/news/chessbase-lays-off-29-employees-citing-new-economic-reality,Acquired,0,United Kingdom,2022-07-13T21:48:10.000Z,
Sendle,"Sydney, Non-U.S.",27,2022-07-04,0.12,Logistics,https://www.afr.com/technology/australia-post-disruptor-sendle-airtasker-lead-in-tech-jobs-losses-20220701-p5aydb,Series C,69,Australia,2022-07-04T15:29:38.000Z,
Lendis,"Berlin, Non-U.S.",18,2022-07-04,0.15,Other,https://www.businessinsider.de/gruenderszene/news/news-ticker-lendis-2022-07/,Series A,90,Germany,2022-07-07T15:36:54.000Z,
Airtasker,"Sydney, Non-U.S.",,2022-07-04,,Consumer,https://www.afr.com/technology/australia-post-disruptor-sendle-airtasker-lead-in-tech-jobs-losses-20220701-p5aydb,Series C,26,Australia,2022-07-04T15:32:04.000Z,
Gorillas,"Berlin, Non-U.S.",540,2022-07-03,,Food,https://www.retailfood.it/index.php/2022/07/03/gorillas-flop-lascia-litalia/,Series C,1300,Germany,2022-07-06T04:23:35.000Z,
Celsius,New York City,150,2022-07-03,0.25,Crypto,https://www.calcalistech.com/ctechnews/article/syvuxha99,Series B,864,United States,2022-07-04T15:15:12.000Z,
LetsGetChecked,New York City,,2022-07-02,,Healthcare,https://www.businesspost.ie/tech/tech-unicorn-letsgetchecked-lays-off-staff-including-dublin-workers/,Series D,263,United States,2022-07-04T16:15:08.000Z,
Perx Health,"Sydney, Non-U.S.",,2022-07-02,,Healthcare,https://www.smh.com.au/business/entrepreneurship/everybody-thought-they-were-the-exception-start-ups-optimism-hits-hard-reality-20220630-p5axzk.html,Seed,2,Australia,2022-07-04T15:24:15.000Z,
Zepto,"Brisbane, Non-U.S.",,2022-07-02,0.1,Finance,https://www.smh.com.au/business/entrepreneurship/everybody-thought-they-were-the-exception-start-ups-optimism-hits-hard-reality-20220630-p5axzk.html,Series A,25,Australia,2022-07-04T15:22:42.000Z,
WanderJaunt,SF Bay Area,85,2022-07-01,1,Travel,https://shorttermrentalz.com/news/wanderjaunt-ceases-operations/#.Yr7oNfKExPA.twitter,Series B,26,United States,2022-07-02T18:10:24.000Z,
Canoo,Los Angeles,58,2022-07-01,0.06,Transportation,https://www.businessinsider.com/canoo-layoffs-production-goals-electric-vehicle-startup-2022-6,Post-IPO,300,United States,2022-07-01T22:22:58.000Z,
Bamboo Health,Louisville,52,2022-07-01,,Healthcare,Internal memo,Unknown,,United States,2022-07-21T19:29:36.000Z,
Teleport,SF Bay Area,15,2022-07-01,0.06,Infrastructure,https://goteleport.com/blog/managing-downturn/,Series C,169,United States,2022-07-02T18:09:16.000Z,
Remesh,New York City,,2022-07-01,,Support,Internal memo,Series A,38,United States,2022-07-06T04:25:32.000Z,
Enjoy,SF Bay Area,400,2022-06-30,0.18,Retail,https://news.crunchbase.com/public/bankruptcy-enjoy-apple-ron-johnson/,Post-IPO,310,United States,2022-06-30T21:43:20.000Z,
Crejo.Fun,"Bengaluru, Non-U.S.",170,2022-06-30,1,Education,https://inc42.com/buzz/exclusive-matrix-backed-edtech-startup-crejo-fun-shuts-down/,Seed,3,India,2022-07-01T04:10:53.000Z,
Stash Financial,New York City,40,2022-06-30,0.08,Finance,https://www.forbes.com/sites/jeffkauflin/2022/07/28/in-fintech-2022-is-becoming-the-year-of-layoffs/?sh=70ae2b0d20f3,Unknown,480,United States,2022-10-26T04:31:47.000Z,
Nate,New York City,30,2022-06-30,0.2,Retail,https://www.theinformation.com/articles/coatue-backed-shopping-startup-that-exaggerated-tech-capabilities-to-potential-investors-lays-off-20-of-staff,Series A,47,United States,2022-06-30T21:34:34.000Z,
Snyk,Boston,30,2022-06-30,,Security,https://snyk.io/blog/announcing-organizational-updates-to-better-serve-our-customers/,Series F,849,United States,2022-07-01T04:20:29.000Z,
Stream,Boulder,20,2022-06-30,0.12,Product,https://twitter.com/gergelyorosz/status/1542559097878466561?s=21&t=j_BKvp6OmyhkImXKMIPJIA,Series B,58,United States,2022-07-01T04:24:10.000Z,
Finleap Connect,"Hamburg, Non-U.S.",14,2022-06-30,0.1,Finance,https://paymentandbanking.com/open-banking-anbieter-finleap-connect-vollzieht-wechsel-an-der-management-spitze/,Series A,22,Germany,2022-07-01T04:27:18.000Z,
Abra,SF Bay Area,12,2022-06-30,0.05,Crypto,https://www.theblock.co/post/155209/abra-becomes-latest-crypto-firm-to-cut-jobs,Series C,106,United States,2022-07-01T04:15:24.000Z,
Gavelytics,Los Angeles,,2022-06-30,1,Legal,https://www.lawnext.com/2022/06/litigation-analytics-company-gavelytics-is-shutting-down-tomorrow.html,Seed,5,United States,2022-07-06T16:43:06.000Z,
Secfi,SF Bay Area,,2022-06-30,,Finance,Internal memo,Series A,7,United States,2022-08-04T03:54:01.000Z,
Sundae,SF Bay Area,,2022-06-30,0.15,Real Estate,https://www.realtrends.com/articles/sundae-lays-off-15-of-employees/,Series C,135,United States,2022-06-30T17:01:24.000Z,
Toppr,"Mumbai, Non-U.S.",350,2022-06-29,,Education,https://inc42.com/buzz/after-whitehat-jr-byjus-owned-toppr-lays-off-350-employees/,Acquired,112,India,2022-06-30T02:46:03.000Z,
Unity,SF Bay Area,200,2022-06-29,0.04,Other,https://kotaku.com/sources-unity-laying-off-hundreds-of-staffers-1849125482,Post-IPO,1300,United States,2022-06-30T03:13:32.000Z,
Niantic,SF Bay Area,85,2022-06-29,0.08,Consumer,https://www.bloomberg.com/news/articles/2022-06-29/pokemon-go-creator-niantic-cancels-four-projects-cuts-jobs#xj4y7vzkg,Series D,770,United States,2022-06-29T21:56:42.000Z,
AvantStay,Los Angeles,80,2022-06-29,,Travel,https://skift.com/blog/avantstay-fires-a-significant-chunk-of-its-employee-roster/,Unknown,811,United States,2022-06-30T19:20:10.000Z,
Qumulo,Seattle,80,2022-06-29,0.19,Data,https://www.geekwire.com/2022/seattle-startup-qumulo-lays-off-80-employees-ceo-cites-economic-conditions-and-reaching-profitability/,Series E,347,United States,2022-06-30T02:47:04.000Z,
Clutch,"Toronto, Non-U.S.",76,2022-06-29,0.22,Transportation,https://betakit.com/clutch-cuts-staff-to-extend-runway-citing-market-conditions/,Series B,153,Canada,2022-06-30T02:52:24.000Z,
Parallel Wireless,Nashua,60,2022-06-29,,Infrastructure,https://www.calcalist.co.il/calcalistech/article/skbud0tc9,Unknown,8,United States,2022-06-30T02:54:56.000Z,
Oye Rickshaw,"New Delhi, Non-U.S.",40,2022-06-29,0.2,Transportation,https://inc42.com/buzz/exclusive-matrix-partners-backed-oye-rickshaw-lays-off-40-employees/,Unknown,13,India,2022-07-01T04:25:58.000Z,
Rows,"Berlin, Non-U.S.",18,2022-06-29,0.3,Other,https://eco.sapo.pt/2022/08/05/onda-de-despedimentos-nas-tech-chega-a-unicornio-talkdesk/,Series B,25,Germany,2022-08-05T19:42:13.000Z,
Baton,SF Bay Area,16,2022-06-29,0.25,Transportation,https://www.freightwaves.com/news/digital-drop-freight-platform-baton-lays-off-25-of-workforce,Series A,13,United States,2022-06-30T02:51:21.000Z,
Substack,SF Bay Area,13,2022-06-29,0.14,Media,https://www.nytimes.com/2022/06/29/business/media/substack-layoffs.html,Series B,82,United States,2022-06-29T20:26:06.000Z,
CommentSold,Huntsville,,2022-06-29,,Retail,Internal memo,Unknown,,United States,2022-07-06T04:27:21.000Z,
Degreed,SF Bay Area,,2022-06-29,0.15,Education,https://www.linkedin.com/posts/degreed_a-note-from-degreed-ceo-david-blake-transparency-activity-6947962317351395328-Xzw7/,Series D,411,United States,2022-06-29T21:58:48.000Z,
HomeLight,SF Bay Area,,2022-06-29,0.19,Real Estate,https://www.linkedin.com/feed/update/urn:li:activity:6947954503673409536/,Series D,743,United States,2022-06-30T03:15:54.000Z,
Modsy,SF Bay Area,,2022-06-29,,Retail,https://techcrunch.com/2022/06/29/modsy-shuts-down-design-services-cutting-roles-and-disrupting-orders/,Series C,72,United States,2022-07-01T04:21:49.000Z,
Volt Bank,"Sydney, Non-U.S.",,2022-06-29,1,Finance,https://www.smh.com.au/business/banking-and-finance/neobank-volt-to-shut-down-return-deposits-to-customers-after-funding-struggles-20220629-p5axl1.html,Series E,90,Australia,2022-06-30T03:07:47.000Z,
Huobi,"Beijing, Non-U.S.",300,2022-06-28,0.3,Crypto,https://www.coindesk.com/business/2022/06/28/huobi-global-could-cut-over-30-workforce-as-china-crackdown-leads-to-fall-in-revenue/,Unknown,2,China,2022-06-29T03:50:20.000Z,
WhiteHat Jr,"Mumbai, Non-U.S.",300,2022-06-28,,Education,https://techcrunch.com/2022/06/28/byjus-unit-whitehat-jr-cuts-300-jobs/,Acquired,11,India,2022-06-29T03:42:53.000Z,
StockX,Detroit,120,2022-06-28,0.08,Retail,https://www.theinformation.com/briefings/stockx-cuts-8-of-its-staff,Series E,690,United States,2022-06-29T03:47:36.000Z,
Sidecar Health,Los Angeles,110,2022-06-28,0.4,Healthcare,Internal memo,Series C,163,United States,2022-07-18T18:00:08.000Z,
StockX,Detroit,80,2022-06-28,,Retail,https://www.complex.com/sneakers/stockx-layoffs-november-2022,Series E,690,United States,2022-11-03T04:22:34.000Z,
Vezeeta,"Dubai, Non-U.S.",50,2022-06-28,0.1,Healthcare,https://techcrunch.com/2022/06/28/egyptian-healthtech-startup-vezeeta-cuts-10-of-500-person-staff/?tpcc=tcplustwitter,Series D,71,United Arab Emirates,2022-06-29T03:26:12.000Z,
Bright Machines,"Tel Aviv, Non-U.S.",30,2022-06-28,0.08,Data,https://www.calcalist.co.il/calcalistech/article/rkkjpsuc5,Unknown,250,Israel,2022-06-29T03:36:51.000Z,
HealthMatch,"Sydney, Non-U.S.",18,2022-06-28,0.5,Healthcare,https://www.smh.com.au/business/entrepreneurship/i-m-heartbroken-wave-of-layoffs-begins-as-start-ups-fight-for-survival-20220628-p5ax6a.html,Series B,20,Australia,2022-06-29T03:55:52.000Z,
Booktopia,"Sydney, Non-U.S.",,2022-06-28,,Retail,https://www.smh.com.au/business/entrepreneurship/i-m-heartbroken-wave-of-layoffs-begins-as-start-ups-fight-for-survival-20220628-p5ax6a.html,Series A,23,Australia,2022-06-29T03:59:21.000Z,
Nova Benefits,"Bengaluru, Non-U.S.",,2022-06-28,0.3,Healthcare,https://entrackr.com/2022/06/exclusive-nova-benefits-lays-off-30-of-its-workforce/,Series B,41,India,2022-06-30T03:00:03.000Z,
Una Brands,"Singapore, Non-U.S.",,2022-06-28,0.1,Retail,https://www.smh.com.au/business/entrepreneurship/i-m-heartbroken-wave-of-layoffs-begins-as-start-ups-fight-for-survival-20220628-p5ax6a.html,Series A,55,Singapore,2022-06-29T03:58:22.000Z,
AppLovin,SF Bay Area,300,2022-06-27,0.12,Marketing,https://www.bizjournals.com/sanjose/news/2022/06/29/applovin-lays-off-300-workers-report.html,Post-IPO,1600,United States,2022-06-28T04:27:51.000Z,
UiPath,New York City,210,2022-06-27,0.05,Data,https://www.cnbc.com/2022/06/27/uipath-to-cut-5percent-of-its-workforce-as-part-of-restructuring-plan.html,Post-IPO,2000,United States,2022-06-27T23:50:08.000Z,
Udaan,"Bengaluru, Non-U.S.",180,2022-06-27,0.04,Retail,https://inc42.com/buzz/exclusive-b2b-ecommerce-unicorn-udaan-lays-off-180-employees/,Unknown,1500,India,2022-06-28T04:19:44.000Z,
Cue,San Diego,170,2022-06-27,,Healthcare,https://www.genomeweb.com/business-news/cue-health-lay-170-people#.YrpDa-zML9t,Post-IPO,999,United States,2022-06-27T23:55:59.000Z,
Banxa,"Melbourne, Non-U.S.",70,2022-06-27,0.3,Crypto,https://decrypt.co/103891/australian-crypto-firm-banxa-cut-staff-30-citing-another-crypto-winter,Post-IPO,13,Australia,2022-06-28T04:16:56.000Z,
SafeGraph,SF Bay Area,27,2022-06-27,0.25,Data,https://www.safegraph.com/blog/setting-up-safegraph-for-a-prosperous-future,Series B,61,United States,2022-06-28T04:28:48.000Z,
Amount,Chicago,,2022-06-27,0.18,Finance,https://techcrunch.com/2022/06/27/fintech-amount-which-was-valued-at-1b-last-year-lays-off-18-of-staff/,Unknown,283,United States,2022-06-27T23:46:13.000Z,
Postscript,SF Bay Area,43,2022-06-26,,Marketing,https://twitter.com/ringmybeller/status/1541154423065427972,Series C,106,United States,2022-06-25T16:34:05.000Z,
Bitpanda,"Vienna, Non-U.S.",270,2022-06-24,0.27,Crypto,https://brutkasten.com/bitpanda-kuendigungen/,Series C,546,Austria,2022-06-24T16:27:26.000Z,
Sunday,Atlanta,90,2022-06-24,0.23,Finance,https://www.lesechos.fr/start-up/ecosysteme/la-fintech-sunday-coupe-dans-ses-effectifs-1415671,Series A,124,United States,2022-06-28T04:23:32.000Z,
Bestow,Dallas,41,2022-06-24,0.14,Finance,https://coverager.com/layoffs-at-bestow/,Series C,137,United States,2022-06-27T23:53:17.000Z,
Ethos Life,SF Bay Area,40,2022-06-24,0.12,Finance,https://www.coverager.com/ethos-lays-off-40-employees/,Series D,406,United States,2022-06-26T02:39:42.000Z,
Feather,New York City,,2022-06-24,,Retail,Internal memo,Unknown,76,United States,2022-06-25T00:19:35.000Z,
Give Legacy,Boston,,2022-06-24,,Healthcare,https://www.bizjournals.com/boston/news/2022/06/24/male-fertility-startup-legacy-layoffs.html,Series B,45,United States,2022-07-20T03:35:38.000Z,
Netflix,SF Bay Area,300,2022-06-23,0.03,Media,https://www.cnbc.com/2022/06/23/netflix-lays-off-300-more-employees-as-revenue-growth-continues-to-slow.html,Post-IPO,121900,United States,2022-06-23T19:35:36.000Z,
Aura,Boston,70,2022-06-23,0.09,Security,https://www.bankinfosecurity.com/aura-lays-off-70-staff-after-raising-350m-over-past-year-a-19448,Series F,500,United States,2022-06-25T23:05:37.000Z,
Pipl,Spokane,22,2022-06-23,0.13,Security,https://en.globes.co.il/en/article-fake-profile-finder-pipl-firing-22-hiring-50-1001416113,Unknown,19,United States,2022-06-23T14:59:19.000Z,
Vouch,SF Bay Area,15,2022-06-23,0.07,Finance,Internal memo,Series C,159,United States,2022-06-23T23:48:04.000Z,
Voyage SMS,Los Angeles,8,2022-06-23,0.13,Marketing,https://dot.la/voyage-fires-staffers-downturn-continues-2657548730.html,Unknown,10,United States,2022-06-30T02:58:16.000Z,
Esper,Seattle,,2022-06-23,0.12,Other,https://www.geekwire.com/2022/seattle-startup-esper-cuts-12-of-staff-citing-current-economic-climate-as-tech-layoffs-continue/,Series A,10,United States,2022-06-23T18:45:10.000Z,
Kune,"Nairobi, Non-U.S.",,2022-06-23,1,Food,https://www.linkedin.com/posts/robinreecht_sad-day-kune-food-closed-down-today-since-activity-6945419207807221760-p9K6/,Seed,1,Kenya,2022-06-23T15:01:11.000Z,
Mark43,New York City,,2022-06-23,,Other,https://www.linkedin.com/news/story/police-tech-startup-cuts-staff-5904746/,Series E,229,United States,2022-06-23T17:21:35.000Z,
Orchard,New York City,,2022-06-23,0.1,Real Estate,https://www.linkedin.com/posts/orchardhomes_it-is-with-a-lot-of-sadness-that-we-share-activity-6945830698826027008-_3y5/,Series D,472,United States,2022-06-23T22:28:14.000Z,
Ro,New York City,,2022-06-23,0.18,Healthcare,https://techcrunch.com/2022/06/23/ro-cuts-18-of-staff-despite-narrowing-focus-raising-additional-capital/,Unknown,1000,United States,2022-06-23T21:53:13.000Z,
StreamElements,"Tel Aviv, Non-U.S.",,2022-06-23,0.2,Media,https://esportsinsider.com/2022/06/streamelements-restructures-20-percent-workforce/,Series B,111,Israel,2022-06-24T18:01:32.000Z,
MasterClass,SF Bay Area,120,2022-06-22,0.2,Education,https://techcrunch.com/2022/06/22/masterclass-cuts-20-of-600-person-staff-to-get-to-self-sustainability-faster/,Series E,461,United States,2022-06-23T03:57:08.000Z,
IronNet,Washington D.C.,90,2022-06-22,0.35000000000000003,Security,https://www.crn.com/news/security/ironnet-lays-off-35-percent-of-staff-raises-going-concern-red-flag,Post-IPO,410,United States,2022-09-17T14:34:04.000Z,
Bungalow,SF Bay Area,70,2022-06-22,,Real Estate,Internal memo,Series C,171,United States,2022-06-23T04:10:48.000Z,
IronNet,Washington D.C.,55,2022-06-22,0.17,Security,https://ir.ironnet.com/financials/all-sec-filings##document-520-0001193125-22-180852-1,Post-IPO,410,United States,2022-06-25T00:16:32.000Z,
Sprinklr,New York City,50,2022-06-22,,Support,https://www.businessinsider.com/sprinklr-layoff-marketing-department-martech-2022-7,Post-IPO,429,United States,2022-06-26T02:41:14.000Z,
Superpedestrian,Boston,35,2022-06-22,0.07,Transportation,https://techcrunch.com/2022/06/22/superpedestrian-voi-among-the-latest-micromobility-layoffs/,Series C,261,United States,2022-06-23T04:01:42.000Z,
Voi,"Stockholm, Non-U.S.",35,2022-06-22,0.1,Transportation,https://www.voiscooters.com/blog/increased-focus-on-profitability/,Series D,515,Sweden,2022-06-23T03:58:30.000Z,
Balto,St. Louis,30,2022-06-22,,Sales,https://www.bizjournals.com/stlouis/inno/stories/news/2022/06/22/software-startup-balto-lays-off-about-30-employees.html,Series B,51,United States,2022-06-23T04:13:07.000Z,
Ritual,"Toronto, Non-U.S.",23,2022-06-22,0.16,Food,https://www.linkedin.com/feed/update/urn:li:activity:6945414597742903297/,Series C,134,Canada,2022-06-23T04:03:46.000Z,
Mindgeek,"Luxembourg, Non-U.S.",,2022-06-22,,Media,https://variety.com/2022/digital/news/pornhub-layoffs-nonconsensual-sex-videos-1235300666/,Unknown,,Luxembourg,2022-06-26T23:51:31.000Z,
Voly,"Sydney, Non-U.S.",,2022-06-22,0.5,Food,https://www.smh.com.au/business/entrepreneurship/grocery-delivery-startup-voly-slashes-operations-as-tech-sector-slumps-20220620-p5av60.html,Seed,13,Australia,2022-06-23T04:15:27.000Z,
Ebanx,"Curitiba, Non-U.S.",340,2022-06-21,0.2,Finance,https://www.reuters.com/technology/brazils-ebanx-lays-off-20-employees-cuts-sweep-tech-sector-2022-06-21/,Series B,460,Brazil,2022-06-22T03:39:31.000Z,
TaskUs,Los Angeles,52,2022-06-21,0,Support,Internal memo,Post-IPO,279,United States,2022-06-22T03:58:25.000Z,
Community,Los Angeles,40,2022-06-21,0.3,Marketing,https://www.businessinsider.com/creator-celeb-text-messaging-platform-community-has-layoffs-2022-6,Unknown,40,United States,2022-06-22T03:44:30.000Z,
Sourcegraph,SF Bay Area,24,2022-06-21,0.08,Product,https://newsletter.pragmaticengineer.com/p/the-scoop-15,Series D,248,United States,2022-06-23T20:59:56.000Z,
Frubana,"Bogota, Non-U.S.",,2022-06-21,0.03,Food,https://www.bloomberglinea.com/english/ebanx-frubana-layoff-staff-as-latam-startups-feel-market-backdrop/,Series C,202,Colombia,2022-06-22T04:07:20.000Z,
SuperLearn,"Bengaluru, Non-U.S.",,2022-06-21,1,Education,https://inc42.com/buzz/another-edtech-startup-bites-the-dust-bengaluru-based-superlearn-shuts-shop/,Seed,0,India,2022-06-22T03:36:06.000Z,
Tray.io,SF Bay Area,,2022-06-21,0.1,Data,Internal memo,Series C,109,United States,2022-06-22T03:46:41.000Z,
Bybit,"Singapore, Non-U.S.",600,2022-06-20,0.3,Crypto,https://techcrunch.com/2022/06/20/bybit-crypto-exchange-joins-the-the-list-of-companies-cutting-staff/,Unknown,,Singapore,2022-06-22T03:41:17.000Z,
SummerBio,SF Bay Area,101,2022-06-20,1,Healthcare,https://www.bizjournals.com/sanfrancisco/inno/stories/news/2022/06/20/covid-testing-startup-summerbio-is-cutting-jobs.html,Unknown,7,United States,2022-06-22T03:34:01.000Z,
Trax,"Singapore, Non-U.S.",100,2022-06-20,0.12,Retail,https://en.globes.co.il/en/article-retail-analytics-co-trax-laying-off-over-100-1001415644,Series E,1000,Singapore,2022-06-21T03:18:53.000Z,
Aqgromalin,"Chennai, Non-U.S.",80,2022-06-20,0.3,Food,https://inc42.com/buzz/exclusive-sequoia-backed-aqgromalin-lays-off-30-workforce/,Unknown,12,India,2022-06-21T03:31:03.000Z,
Bonsai,"Toronto, Non-U.S.",30,2022-06-20,0.55,Retail,https://betakit.com/torontos-bonsai-lays-off-staff-for-second-time-in-two-months/,Series A,27,Canada,2022-06-21T03:21:24.000Z,
Brighte,"Sydney, Non-U.S.",30,2022-06-20,0.15,Energy,https://www.startupdaily.net/topic/fintech/renewables-fintech-brighte-powers-down-shedding-15-of-its-team/,Series C,145,Australia,2022-06-21T03:34:28.000Z,
Buzzer,New York City,,2022-06-20,0.2,Media,https://www.sportico.com/business/tech/2022/buzzer-layoffs-20-million-funding-1234679187/,Unknown,32,United States,2022-06-22T03:43:08.000Z,
Bybit,"Singapore, Non-U.S.",,2022-06-20,,Crypto,https://twitter.com/WuBlockchain/status/1538807715861962752,Unknown,,Singapore,2022-12-04T23:06:09.000Z,
CityMall,"Gurugram, Non-U.S.",191,2022-06-19,0.3,Retail,https://techcrunch.com/2022/06/19/indias-citymall-cuts-191-jobs-following-75-million-fundraise-in-late-march/,Series C,112,India,2022-06-19T18:38:54.000Z,
BitOasis,"Dubai, Non-U.S.",9,2022-06-19,0.05,Crypto,https://www.reuters.com/markets/rates-bonds/middle-east-focused-crypto-firm-bitoasis-cuts-jobs-amid-sector-turmoil-2022-06-19/,Series B,30,United Arab Emirates,2022-06-21T03:32:42.000Z,
Unacademy,"Bengaluru, Non-U.S.",150,2022-06-18,0.03,Education,https://www.moneycontrol.com/news/business/startup/softbank-backed-unacademy-lays-off-another-150-employees-8703281.html,Series H,838,India,2022-06-19T17:09:34.000Z,
Bytedance,"Shanghai, Non-U.S.",150,2022-06-17,,Consumer,https://www.bloomberg.com/news/articles/2022-06-17/bytedance-disbands-shanghai-games-studio-in-expansion-setback#xj4y7vzkg,Unknown,9400,China,2022-06-17T16:28:13.000Z,
Socure,Reno,69,2022-06-17,0.13,Finance,https://www.forbes.com/sites/jeffkauflin/2022/06/17/high-flying-unicorn-socure-lays-off-13-of-staff-as-troubles-in-fintech-spread/?sh=527a320b606c,Series E,646,United States,2022-06-18T20:20:17.000Z,
Finite State,Columbus,16,2022-06-17,0.2,Security,https://www.bizjournals.com/columbus/inno/stories/news/2022/06/17/startup-finite-state-layoffs.html,Series B,49,United States,2022-06-18T16:20:59.000Z,
JOKR,New York City,50,2022-06-16,0.05,Food,https://techcrunch.com/2022/06/16/jokr-grocery-delivery-leaving-us-latin-america/,Series B,430,United States,2022-06-19T18:40:46.000Z,
Zumper,SF Bay Area,45,2022-06-16,0.15,Real Estate,https://therealdeal.com/2022/06/16/zumper-slashes-15-of-staff/,Series D,178,United States,2022-06-16T15:31:29.000Z,
PharmEasy,"Mumbai, Non-U.S.",40,2022-06-16,,Healthcare,https://inc42.com/buzz/ipo-bound-pharmeasy-lays-off-40-employees-from-docon/,Unknown,1600,India,2022-06-17T03:06:34.000Z,
Circulo Health,Columbus,,2022-06-16,0.5,Healthcare,https://www.axios.com/pro/health-tech-deals/2022/06/16/circulo-health-layoffs,Series A,50,United States,2022-06-17T21:41:35.000Z,
Swappie,"Helsinki, Non-U.S.",250,2022-06-15,0.17,Retail,https://swappie.com/fi/blogi/viesti-swappien-toimitusjohtajalta/,Series C,169,Finland,2022-06-15T23:03:52.000Z,
Wealthsimple,"Toronto, Non-U.S.",159,2022-06-15,0.13,Finance,https://www.piquenewsmagazine.com/national-business/wealthsimple-to-layoff-13-of-staff-amid-market-volatility-5481248,Unknown,900,Canada,2022-06-15T16:52:33.000Z,
Weee!,SF Bay Area,150,2022-06-15,0.1,Food,https://www.businessinsider.com/softbank-backed-grocer-weee-laid-off-10-percent-of-its-staff-amid-a-slowdown-in-online-grocery-2022-6,Series E,863,United States,2022-06-19T17:18:46.000Z,
Notarize,Boston,110,2022-06-15,0.25,Legal,https://www.bizjournals.com/boston/news/2022/06/15/notarize-cuts-25-of-staff-in-latest-tech-layoff.html,Series D,213,United States,2022-06-16T02:44:57.000Z,
Elementor,"Tel Aviv, Non-U.S.",60,2022-06-15,0.15,Media,https://en.globes.co.il/en/article-elementor-begins-laying-off-15-of-workforce-1001415176,Unknown,65,Israel,2022-06-15T22:59:42.000Z,
Tonkean,SF Bay Area,23,2022-06-15,0.23,Other,https://www.themarker.com/technation/ty-article/.premium/00000181-6871-dedd-ab9f-e9ff49480000,Series B,83,United States,2022-06-15T23:19:03.000Z,
Airtame,"Copenhagen, Non-U.S.",15,2022-06-15,,Consumer,Internal memo,Unknown,7,Denmark,2022-06-16T04:08:41.000Z,
OpenWeb,"Tel Aviv, Non-U.S.",14,2022-06-15,0.05,Media,https://en.globes.co.il/en/article-openweb-announces-streamlining-plan-including-layoffs-1001415224,Series E,223,Israel,2022-06-15T22:17:08.000Z,
Swyft,"Toronto, Non-U.S.",10,2022-06-15,0.3,Logistics,https://www.theglobeandmail.com/business/technology/article-shopify-backed-ecommerce-delivery-startup-swyft-latest-canadian-tech/,Series A,20,Canada,2022-06-15T15:15:38.000Z,
Crehana,"Lima, Non-U.S.",,2022-06-15,,Education,https://www.bloomberglinea.com/2022/06/15/crehana-confirma-que-hizo-despidos-pero-desliga-la-decision-a-crisis-de-startups/,Series B,93,Peru,2022-06-22T04:05:22.000Z,
JetClosing,Seattle,,2022-06-15,1,Real Estate,https://www.geekwire.com/2022/seattle-startup-jetclosing-which-launched-in-2016-to-digitize-home-closing-process-is-shutting-down/,Series B,44,United States,2022-08-02T03:47:02.000Z,
Coinbase,SF Bay Area,1100,2022-06-14,0.18,Crypto,https://www.cnbc.com/2022/06/14/coinbase-lays-off-18percent-as-execs-prepare-for-recession-crypto-winter.html,Post-IPO,549,United States,2022-06-14T14:26:40.000Z,
Redfin,Seattle,470,2022-06-14,0.08,Real Estate,https://www.streetinsider.com/dr/news.php?id=20212223&gfv=1,Post-IPO,319,United States,2022-06-14T16:40:23.000Z,
Compass,New York City,450,2022-06-14,0.1,Real Estate,https://www.bloomberg.com/news/articles/2022-06-14/compass-to-cut-about-10-of-workforce-amid-us-housing-slowdown#xj4y7vzkg,Post-IPO,1600,United States,2022-06-14T16:41:15.000Z,
Sami,"Sao Paulo, Non-U.S.",75,2022-06-14,0.15,Healthcare,https://braziljournal.com/sami-demite-15-para-conter-queima-de-caixa/,Unknown,36,Brazil,2022-06-14T21:58:47.000Z,
Breathe,"New Delhi, Non-U.S.",50,2022-06-14,0.33,Healthcare,https://inc42.com/buzz/accel-backed-breathe-well-being-lays-off-50-employees/,Series A,6,India,2022-06-16T02:53:53.000Z,
Hunty,"Bogota, Non-U.S.",30,2022-06-14,,HR,https://www.bloomberglinea.com/english/colombian-startups-addi-hunty-confirm-layoffs-as-merqueo-exits-mexico,Seed,6,Colombia,2022-06-15T14:27:17.000Z,
TIFIN,Boulder,24,2022-06-14,0.1,Crypto,https://www.axios.com/pro/fintech-deals/2022/06/14/coinbases-layoffs-hiring-freeze,Series D,204,United States,2022-06-15T14:46:13.000Z,
Addi,"Bogota, Non-U.S.",,2022-06-14,,Finance,https://www.bloomberglinea.com/english/colombian-startups-addi-hunty-confirm-layoffs-as-merqueo-exits-mexico,Series C,376,Colombia,2022-06-15T14:26:14.000Z,
Shopee,"Singapore, Non-U.S.",,2022-06-14,,Food,https://asia.nikkei.com/Spotlight/DealStreetAsia/Sea-s-e-commerce-arm-Shopee-to-cut-staff-across-Southeast-Asia,Unknown,,Singapore,2022-06-14T14:56:27.000Z,
BlockFi,New York City,250,2022-06-13,0.2,Crypto,https://blockfi.com/a-message-from-our-founders,Series E,1000,United States,2022-06-13T16:19:56.000Z,
Wave Sports and Entertainment,Los Angeles,56,2022-06-13,0.33,Media,https://dot.la/wave-sports-entertainment-layoffs-2657504206.html,Series B,65,United States,2022-06-16T02:55:47.000Z,
Studio,SF Bay Area,33,2022-06-13,0.4,Education,Internal memo,Series B,50,United States,2022-06-14T14:48:08.000Z,
Automox,Boulder,,2022-06-13,,Infrastructure,https://www.linkedin.com/posts/automox_today-due-to-the-broader-economic-climate-activity-6942147336605233152-S-xy/,Series C,152,United States,2022-06-14T14:50:22.000Z,
Desktop Metal,Boston,,2022-06-13,0.12,Other,https://www.marketwatch.com/amp/story/desktop-metal-to-lay-off-about-12-of-workforce-271655121739,Post-IPO,811,United States,2022-06-13T16:23:46.000Z,
Crypto.com,"Singapore, Non-U.S.",260,2022-06-10,0.05,Crypto,https://blockworks.co/crypto-com-cutting-5-of-workforce-amid-digital-asset-downturn/,Unknown,156,Singapore,2022-06-11T16:06:48.000Z,
FarEye,"New Delhi, Non-U.S.",250,2022-06-10,0.3,Logistics,https://inc42.com/buzz/exclusive-dragoneer-backed-fareye-lays-off-250-employees/,Series E,150,India,2022-06-10T18:55:02.000Z,
Berlin Brands Group,"Berlin, Non-U.S.",100,2022-06-10,0.1,Retail,https://www.startbase.com/news/berlin-brands-group-entlaesst-fast-100-mitarbeiter/,Unknown,1000,Germany,2022-06-21T03:15:48.000Z,
Sanar,"Sao Paulo, Non-U.S.",60,2022-06-10,0.2,Healthcare,"https://www.terra.com.br/noticias/tecnologia/inovacao/startup-de-medicina-sanar-demite-60-e-pega-funcionarios-de-surpresa,313ce3bfb0f7ebdf601130784b3e8f5fjpp13hkv.html",Unknown,11,Brazil,2022-06-11T15:52:31.000Z,
Freetrade,"London, Non-U.S.",45,2022-06-10,0.15,Finance,https://www.altfi.com/article/9362_exclusive-freetrade-announces-job-cuts-of-up-to-15-of-staff,Unknown,133,United Kingdom,2022-06-10T14:27:39.000Z,
Albert,Los Angeles,20,2022-06-10,0.08,Finance,https://dot.la/albert-fintech-layoffs-2657493613.html50,Series C,175,United States,2022-06-11T16:05:02.000Z,
Keepe,Seattle,,2022-06-10,,Real Estate,https://www.geekwire.com/2022/home-repair-service-keepe-lays-off-staff-as-economic-uncertainty-spooks-startups/,Unknown,6,United States,2022-06-11T03:57:40.000Z,
Liongard,Houston,,2022-06-10,,Infrastructure,https://www.crn.com/news/channel-programs/liongard-lays-off-employees-the-most-difficult-decision-,Series B,22,United States,2022-06-11T04:05:54.000Z,
Ziroom,"Beijing, Non-U.S.",,2022-06-10,0.2,Real Estate,https://pandaily.com/ziroom-lays-off-20-of-hq-staff-property-count-falls-by-nearly-150k/,Unknown,2100,China,2022-06-11T03:55:08.000Z,
OneTrust,Atlanta,950,2022-06-09,0.25,Security,https://www.onetrust.com/blog/onetrust-organizational-update/,Series C,926,United States,2022-06-10T04:14:42.000Z,
Stitch Fix,SF Bay Area,330,2022-06-09,0.15,Retail,https://www.cnbc.com/2022/06/09/stitch-fix-is-laying-off-15percent-of-its-salaried-employees-internal-memo-says.html,Post-IPO,79,United States,2022-06-09T19:49:32.000Z,
Daniel Wellington,"Stockholm, Non-U.S.",200,2022-06-09,0.15,Retail,https://www.breakit.se/artikel/33347/stora-nedskarningar-pa-daniel-wellington-200-personer-sags-upp,Unknown,,Sweden,2022-07-25T04:27:46.000Z,
Convoy,Seattle,90,2022-06-09,0.07,Logistics,https://www.geekwire.com/2022/convoy-which-just-raised-260m-lays-off-7-of-workforce-in-latest-tech-startup-cuts/,Series E,1100,United States,2022-06-10T04:13:41.000Z,
Hologram,Chicago,80,2022-06-09,0.4,Infrastructure,LinkedIn,Series B,82,United States,2022-06-09T15:24:49.000Z,
Boozt,"Malmo, Non-U.S.",70,2022-06-09,0.05,Retail,https://www.breakit.se/artikel/33353/sparpaket-pa-boozt-efter-vinstsmallen-sager-upp-personal,Post-IPO,56,Sweden,2022-07-25T04:26:21.000Z,
The Grommet,Boston,40,2022-06-09,1,Retail,https://www.bizjournals.com/boston/news/2022/06/09/the-grommet-layoffs-employees.html,Acquired,5,United States,2022-06-10T18:59:24.000Z,
Stashaway,"Singapore, Non-U.S.",31,2022-06-09,0.14,Finance,https://www.techinasia.com/stashaway-lays-off-staff,Series D,61,Singapore,2022-06-09T19:57:23.000Z,
Preply,Boston,26,2022-06-09,0.05,Education,Internal memo,Series C,100,United States,2022-06-10T04:21:55.000Z,
Jellysmack,New York City,,2022-06-09,0.08,Media,https://www.businessinsider.com/jellysmack-laid-off-employees-economic-slowdown-email-ceo-to-employees-2022-6,Series C,22,United States,2022-06-10T04:26:49.000Z,
Starship,SF Bay Area,,2022-06-09,0.11,Transportation,https://www.starship.xyz/press_releases/starship-technologies-announces-internal-changes/,Series B,197,United States,2022-06-14T14:54:29.000Z,
Trade Republic,"Berlin, Non-U.S.",,2022-06-09,,Finance,https://financefwd.com/de/entlassungen-bei-trade-republic/,Series C,1200,Germany,2022-06-09T19:59:03.000Z,
Sonder,SF Bay Area,250,2022-06-08,0.21,Travel,Internal memo,Post-IPO,839,United States,2022-06-09T03:25:16.000Z,
Kavak,"Sao Paulo, Non-U.S.",150,2022-06-08,,Transportation,"https://www.terra.com.br/amp/noticias/tecnologia/inovacao/startup-kavak-demite-150-no-rio-e-em-sao-paulo,5cd47d831e523a86ead7e9b2cb92b9dcg9xp78y3.html",Series E,1600,Brazil,2022-06-09T19:00:48.000Z,
Truepill,SF Bay Area,150,2022-06-08,0.15,Healthcare,https://medium.com/truepill-insights/a-message-from-truepill-ceo-sid-viswanathan-9973660e2d8,Series D,255,United States,2022-06-10T04:24:53.000Z,
iPrice Group,Kuala Lumpur,50,2022-06-08,0.2,Retail,https://www.techinasia.com/malaysias-iprice-group-sacks-20-employees,Unknown,26,Malaysia,2022-06-30T03:04:06.000Z,
Memmo,"Stockholm, Non-U.S.",,2022-06-08,0.4,Consumer,https://www.breakit.se/artikel/33321/stort-sparpaket-pa-memmo-man-maste-se-annorlunda-ut,Unknown,24,Sweden,2022-06-11T03:58:49.000Z,
Cazoo,"London, Non-U.S.",750,2022-06-07,0.15,Transportation,https://news.sky.com/story/car-retailer-cazoo-to-cut-750-jobs-after-inflation-hit-12629350,Post-IPO,2000,United Kingdom,2022-06-07T15:27:46.000Z,
Cazoo,"London, Non-U.S.",750,2022-06-07,0.15,Transportation,https://sifted.eu/articles/cazoo-layoffs-european-union/,Post-IPO,2000,United Kingdom,2022-09-09T01:46:48.000Z,
Rupeek,"Bengaluru, Non-U.S.",180,2022-06-07,0.15,Finance,https://www.moneycontrol.com/news/business/startup/gold-loan-platform-rupeek-lays-off-over-180-of-its-employees-8653571.html,Unknown,172,India,2022-06-07T15:23:18.000Z,
Lummo,"Jakarta, Non-U.S.",150,2022-06-07,,Marketing,https://www.moneycontrol.com/news/business/startup/jeff-bezos-sequoia-capital-backed-saas-startup-lummo-lays-off-50-60-employees-from-its-bengaluru-office-8663251.html,Series C,149,Indonesia,2022-06-10T04:31:45.000Z,
Bird,Los Angeles,138,2022-06-07,0.23,Transportation,Internal memo,Post-IPO,783,United States,2022-06-07T16:49:14.000Z,
ID.me,Washington D.C.,130,2022-06-07,,Security,https://www.businessinsider.com/idme-identity-verification-irs-unemployment-facial-recognition-staff-layoffs-economy-2022-6,Unknown,275,United States,2022-06-08T02:24:03.000Z,
KiwiCo,SF Bay Area,40,2022-06-07,,Retail,Internal memo,Unknown,11,United States,2022-06-17T03:04:37.000Z,
Bond,SF Bay Area,,2022-06-07,,Finance,Internal memo,Series A,42,United States,2022-06-10T04:29:00.000Z,
CyberCube,SF Bay Area,,2022-06-07,,Finance,Internal memo,Series B,35,United States,2022-06-19T17:14:49.000Z,
Propzy,"Ho Chi Minh City, Non-U.S.",,2022-06-07,0.5,Real Estate,https://www.techinasia.com/vietnamese-proptech-startup-propzy-restructure-laying-50-staff,Series A,33,Vietnam,2022-09-15T03:57:32.000Z,
Clearco,"Toronto, Non-U.S.",60,2022-06-06,,Finance,https://techcrunch.com/2022/08/30/clearco-cuts-international-staff-as-it-retracts-presence-announces-new-partner/,Series C,681,Canada,2022-08-30T22:47:26.000Z,
Dutchie,Bend,50,2022-06-06,0.07,Other,https://www.geekwire.com/2022/dutchie-lays-off-7-of-workforce-citing-dramatic-market-shift-in-latest-cannabis-tech-company-cuts/,Series D,603,United States,2022-06-07T00:40:23.000Z,
Clearco,"Dublin, Non-U.S.",,2022-06-06,,Finance,https://betakit.com/clearco-expands-to-germany-while-cutting-staff-in-ireland/,Series C,681,Ireland,2022-08-05T19:25:03.000Z,
Deep Instinct,New York City,,2022-06-06,0.1,Security,https://news.crunchbase.com/job-market/cybersecurity-tech-layoffs-deep-instinct/,Series D,259,United States,2022-06-09T03:18:48.000Z,
Sendoso,SF Bay Area,,2022-06-06,0.14,Marketing,https://www.businessinsider.com/layoffs-at-softbank-backed-gifting-startup-sendoso-2022-6,Series C,152,United States,2022-06-06T20:57:26.000Z,
Eruditus,"Mumbai, Non-U.S.",40,2022-06-04,,Education,https://inc42.com/buzz/softbank-backed-edtech-unicorn-eruditus-trims-workforce-lays-off-40-employees/,Series E,1200,India,2022-06-06T00:46:19.000Z,
Afterverse,"Brasilia, Non-U.S.",60,2022-06-03,0.2,Consumer,https://neofeed.com.br/blog/home/o-jogo-virou-afterverse-empresa-de-games-da-movile-corta-ate-60-funcionarios/,Unknown,,Brazil,2023-01-21T00:45:40.000Z,
Superhuman,SF Bay Area,23,2022-06-03,0.22,Consumer,https://www.businessinsider.com/superhuman-email-startup-lays-off-22-percent-staff-2022-6,Series C,108,United States,2022-06-03T21:55:38.000Z,
Food52,New York City,21,2022-06-03,0.15,Food,https://www.adweek.com/media/food52-lays-off-15-of-its-staff-in-a-second-round-of-cuts/,Acquired,176,United States,2022-06-07T00:46:50.000Z,
5B Solar,"Sydney, Non-U.S.",,2022-06-03,0.25,Energy,https://www.news.com.au/finance/business/manufacturing/aussie-startup-5b-solar-sacks-25-per-cent-of-staff/news-story/55133297ccce5f1b7d1edf38f117a631,Series A,12,Australia,2022-06-03T17:58:46.000Z,
Clubhouse,SF Bay Area,,2022-06-03,,Consumer,https://www.bloomberg.com/news/articles/2022-06-03/audio-app-clubhouse-lays-off-staff-as-strategy-shifts#xj4y7vzkg,Series C,110,United States,2022-06-04T02:38:08.000Z,
Tesla,Austin,,2022-06-03,0.1,Transportation,https://www.cnbc.com/2022/06/03/heres-the-email-elon-musk-sent-all-tesla-employees-10percent-job-cuts.html,Post-IPO,20200,United States,2022-11-10T00:54:47.000Z,
Carbon Health,SF Bay Area,250,2022-06-02,0.08,Healthcare,https://www.forbes.com/sites/katiejennings/2022/06/02/healthtech-unicorn-carbon-health-lays-off-250-employees/,Series D,522,United States,2022-06-02T16:32:32.000Z,
Favo,"Sao Paulo, Non-U.S.",170,2022-06-02,,Food,https://exame.com/negocios/de-malas-prontas-startup-favo-deixa-o-brasil-e-demite-170-funcionarios/,Series A,31,Brazil,2022-06-02T23:44:23.000Z,
PolicyGenius,New York City,170,2022-06-02,0.25,Finance,https://techcrunch.com/2022/06/02/insurtech-policygenius-cuts-25-of-staff-less-than-3-months-after-raising-125m/,Series E,286,United States,2022-06-02T19:58:37.000Z,
Yojak,"Gurugram, Non-U.S.",140,2022-06-02,0.5,Construction,https://inc42.com/buzz/info-edge-backed-yojak-lays-off-around-140-employees/,Seed,3,India,2022-06-05T21:38:19.000Z,
Envato,"Melbourne, Non-U.S.",100,2022-06-02,,Marketing,https://www.smartcompany.com.au/technology/envato-redundancy-business-restructuring/,Unknown,,Australia,2022-06-02T20:30:21.000Z,
Gemini,New York City,100,2022-06-02,0.1,Crypto,https://www.bloomberg.com/news/articles/2022-06-02/winklevoss-twins-gemini-slashes-staff-10-on-crypto-slump,Unknown,423,United States,2022-06-02T16:45:39.000Z,
Stord,Atlanta,59,2022-06-02,0.08,Logistics,https://www.businessinsider.com/stord-layoffs-supply-chain-tech-startup-after-raising-120-million-2022-6,Series D,325,United States,2022-06-03T17:55:16.000Z,
Gather,SF Bay Area,30,2022-06-02,0.33,Consumer,https://www.forbes.com/sites/kenrickcai/2022/07/08/gather-town-layoffs-virtual-office-startup-june-2022/?sh=2ca5ac9d4748,Series B,76,United States,2022-06-16T02:47:14.000Z,
Shef,SF Bay Area,29,2022-06-02,,Food,Internal memo,Series A,28,United States,2022-06-03T22:21:40.000Z,
IRL,SF Bay Area,25,2022-06-02,0.25,Consumer,https://techcrunch.com/2022/06/02/irl-layoffs-abraham-shafi-social-media/,Series C,197,United States,2022-06-02T20:29:40.000Z,
Esme Learning,Boston,,2022-06-02,,Education,https://esmelearning.com/blogs/news/esmes-new-horizon,Unknown,37,United States,2022-06-02T23:48:24.000Z,
Kaodim,"Selangor, Non-U.S.",,2022-06-02,1,Consumer,"https://www.thestar.com.my/tech/tech-news/2022/06/02/malaysian-startup-kaodim-to-shut-down-on-july-1-cites-rising-costs-among-challenges#:~:text=Kaodim%20has%20announced%20that%20its,operational%20from%20July%201%2C%202022",Series B,17,Malaysia,2022-06-11T04:04:05.000Z,
Rain,"Manama, Non-U.S.",,2022-06-02,,Finance,https://www.bloomberg.com/news/articles/2022-06-02/coinbase-backed-rain-cuts-jobs-amid-cryptocurrency-selloff?srnd=technology-vp#xj4y7vzkg,Series B,202,Bahrain,2022-06-04T22:00:24.000Z,
TomTom,"Amsterdam, Non-U.S.",500,2022-06-01,0.1,Transportation,https://www.businessinsider.com/tomtom-gps-navigation-tech-layoffs-employees-maps-unit-2022-6,Post-IPO,,Netherlands,2023-01-24T23:00:51.000Z,
Cybereason,Boston,100,2022-06-01,0.06,Security,https://www.calcalistech.com/ctechnews/article/s1zg60v005,Series F,750,United States,2022-06-01T15:45:50.000Z,
Udayy,"Gurugram, Non-U.S.",100,2022-06-01,1,Education,https://www.moneycontrol.com/news/business/startup/info-edge-backed-edtech-startup-udayy-shuts-down-lays-off-all-employees-8621551.html,Seed,2,India,2022-06-01T15:41:15.000Z,
2TM,"Sao Paulo, Non-U.S.",90,2022-06-01,0.12,Crypto,"https://www.terra.com.br/noticias/tecnologia/2tm-dono-do-mercado-bitcoin-demite-90-funcionarios,9ce67613ba7b79292f03bc2027ceb77e9uw5hy0w.html",Unknown,250,Brazil,2022-06-02T03:21:30.000Z,
Curve,"London, Non-U.S.",65,2022-06-01,0.1,Finance,https://www.altfi.com/article/9332_exclusive-curve-joins-klarna-in-mass-jobs-cut,Series C,182,United Kingdom,2022-06-02T18:07:38.000Z,
Loom,SF Bay Area,34,2022-06-01,0.14,Product,https://techcrunch.com/2022/06/01/a16z-backed-loom-video-layoffs/,Series C,203,United States,2022-06-01T23:34:42.000Z,
Skillshare,New York City,31,2022-06-01,,Education,Internal memo,Unknown,136,United States,2022-06-09T19:53:41.000Z,
Impala,"London, Non-U.S.",30,2022-06-01,0.35000000000000003,Travel,https://newsletter.pragmaticengineer.com/p/the-scoop-13,Series B,32,United Kingdom,2022-06-10T19:14:58.000Z,
Eaze,SF Bay Area,25,2022-06-01,,Consumer,https://www.businessinsider.com/cannabis-tech-startup-eaze-laid-off-employees-2022-6,Series D,202,United States,2022-06-02T21:37:58.000Z,
Side,SF Bay Area,,2022-06-01,0.1,Real Estate,https://www.inman.com/2022/06/01/side-lays-off-10-of-workforce-1-year-after-unicorn-valuation/,Unknown,313,United States,2022-06-01T23:57:36.000Z,
Truck It In,"Karachi, Non-U.S.",,2022-06-01,0.3,Logistics,https://techx.pk/truck-it-in-follows-the-airlift-and-swvl-path-laying-off-around-30-of-its-workforce/,Seed,17,Pakistan,2022-06-01T15:51:57.000Z,
Playtika,"Tel Aviv, Non-U.S.",250,2022-05-31,0.06,Consumer,https://en.globes.co.il/en/article-israeli-mobile-games-co-playtika-to-lay-off-250-1001413811,Post-IPO,,Israel,2022-05-31T15:22:20.000Z,
Replicated,Los Angeles,50,2022-05-31,,Infrastructure,https://www.replicated.com/blog/a-message-from-replicateds-ceo/,Series C,85,United States,2022-06-01T15:49:26.000Z,
Tomo,Stamford,44,2022-05-31,0.33,Finance,https://www.businessinsider.com/purchase-mortgage-company-tomo-lays-off-staff-housing-market-slows-2022-5,Series A,110,United States,2022-06-01T00:56:27.000Z,
Getta,"Tel Aviv, Non-U.S.",30,2022-05-31,,Transportation,https://www.themarker.com/technation/2022-05-31/ty-article/.premium/00000181-18d2-d57f-afc1-b8d762210000,Series A,49,Israel,2022-06-01T01:03:29.000Z,
BookClub,Salt Lake City,12,2022-05-31,0.25,Education,Internal memo,Series A,26,United States,2022-06-06T21:00:48.000Z,
Cerebral,SF Bay Area,,2022-05-31,,Healthcare,https://www.bloomberg.com/news/articles/2022-05-31/cerebral-announces-layoffs-amid-script-cutbacks-legal-probe#xj4y7vzkg,Series C,462,United States,2022-06-03T21:00:17.000Z,
SWVL,"Dubai, Non-U.S.",400,2022-05-30,0.32,Transportation,https://techcrunch.com/2022/05/30/swvl-plans-to-lay-off-32-of-its-team-two-months-after-going-public/,Post-IPO,132,United Arab Emirates,2022-05-31T02:08:09.000Z,
Mobile Premier League,"Bengaluru, Non-U.S.",100,2022-05-30,0.1,Consumer,https://www.moneycontrol.com/news/business/startup/exclusive-mobile-premier-league-to-lay-off-100-employees-exit-indonesia-market-8603881.html,Series E,375,India,2022-05-31T15:17:13.000Z,
SumUp,"Sao Paulo, Non-U.S.",100,2022-05-30,0.03,Finance,https://financefwd.com/de/sumup-entlassungen-brasilien/,Unknown,50,Brazil,2022-05-31T15:20:31.000Z,
Tempus Ex,SF Bay Area,,2022-05-30,,Data,Internal memo,Unknown,36,United States,2022-06-16T04:11:30.000Z,
FrontRow,"Bengaluru, Non-U.S.",145,2022-05-27,0.3,Education,https://inc42.com/buzz/exclusive-lightspeed-backed-frontrow-lays-off-145-employees-cut-cost/,Series A,17,India,2022-05-31T02:05:53.000Z,
Daloopa,"New Delhi, Non-U.S.",40,2022-05-27,,Data,https://www.moneycontrol.com/news/business/daloopa-lays-off-40-employees-noida-8620121.html,Series A,23,India,2022-06-02T03:23:54.000Z,
Uncapped,"London, Non-U.S.",29,2022-05-27,0.26,Finance,https://sifted.eu/articles/startup-tech-company-layoffs/,Unknown,118,United Kingdom,2022-05-28T00:11:03.000Z,
Akerna,Denver,,2022-05-27,,Logistics,https://news.yahoo.com/akerna-announces-corporate-restructuring-213000829.html,Unknown,46,United States,2022-06-11T04:00:41.000Z,
Terminus,Atlanta,,2022-05-27,,Marketing,https://www.bizjournals.com/atlanta/inno/stories/news/2022/05/27/terminus-atlanta-startup-layoffs.html,Series C,120,United States,2022-05-28T00:16:59.000Z,
Terminus,Atlanta,,2022-05-27,,Marketing,https://www.bizjournals.com/atlanta/inno/stories/news/2022/05/27/terminus-atlanta-startup-layoffs.html,Unknown,192,United States,2023-02-19T04:57:14.000Z,
VTEX,"Sao Paulo, Non-U.S.",200,2022-05-26,0.13,Retail,https://www.bloomberglinea.com.br/2022/05/26/inverno-chegou-unicornios-vtex-e-bitso-fazem-demissao-em-massa/,Post-IPO,365,Brazil,2022-05-27T03:23:38.000Z,
Bitso,"Mexico City, Non-U.S.",80,2022-05-26,0.11,Crypto,https://www.coindesk.com/business/2022/05/26/top-latin-american-crypto-exchange-bitso-lays-off-80-employees/,Series C,378,Mexico,2022-05-27T03:27:22.000Z,
Foodpanda,"Bucharest, Non-U.S.",80,2022-05-26,,Food,https://sifted.eu/articles/glovo-foodpanda-layoffs/,Acquired,749,Romania,2022-05-28T00:12:23.000Z,
Dazn,"London, Non-U.S.",50,2022-05-26,0.02,Consumer,https://deadline.com/2022/05/dazn-50-roles-redundant-london-1235033389/,Unknown,,United Kingdom,2022-06-11T04:02:04.000Z,
Lacework,SF Bay Area,300,2022-05-25,0.2,Security,https://twitter.com/GergelyOrosz/status/1529575067117658112,Series D,1900,United States,2022-05-25T23:03:03.000Z,
Bolt,SF Bay Area,240,2022-05-25,0.27,Finance,https://www.forbes.com/sites/kenrickcai/2022/05/25/checkout-startup-bolt-lays-off-more-than-200-people-or-at-least-25-of-its-staff/?sh=1789cd092201,Series E,1300,United States,2022-05-25T17:57:59.000Z,
PeerStreet,Los Angeles,75,2022-05-25,,Finance,Internal memo,Series C,121,United States,2022-05-28T15:59:34.000Z,
Kontist,"Berlin, Non-U.S.",50,2022-05-25,0.25,Finance,https://financefwd.com/de/kontist-entlassungen/,Series B,53,Germany,2022-05-25T13:51:39.000Z,
Nuri,"Berlin, Non-U.S.",45,2022-05-25,0.2,Finance,https://www.handelsblatt.com/finanzen/banken-versicherungen/banken/fintech-berliner-neobank-nuri-streicht-jede-fuenfte-stelle/28373716.html,Series B,42,Germany,2022-05-25T13:50:45.000Z,
Coterie Insurance,Cincinnati,30,2022-05-25,0.2,Finance,https://www.bizjournals.com/cincinnati/inno/stories/news/2022/05/27/cincinnati-tech-startup-coterie-cuts-downs.html,Series B,70,United States,2022-05-27T03:49:06.000Z,
Airlift,"Lahore, Non-U.S.",,2022-05-25,0.31,Logistics,https://profit.pakistantoday.com.pk/2022/05/25/airlift-closes-down-operations-in-south-africa-smaller-cities-in-pakistan-amidst-global-downturn/,Series B,109,Pakistan,2022-05-25T21:07:18.000Z,
Getir,"Istanbul, Non-U.S.",,2022-05-25,0.14,Food,https://techcrunch.com/2022/05/25/getir-the-12b-instant-delivery-startup-plans-to-axe-14-of-staff-globally-and-cut-aggressive-expansion-plans/,Series E,1800,Turkey,2022-05-25T15:42:05.000Z,
Zapp,"London, Non-U.S.",,2022-05-25,0.1,Food,https://sifted.eu/articles/zapp-layoffs-staff/,,300,United Kingdom,2022-05-27T03:46:29.000Z,
Gorillas,"Berlin, Non-U.S.",300,2022-05-24,0.5,Food,https://www.theverge.com/2022/5/24/23139272/gorillas-on-demand-grocery-delivery-app-lays-off-employees-hq,Series C,1300,Germany,2022-05-24T15:00:36.000Z,
Zenius,"Jakarta, Non-U.S.",200,2022-05-24,,Education,https://www.cnnindonesia.com/ekonomi/20220524142448-92-800561/zenius-phk-lebih-dari-200-karyawan,Series B,20,Indonesia,2022-05-25T03:28:33.000Z,
The Zebra,Austin,40,2022-05-24,,Finance,https://coverager.com/layoffs-at-the-zebra/,Series D,256,United States,2022-05-25T03:33:25.000Z,
Klarna,"Stockholm, Non-U.S.",700,2022-05-23,0.1,Finance,https://www.di.se/digital/sparpaket-pa-klarna-sparkar-10-procent-av-alla-anstallda/,Unknown,3700,Sweden,2022-05-23T15:56:45.000Z,
PayPal,SF Bay Area,83,2022-05-23,,Finance,https://www.bizjournals.com/sanjose/news/2022/05/23/paypal-lays-off-83-workers-from-san-jose-hq.html,Post-IPO,216,United States,2022-05-26T03:02:05.000Z,
Buenbit,"Buenos Aires, Non-U.S.",80,2022-05-23,0.45,Crypto,https://www.coindesk.com/business/2022/05/24/argentinian-crypto-exchange-buenbit-cuts-45-of-staff-due-to-tech-industry-downturn/,Series A,11,Argentina,2022-05-25T13:53:51.000Z,
BeyondMinds,"Tel Aviv, Non-U.S.",65,2022-05-23,1,Data,https://en.globes.co.il/en/article-beyondminds-shuts-down-lays-off-65-1001412743,Series A,16,Israel,2022-05-23T16:02:53.000Z,
ClickUp,San Diego,60,2022-05-23,0.07,Other,https://www.protocol.com/bulletins/clickup-layoff-productivity-app,Series C,537,United States,2022-05-25T03:21:27.000Z,
Airtime,New York City,30,2022-05-23,0.2,Consumer,Internal memo,Series B,33,United States,2022-08-17T18:42:08.000Z,
Olist,"Curitiba, Non-U.S.",,2022-05-23,,Retail,"https://www.terra.com.br/noticias/tecnologia/inovacao/unicornio-olist-faz-demissoes-mas-rechaca-crise-na-companhia,255c294ee9e32047e1720aa6397f08e8pvf4joya.html",Series E,322,Brazil,2022-05-25T03:31:13.000Z,
MFine,"Bengaluru, Non-U.S.",600,2022-05-21,0.75,Healthcare,https://inc42.com/buzz/exclusive-healthtech-startup-mfine-fires-600-employees/,Series C,97,India,2022-05-22T01:06:19.000Z,
Latch,New York City,130,2022-05-20,0.28,Security,https://www.globenewswire.com/news-release/2022/05/20/2447915/0/en/Latch-resets-cost-structure.html,Post-IPO,342,United States,2022-05-21T21:28:06.000Z,
Outside,Boulder,87,2022-05-20,0.15,Media,https://www.adweek.com/media/outside-inc-lays-off-15-of-staff-as-it-transitions-to-digital/,Series B,174,United States,2022-05-22T01:47:59.000Z,
Skillz,SF Bay Area,70,2022-05-20,0.1,Consumer,https://techcrunch.com/2022/05/20/startup-tech-layoff-may-week-3/,Post-IPO,287,United States,2022-05-21T21:16:09.000Z,
Cars24,"Gurugram, Non-U.S.",600,2022-05-19,0.06,Transportation,https://entrackr.com/2022/05/softbank-backed-cars24-lays-off-600-employees/,Series G,1300,India,2022-05-19T14:39:55.000Z,
Vedantu,"Bengaluru, Non-U.S.",424,2022-05-18,0.07,Education,https://economictimes.indiatimes.com/tech/startups/vedantu-says-it-is-laying-off-another-424-employees/articleshow/91636698.cms,Series E,292,India,2022-05-18T15:48:04.000Z,
Netflix,SF Bay Area,150,2022-05-17,0.01,Media,https://www.cnbc.com/2022/05/17/netflix-lays-off-150-employees-as-the-streaming-service-contends-with-big-subscriber-losses.html,Post-IPO,121900,United States,2022-05-17T18:58:36.000Z,
Kry,"Stockholm, Non-U.S.",100,2022-05-17,0.1,Healthcare,https://www.di.se/digital/sparpaket-pa-kry-varslar-100-personer/,Series D,568,Sweden,2022-05-17T14:22:08.000Z,
Picsart,Miami,90,2022-05-17,0.08,Consumer,https://www.theinformation.com/articles/picsart-a-photo-editing-startup-for-creators-cuts-8-of-workforce,Series C,195,United States,2022-05-17T22:26:00.000Z,
Zak,"Sao Paulo, Non-U.S.",100,2022-05-16,0.4,Food,https://www.baguete.com.br/noticias/16/05/2022/zak-demite-40-da-equipe,Series A,29,Brazil,2022-05-17T19:49:10.000Z,
Zulily,Seattle,,2022-05-16,,Retail,https://www.geekwire.com/2022/online-retailer-zulily-lays-off-corporate-workers-as-parent-qurate-aims-to-cut-expenses/,Acquired,194,United States,2022-05-17T14:17:49.000Z,
AliExpress Russia,"Moscow, Non-U.S.",400,2022-05-14,0.4,Retail,https://asia.nikkei.com/Politics/Ukraine-war/Alibaba-s-Russian-venture-slashes-40-of-staff-amid-Ukraine-war,Acquired,60,Russia,2022-05-14T01:12:19.000Z,
Thirty Madison,New York City,24,2022-05-14,,Healthcare,https://usanewsweb.com/hybrid-clinic-thirty-madison-lays-off-24-folks-after-nurx-merger/,Acquired,209,United States,2022-05-16T05:01:42.000Z,
CommonBond,New York City,22,2022-05-13,,Finance,https://www.linkedin.com/feed/update/urn:li:activity:6930967047673708544/,Series D,130,United States,2022-05-25T20:55:18.000Z,
Subspace,Los Angeles,,2022-05-13,1,Infrastructure,https://www.linkedin.com/posts/subspace-com_we-regret-to-announce-that-effective-may-activity-6930952295824207873-2z25/,Series B,,United States,2022-05-17T03:14:20.000Z,
Zwift,Los Angeles,150,2022-05-12,,Fitness,https://www.dcrainmaker.com/2022/05/zwift-cancels-smart-bike-hardware-plans-announces-significant-layoffs.html,Series C,619,United States,2022-05-12T14:35:37.000Z,
Section4,New York City,32,2022-05-12,,Education,https://techcrunch.com/2022/05/12/professor-scott-galloways-edtech-startup-section-4-lay-offs/,Series A,37,United States,2022-05-12T23:29:41.000Z,
Tripwire,Portland,,2022-05-12,,Security,https://www.oregonlive.com/silicon-forest/2022/05/tripwires-new-owner-lays-off-dozens-3-months-after-buying-portland-tech-company.html,Acquired,29,United States,2022-05-12T18:35:17.000Z,
DataRobot,Boston,70,2022-05-11,0.07,Data,https://www.theinformation.com/briefings/ai-startup-datarobot-lays-off-7-in-cost-cutting-move,Series G,1000,United States,2022-05-11T17:48:05.000Z,
Carvana,Phoenix,2500,2022-05-10,0.12,Transportation,https://techcrunch.com/2022/05/10/carvana-to-cut-2500-staff-as-it-struggles-with-overcapacity/,Post-IPO,1600,United States,2022-05-10T15:35:42.000Z,
Doma,SF Bay Area,310,2022-05-10,0.15,Finance,https://www.housingwire.com/articles/doma-lays-off-15-of-work-force-as-q1-revenue-declines/,Post-IPO,679,United States,2022-05-12T17:23:03.000Z,
Pollen,"London, Non-U.S.",200,2022-05-10,0.33,Travel,https://newsletter.pragmaticengineer.com/p/the-scoop-11?s=w,Series C,238,United Kingdom,2022-05-20T00:32:35.000Z,
Latch,New York City,30,2022-05-10,0.06,Security,https://techcrunch.com/2022/05/13/startup-tech-layoff-and-hiring-freeze-in-may/,Post-IPO,342,United States,2022-05-12T01:19:13.000Z,
Meero,"Paris, Non-U.S.",350,2022-05-09,0.5,Other,https://www.challenges.fr/entreprise/la-licorne-meero-le-uber-de-la-photo-a-licencie-pres-de-50-de-ses-effectifs_812527,Series C,293,France,2023-03-04T00:53:09.000Z,
Vroom,New York City,270,2022-05-09,0.14,Transportation,https://www.marketwatch.com/amp/story/vroom-names-shortt-as-ceo-amid-business-realignment-shares-up-after-hours-271652132516,Post-IPO,1300,United States,2022-05-10T02:49:25.000Z,
Reef,Miami,750,2022-05-06,0.05,Transportation,https://www.restaurantbusinessonline.com/technology/reef-lay-5-workforce,Unknown,1500,United States,2022-05-06T21:36:17.000Z,
divvyDOSE,Davenport,62,2022-05-06,,Healthcare,https://qctimes.com/business/local/online-pharmacy-that-said-it-would-add-200-300-jobs-lays-off-62-davenport-workers/article_15603279-2b4e-5f43-b452-123c5fd3f7a9.html,Acquired,0,United States,2022-05-14T01:17:43.000Z,
Vedantu,"Bengaluru, Non-U.S.",200,2022-05-05,0.03,Education,https://economictimes.indiatimes.com/tech/startups/edtech-unicorn-vedantu-lays-off-200-employees/articleshow/91346831.cms,Series E,292,India,2022-05-07T13:51:07.000Z,
Progrexion,Salt Lake City,100,2022-05-05,,Finance,https://news.crunchbase.com/job-market/progrexion-lays-off-workers/,Acquired,202,United States,2023-04-19T04:29:55.000Z,
Mural,SF Bay Area,90,2022-05-05,0.1,Product,LinkedIn,Series C,192,United States,2022-05-06T17:01:46.000Z,
On Deck,SF Bay Area,72,2022-05-05,0.25,Education,https://techcrunch.com/2022/05/05/on-deck-lay-off-accelerator/,Series A,20,United States,2022-05-05T18:40:03.000Z,
SEND,"Sydney, Non-U.S.",300,2022-05-04,1,Food,https://www.smartcompany.com.au/finance/delivery-startup-send-collapses/,Seed,3,Australia,2022-05-09T02:01:50.000Z,
Colossus,Boston,97,2022-05-04,,Energy,Company exec,Series A,41,United States,2022-05-12T01:16:08.000Z,
Cameo,Chicago,87,2022-05-04,0.25,Consumer,https://www.theinformation.com/articles/cameo-a-celebrity-shoutout-app-lays-off-25-of-workforce,Unknown,165,United States,2022-05-04T23:34:16.000Z,
Mainstreet,SF Bay Area,45,2022-05-04,0.3,Finance,https://www.businessinsider.com/mainstreet-lays-off-third-of-employees-market-conditions-2022-5,Series A,64,United States,2022-05-05T14:43:11.000Z,
Ideoclick,Seattle,40,2022-05-04,,Retail,https://www.bizjournals.com/seattle/news/2022/05/04/ideoclick-discloses-40-layoffs.html,Series A,7,United States,2022-05-09T01:57:34.000Z,
Vise,New York City,25,2022-05-04,,Finance,https://citywireusa.com/registered-investment-advisor/news/vise-lays-off-sales-staff-as-part-of-strategy-shift/a2386682,Series C,128,United States,2022-05-04T23:38:20.000Z,
Bizpay,"Sydney, Non-U.S.",,2022-05-04,0.3,Finance,https://www.news.com.au/finance/business/banking/sydney-buy-now-pay-later-provider-bizpay-cuts-30-per-cent-of-workforce/news-story/ec35b092a89e653666e8c46bf537c6ab,Unknown,45,Australia,2022-05-12T01:14:28.000Z,
Thrasio,Boston,,2022-05-02,,Retail,https://techcrunch.com/2022/05/02/amazon-aggregator-thrasio-begins-layoffs-names-new-ceo/,Unknown,3400,United States,2022-05-02T23:32:24.000Z,
Avo,"Tel Aviv, Non-U.S.",500,2022-05-01,0.67,Food,https://en.globes.co.il/en/article-israeli-grocery-delivery-co-avo-lays-off-500-1001410720,Series B,45,Israel,2022-05-02T23:33:56.000Z,
Noom,New York City,495,2022-04-29,,Healthcare,https://www.engadget.com/noom-reported-layoffs-101346556.html,Series F,657,United States,2022-05-02T23:56:13.000Z,
Domestika,SF Bay Area,150,2022-04-28,0.19,Education,https://www.epe.es/es/economia/20220428/domestika-tecnologica-despidos-ere-encubierto-13576187,Series D,130,United States,2022-07-25T04:25:21.000Z,
Netflix,SF Bay Area,25,2022-04-28,,Media,https://www.thewrap.com/netflix-layoffs-tudum-site-marketing-department/,Post-IPO,121900,United States,2022-05-12T01:21:49.000Z,
Wahoo Fitness,Atlanta,50,2022-04-27,,Fitness,https://road.cc/content/news/wahoo-buys-rgt-cyclingand-lays-50-staff-292273,Unknown,,United States,2022-06-19T17:08:11.000Z,
Robinhood,SF Bay Area,340,2022-04-26,0.09,Finance,https://www.cnbc.com/2022/04/26/robinhood-cutting-about-9percent-of-full-time-employees.html,Post-IPO,5600,United States,2022-04-26T20:57:19.000Z,
Bonsai,"Toronto, Non-U.S.",29,2022-04-26,0.34,Retail,https://betakit.com/bonsai-lays-off-a-third-of-employees-shortly-after-21-million-series-a-citing-shift-to-growth-strategy/,Series A,27,Canada,2022-06-21T03:27:57.000Z,
Sigfox,"Toulouse, Non-U.S.",64,2022-04-25,,Other,https://www.lightreading.com/iot/sigfox-takeover-saddles-unabiz-with-heavy-baggage/d/d-id/777022,Acquired,277,France,2023-02-23T22:33:19.000Z,
Clyde,New York City,22,2022-04-25,,Marketing,https://docs.google.com/spreadsheets/d/1jWyr1oko2FKvofXRRIgCu3tTKlNdnqXj7Qyr1oy-OAE/edit,Series B,58,United States,2022-05-11T03:08:18.000Z,
Xiaohongshu,"Shanghai, Non-U.S.",180,2022-04-21,0.09,Consumer,https://www.reuters.com/technology/chinas-xiaohongshu-kicks-off-staff-layoffs-source-2022-04-21/,Series E,917,China,2022-04-23T02:47:32.000Z,
Facily,"Sao Paulo, Non-U.S.",260,2022-04-20,0.3,Retail,https://startups.com.br/noticias/brazilian-e-commerce-firm-facily-slashes-workforce-by-30/,Series D,502,Brazil,2022-04-27T23:14:32.000Z,
Lemonade,New York City,52,2022-04-20,,Finance,https://coverager.com/layoffs-at-lemonade/,Post-IPO,481,United States,2022-05-28T00:15:36.000Z,
Blend,SF Bay Area,200,2022-04-19,0.1,Finance,https://www.housingwire.com/articles/blend-lays-off-200-workers-as-mortgage-industry-sputters/,Post-IPO,665,United States,2022-04-20T03:20:02.000Z,
QuintoAndar,"Sao Paulo, Non-U.S.",160,2022-04-19,0.04,Real Estate,https://aimgroup.com/2022/04/19/quintoandar-lays-off-4-its-workforce/,Series E,755,Brazil,2022-04-24T03:25:19.000Z,
Loft,"Sao Paulo, Non-U.S.",159,2022-04-19,,Real Estate,https://thegoaspotlight.com/2022/04/19/loft-lays-off-159-employees-to-reorganize-credit-area/,Unknown,788,Brazil,2022-04-24T03:27:19.000Z,
Better.com,New York City,,2022-04-19,,Real Estate,https://techcrunch.com/2022/04/19/better-com-conducts-third-round-of-layoffs-in-five-months/,Unknown,905,United States,2022-04-19T15:30:03.000Z,
Automox,Boulder,,2022-04-18,0.11,Infrastructure,https://www.linkedin.com/posts/automox_this-morning-we-shared-the-difficult-news-activity-6920062206382329856-qUd1/,Series C,152,United States,2022-05-09T14:57:34.000Z,
Humble,SF Bay Area,10,2022-04-15,,Media,https://www.gamedeveloper.com/business/humble-lays-off-employees-in-ecommerce-restructuring,Acquired,4,United States,2022-06-14T14:59:06.000Z,
Halcyon Health,New York City,,2022-04-15,1,Healthcare,https://www.axios.com/pro/health-tech-deals/2022/04/15/halcyon-health-shutters-amid-pandemic-troubles,Unknown,2,United States,2022-04-15T22:57:56.000Z,
Ahead,SF Bay Area,44,2022-04-14,1,Healthcare,https://www.bloomberg.com/news/articles/2022-04-14/online-adhd-medication-startup-ahead-is-shutting-down?sref=yLCixKPR,Unknown,9,United States,2022-04-15T22:56:14.000Z,
Truepill,SF Bay Area,,2022-04-14,,Healthcare,https://docs.google.com/spreadsheets/d/1csdEakKxSWWMfL5ZG_XqZL0oRBDPlKjBI1Hahe903P8/,Series D,255,United States,2022-05-11T03:04:55.000Z,
Rad Power Bikes,Seattle,100,2022-04-12,0.14,Transportation,https://www.geekwire.com/2022/rad-power-bikes-lays-off-100-employees-about-14-of-staff-after-raising-304m-last-year/,Series D,329,United States,2022-05-05T23:38:15.000Z,
Meesho,"Bengaluru, Non-U.S.",150,2022-04-11,,Retail,https://inc42.com/buzz/meesho-layoffs-150-employees-fired-by-softbank-backed-unicorn/,Series F,1100,India,2022-04-15T22:53:15.000Z,
Food52,New York City,20,2022-04-08,0.1,Food,https://www.businessinsider.com/food52-layoffs-employees-shocked-chernin-group-investment-2022-4,Acquired,176,United States,2022-05-07T23:29:58.000Z,
Unacademy,"Bengaluru, Non-U.S.",1000,2022-04-07,0.17,Education,https://economictimes.indiatimes.com/tech/startups/unacademy-lays-off-around-1000-employees-as-edtech-major-begins-a-massive-cost-cutting-exercise/articleshow/90703708.cms,Series H,838,India,2022-04-07T15:30:40.000Z,
Goodfood,"Calgary, Non-U.S.",70,2022-04-07,,Food,https://thelogic.co/news/exclusive/meal-kit-pioneer-goodfood-goes-through-another-round-of-staff-cuts-amid-struggles-with-supply-chain-inflation/,Post-IPO,16,Canada,2022-08-11T13:34:04.000Z,
Workrise,Austin,450,2022-04-05,,Energy,https://techcrunch.com/2022/04/05/workrise-cuts-staff-verticals-after-being-valued-at-2-9b-last-year/,Series E,752,United States,2022-03-25T18:50:54.000Z,
Fast,SF Bay Area,,2022-04-05,1,Finance,https://www.theinformation.com/articles/fast-the-troubled-fintech-startup-is-shutting-down,Series B,124,United States,2022-04-05T19:14:54.000Z,
BitMEX,Non-U.S.,75,2022-04-04,0.25,Crypto,https://www.theblockcrypto.com/post/140412/bitmex-lays-off-75-employees-after-bank-acquisition-collapses,Seed,0,Seychelles,2022-04-05T00:02:46.000Z,
Legible,"Vancouver, Non-U.S.",23,2022-04-04,0.38,Media,https://betakit.com/in-effort-to-cut-costs-cse-listed-legible-lays-off-over-a-third-of-its-employees/,Post-IPO,3,Canada,2022-04-15T23:02:12.000Z,
Lightico,"Tel Aviv, Non-U.S.",20,2022-03-31,,Finance,https://www.calcalistech.com/ctechnews/article/bydwq4phj,Series B,42,Israel,2023-02-07T04:09:53.000Z,
Sea,"Bengaluru, Non-U.S.",350,2022-03-30,,Retail,https://www.techinasia.com/shopee-indias-over-300-staff-lurch-checks-out-country,Post-IPO,8600,India,2022-03-30T22:01:10.000Z,
Rasa,"Berlin, Non-U.S.",59,2022-03-30,0.4,Data,https://www.businessinsider.de/gruenderszene/business/exklusiv-massenentlassungen-rasa-andreessen-horowitz-ki/,Series B,40,Germany,2022-03-30T22:05:26.000Z,
Gopuff,Philadelphia,450,2022-03-29,0.03,Food,https://www.theinformation.com/articles/gopuff-plans-hundreds-of-layoffs-to-cut-40-million-in-costs,Series H,3400,United States,2022-03-30T15:13:26.000Z,
Thinkific,"Vancouver, Non-U.S.",100,2022-03-29,0.2,Education,https://betakit.com/following-2021-losses-thinkific-to-lay-off-100-employees/,Post-IPO,22,Canada,2022-03-30T03:34:47.000Z,
Furlenco,"Bengaluru, Non-U.S.",180,2022-03-26,,Retail,https://inc42.com/buzz/exclusive-furlenco-lays-off-180-employees-in-push-for-automation/,Series D,228,India,2022-03-28T03:21:06.000Z,
Grove Collaborative,SF Bay Area,,2022-03-19,0.17,Retail,https://www.retaildive.com/news/grove-collaborative-is-on-the-cusp-of-going-public-heres-what-the-company/621069/,Series E,474,United States,2022-03-30T15:13:21.000Z,
Storytel,"Stockholm, Non-U.S.",100,2022-03-17,0.1,Media,https://www.svt.se/kultur/storytel-pausar-planen-om-varldsherravalde-pa-ljudboksmarknaden,Post-IPO,275,Sweden,2022-05-17T14:26:25.000Z,
Curology,SF Bay Area,150,2022-03-16,,Healthcare,https://www.bizjournals.com/sanfrancisco/news/2022/03/16/curology-skincare-sf-layoffs-funding-dtc.html,Series D,19,United States,2022-03-18T02:55:37.000Z,
Trell,"Bengaluru, Non-U.S.",300,2022-03-15,0.5,Retail,https://www.businesstoday.in/entrepreneurship/news/story/amidst-face-off-between-investors-co-founders-trell-may-lay-off-300-employees-326399-2022-03-17,Series B,62,India,2022-05-07T13:47:23.000Z,
Knock,New York City,115,2022-03-15,0.46,Real Estate,https://www.bloomberg.com/news/articles/2022-03-15/startup-knock-scraps-plans-to-go-public-lays-off-half-its-staff,Unknown,654,United States,2022-03-17T15:04:14.000Z,
Talis Biomedical,SF Bay Area,,2022-03-15,0.25,Healthcare,https://www.fool.com/earnings/call-transcripts/2022/03/15/talis-biomedical-corporation-tlis-q4-2021-earnings/,Post-IPO,8,United States,2022-06-17T16:26:16.000Z,
Sezzle,Minneapolis,,2022-03-10,0.2,Finance,https://www.protocol.com/fintech/sezzle-zip-layoffs,Post-IPO,301,United States,2022-03-11T04:54:38.000Z,
Better.com,New York City,3000,2022-03-08,0.33,Real Estate,https://www.nytimes.com/2022/03/08/business/better-mortgage-lender-layoffs.html,Unknown,905,United States,2022-03-09T00:46:57.000Z,
Adaptive Biotechnologies,Seattle,100,2022-03-08,0.12,Healthcare,https://www.geekwire.com/2022/adaptive-biotechnologies-lays-off-about-100-people-12-of-headcount-to-streamline-our-workforce/,Post-IPO,406,United States,2022-05-29T17:59:11.000Z,
Hyperscience,New York City,100,2022-03-03,0.25,Data,https://www.theinformation.com/articles/automation-firm-hyperscience-slashes-staff-loses-ceo-as-startups-face-growing-pressure,Series E,289,United States,2022-03-04T00:14:26.000Z,
WeDoctor,Non-U.S.,500,2022-03-02,,Healthcare,https://www.bloomberg.com/news/articles/2022-03-03/wedoctor-is-said-to-cut-workforce-after-delay-in-going-public,Series F,1400,China,2022-03-05T17:03:33.000Z,
Wish,SF Bay Area,190,2022-03-01,0.15,Retail,https://www.marketwatch.com/story/wish-stock-dives-as-holiday-sales-miss-layoffs-planned-11646170199,Post-IPO,1600,United States,2022-05-14T01:20:14.000Z,
iFit,Logan,,2022-02-25,,Fitness,https://www.sltrib.com/news/business/2022/02/25/utahs-ifit-sweats-through/,Private Equity,200,United States,2022-11-22T17:51:21.000Z,
OKCredit,"New Delhi, Non-U.S.",30,2022-02-24,,Finance,https://inc42.com/buzz/tiger-global-backed-okcredit-lays-off-around-40-employees/,Series B,85,India,2022-02-26T15:42:46.000Z,
Lido,"Mumbai, Non-U.S.",150,2022-02-21,,Education,https://inc42.com/buzz/edtech-startup-lido-lays-off-over-150-employees-just-5-months-after-raising-10-mn/,Series A,24,India,2022-02-22T02:46:22.000Z,
Virgin Hyperloop,Los Angeles,111,2022-02-21,0.5,Transportation,https://www.ft.com/content/d87f77bd-0a0a-4512-b983-197f184f5352,Unknown,368,United States,2022-02-22T15:59:44.000Z,
Trustly,"Stockholm, Non-U.S.",120,2022-02-17,,Finance,https://igamingbusiness.com/trustly-to-lay-off-120-as-it-increases-account-to-account-focus/,Acquired,28,Sweden,2022-05-17T14:25:37.000Z,
Liv Up,"Sao Paulo, Non-U.S.",100,2022-02-16,0.15,Food,https://startups.com.br/noticias/liv-up-faz-reestruturacao-e-corta-15-do-quadro/,Series D,118,Brazil,2022-04-27T23:17:35.000Z,
Homie,Salt Lake City,119,2022-02-14,0.29,Real Estate,https://www.deseret.com/utah/2022/2/14/22933350/utah-real-esate-homie-cuts-staff-amid-roiled-real-estate-market-record-home-prices-low-inventory,Series B,35,United States,2022-02-11T21:07:58.000Z,
Hopin,"London, Non-U.S.",138,2022-02-10,0.12,Other,https://techcrunch.com/2022/02/10/virtual-events-platform-hopin-cuts-12-of-staff-citing-goal-of-sustainable-growth/,Series D,1000,United Kingdom,2022-02-11T01:18:28.000Z,
Daily Harvest,New York City,60,2022-02-10,0.2,Food,https://www.bloomberg.com/news/articles/2023-02-10/meal-startup-daily-harvest-layoffs-target-more-than-20-of-staff#xj4y7vzkg,Series D,120,United States,2023-02-10T23:53:09.000Z,
Peloton,New York City,2800,2022-02-08,0.2,Fitness,https://techcrunch.com/2022/02/08/peloton-ceo-steps-down-as-the-company-cuts-2800-jobs/,Post-IPO,1900,United States,2022-02-08T17:08:53.000Z,
Defined.ai,Seattle,,2022-02-07,,Data,https://www.bizjournals.com/seattle/inno/stories/news/2022/02/07/defined-ai-layoffs-missed-growth-targets.html,Series B,78,United States,2022-07-07T15:43:05.000Z,
Rhino,New York City,57,2022-02-03,0.2,Real Estate,https://therealdeal.com/2022/02/03/proptech-startup-rhino-lays-off-over-20-of-its-staff/,Unknown,133,United States,2022-02-04T23:08:49.000Z,
Gopuff,Philadelphia,100,2022-01-26,,Food,https://www.businessinsider.com/gopuff-eliminates-about-100-jobs-control-costs-before-potential-ipo-2022-1,Series H,3400,United States,2022-02-04T16:58:47.000Z,
Glossier,New York City,80,2022-01-26,0.33,Consumer,https://techcrunch.com/2022/01/26/glossier-just-laid-off-one-third-of-its-corporate-employees-mostly-in-tech/,Series E,266,United States,2022-01-26T21:48:14.000Z,
Root Insurance,Columbus,330,2022-01-20,,Finance,https://coverager.com/root-lays-off-a-significant-number-of-employees/,Post-IPO,527,United States,2022-01-23T22:09:42.000Z,
Protonn,"Bengaluru, Non-U.S.",,2022-01-20,1,Other,https://economictimes.indiatimes.com/tech/startups/protonn-shuts-its-business-returns-9-million-to-investors/articleshow/89007094.cms,Seed,9,India,2023-12-04T03:03:02.000Z,
Spin,SF Bay Area,,2022-01-08,0.25,Transportation,https://www.engadget.com/ford-e-scooter-company-spin-leaving-markets-laying-off-staff-154545440.html,Acquired,8,United States,2022-01-09T01:15:10.000Z,
Delivery Hero,"Berlin, Non-U.S.",300,2021-12-22,,Food,https://www.businessinsider.de/gruenderszene/food/nach-foodpanda-aus-delivery-hero-kuendigt-300-mitarbeitern-b/,Post-IPO,8300,Germany,2021-12-30T21:33:38.000Z,
iFit,Logan,,2021-12-08,,Fitness,https://www.hjnews.com/news/business/ifit-lays-off-undisclosed-number-of-employees-before-holidays/article_71b755a5-cfcf-5503-8a88-601cdea04ffc.html,Private Equity,200,United States,2022-11-22T17:52:40.000Z,
Better.com,New York City,900,2021-12-01,0.09,Real Estate,https://techcrunch.com/2021/12/01/better-com-lays-off-9-of-its-staff/,Unknown,905,United States,2021-12-01T23:06:04.000Z,
BitTitan,Seattle,70,2021-11-18,0.27,Data,https://www.seattletimes.com/business/seventy-set-for-layoffs-at-bellevue-startup-bittitan/,Acquired,46,United States,2021-11-20T16:32:47.000Z,
Zillow,Seattle,2000,2021-11-02,0.25,Real Estate,https://www.geekwire.com/2021/zillow-shutter-home-buying-business-lay-off-2k-employees-big-real-estate-bet-falters/,Post-IPO,97,United States,2021-11-02T21:18:59.000Z,
InVision,New York City,22,2021-10-05,,Product,Internal memo,Unknown,356,United States,2022-05-07T21:49:53.000Z,
Ozy Media,SF Bay Area,,2021-10-01,1,Media,https://www.nytimes.com/2021/10/01/business/media/ozy-media-carlos-watson.html,Series C,70,United States,2021-10-01T23:08:33.000Z,
Zymergen,SF Bay Area,120,2021-09-23,,Other,https://www.bizjournals.com/sanfrancisco/news/2021/09/23/zymergen-job-cuts-synthetic-biology-hyaline.html,Post-IPO,974,United States,2021-09-25T18:10:28.000Z,
Imperfect Foods,SF Bay Area,,2021-09-22,,Food,https://www.businessinsider.com/imperfect-foods-employees-executives-flee-the-grocery-startup-2021-9,Series D,229,United States,2022-06-14T14:46:41.000Z,
Genius,New York City,,2021-09-15,,Consumer,https://www.bloomberg.com/news/articles/2021-09-16/former-startup-darling-genius-sells-assets-for-80-million,Acquired,78,United States,2021-09-16T19:16:42.000Z,
Treehouse,Portland,41,2021-09-14,0.9,Education,https://www.oregonlive.com/silicon-forest/2021/09/online-coding-school-treehouse-formerly-based-in-portland-lays-off-most-of-its-staff.html,Series B,12,United States,2021-10-27T15:12:11.000Z,
Casper,New York City,,2021-09-14,,Retail,https://techcrunch.com/2021/09/14/casper-cuts-its-cmo-cto-and-coo-amid-further-layoffs/,Post-IPO,339,United States,2021-09-15T00:44:24.000Z,
Tanium,Seattle,30,2021-08-30,,Security,https://www.businessinsider.com/tanium-layoffs-senior-product-marketing-2021-8,Unknown,1000,United States,2022-06-07T02:42:05.000Z,
Flockjay,SF Bay Area,37,2021-08-24,0.5,Education,https://techcrunch.com/2021/08/24/flockjay-cuts-at-least-half-of-its-workforce-as-it-pivots-away-from-bootcamps-into-b2b-saas/,Series A,14,United States,2021-08-24T20:41:13.000Z,
Bytedance,"Shanghai, Non-U.S.",1800,2021-08-05,,Consumer,https://www.reuters.com/world/china/bytedance-lay-off-staff-close-businesses-over-china-tutoring-clampdown-sources-2021-08-05/,Unknown,9400,China,2021-08-05T19:34:20.000Z,
Pagarbook,"Bengaluru, Non-U.S.",80,2021-07-26,,HR,https://inc42.com/buzz/sequoia-backed-pagarbook-lays-off-around-80-employees/,Series A,17,India,2021-07-29T23:27:46.000Z,
Katerra,SF Bay Area,2434,2021-06-01,1,Construction,https://therealdeal.com/2021/06/01/troubled-construction-startup-katerra-will-shut-down-report/,Unknown,1600,United States,2021-06-01T19:36:52.000Z,
SumUp,"London, Non-U.S.",,2021-05-05,,Finance,https://financefwd.com/de/entlassungen-bei-sumup/,Unknown,53,United Kingdom,2021-05-06T16:04:23.000Z,
Lambda School,SF Bay Area,65,2021-04-29,,Education,https://techcrunch.com/2021/04/29/lambda-school-lays-off-65-employees-amid-restructuring/,Series C,122,United States,2021-04-30T04:52:47.000Z,
Madefire,SF Bay Area,,2021-04-29,1,Media,https://techcrunch.com/2021/04/29/madefire-shuts-down/,Series B,16,United States,2021-04-30T04:55:12.000Z,
Patreon,SF Bay Area,36,2021-04-26,,Media,https://www.youtube.com/watch?v=MV-3GgU6rlo,Series D,165,United States,2021-04-29T16:27:02.000Z,
New Relic,SF Bay Area,160,2021-04-06,0.07,Infrastructure,https://siliconangle.com/2021/04/06/new-relic-let-go-7-employees-amid-business-model-refocus/,Post-IPO,214.5,United States,2021-04-07T02:19:39.000Z,
Medium,SF Bay Area,,2021-03-24,,Media,https://ev.medium.com/medium-editorial-team-update-8679bcb9fe81,Series C,132,United States,2021-03-27T15:52:17.000Z,
HuffPo,New York City,47,2021-03-09,,Media,https://www.huffpost.com/entry/huffpost-buzzfeed-layoffs_n_60479ba2c5b6af8f98beb89d,Acquired,37,United States,2021-03-09T18:46:02.000Z,
Subspace,Los Angeles,,2021-03-03,,Infrastructure,LinkedIn,Series B,,United States,2021-03-04T16:16:56.000Z,
Clumio,SF Bay Area,,2021-03-01,,Data,https://blocksandfiles.com/2021/03/01/cloud-concentrating-clumio-lays-off-more-staff/,Series C,186,United States,2021-03-04T03:49:37.000Z,
DJI,SF Bay Area,,2021-02-24,,Consumer,https://dronelife.com/2021/02/24/dji-layoffs-in-palo-alto-office-will-remain-open/,Unknown,105,United States,2021-02-25T21:43:14.000Z,
Ninjacart,"Bengaluru, Non-U.S.",200,2021-02-23,,Food,https://inc42.com/buzz/ninjacart-employee-layoffs/,Unknown,194,India,2021-02-23T23:14:13.000Z,
Bounce,"Bengaluru, Non-U.S.",200,2021-02-22,0.4,Transportation,https://economictimes.indiatimes.com/tech/startups/bounce-goes-for-second-round-of-layoffs-as-demand-for-mobility-lags/articleshow/81144047.cms,Series D,214.2,India,2021-02-22T23:38:05.000Z,
ThredUp,Chicago,243,2021-02-09,,Retail,https://www.chicagotribune.com/business/ct-biz-thredup-vernon-hills-layoffs-20210209-m7a47qe53vf2neztz26ouko23i-story.html,Series F,305,United States,2021-02-09T23:15:03.000Z,
Indigo,Boston,80,2021-02-09,,Other,https://www.bizjournals.com/boston/news/2021/02/09/indigo-layoffs-across-multiple-locations.html,Series F,1200,United States,2021-02-11T22:42:26.000Z,
Limelight,New York City,13,2021-02-04,1,Recruiting,Company exec,Unknown,,United States,2021-02-05T16:50:44.000Z,
Quandoo,"Berlin, Non-U.S.",87,2021-02-03,0.2,Food,https://www.berliner-zeitung.de/en/berlin-reservation-platform-quandoo-slashes-jobs-li.137352,Acquired,39,Germany,2021-02-18T01:02:39.000Z,
Hubba,"Toronto, Non-U.S.",45,2021-02-01,1,Retail,https://betakit.com/hubba-to-shut-down/,Series B,61,Canada,2021-02-03T18:03:36.000Z,
Bytedance,"Mumbai, Non-U.S.",1800,2021-01-27,,Consumer,https://entrackr.com/2021/01/bytedance-set-to-wrap-up-indian-ops-and-lay-off-over-1800-employees/,Unknown,7400,India,2021-01-28T00:27:24.000Z,
Privitar,"London, Non-U.S.",20,2021-01-27,,Data,https://www.bizjournals.com/boston/inno/stories/news/2021/01/27/layoffs-at-privitar-coronavirus-boston.html,Series C,150,United Kingdom,2021-01-28T18:15:09.000Z,
Shutterfly,SF Bay Area,800,2021-01-25,,Retail,https://thedeadpixelssociety.com/lifetouch-shutterfly-staff-reductions-near-800/,Acquired,50,United States,2023-01-26T21:07:54.000Z,
Postmates,SF Bay Area,180,2021-01-23,0.15,Food,https://www.nytimes.com/2021/01/23/technology/uber-postmates-layoffs.html,Acquired,763,United States,2021-01-25T00:21:44.000Z,
Instacart,SF Bay Area,1877,2021-01-21,,Food,https://www.bloomberg.com/news/articles/2021-01-21/instacart-to-cut-1-900-jobs-including-its-only-union-positions,Unknown,2400,United States,2021-01-21T22:15:59.000Z,
Pocketmath,Singapore,21,2021-01-20,1,Marketing,https://www.businessinsider.com/mobile-advertising-company-pocketmath-shut-down-facing-lawsuits-2021-1,Unknown,20,Singapore,2021-01-21T22:17:17.000Z,
Dropbox,SF Bay Area,315,2021-01-13,0.15,Other,https://www.cnbc.com/2021/01/13/dropbox-to-cut-11percent-of-its-global-workforce.html,Post-IPO,1700,United States,2021-01-13T17:21:36.000Z,
Aura Financial,SF Bay Area,,2021-01-11,1,Finance,https://www.linkedin.com/pulse/farewell-aura-your-mission-endures-james-gutierrez/,Unknown,584,United States,2021-01-28T22:31:40.000Z,
Simple,Portland,,2021-01-07,1,Finance,https://www.oregonlive.com/silicon-forest/2021/01/simple-portland-online-banker-is-shutting-down.html,Acquired,15,United States,2021-01-08T01:27:57.000Z,
WhiteHat Jr,"Mumbai, Non-U.S.",1800,2021-01-06,,Education,https://inc42.com/buzz/whitehat-jr-employees-transition-opportunity-byjus/,Acquired,11,India,2021-01-11T16:19:48.000Z,
Pulse Secure,SF Bay Area,78,2020-12-23,,Security,https://www.bizjournals.com/sanjose/news/2020/12/23/pulse-secure-layoffs.html,Acquired,,United States,2020-12-28T20:03:12.000Z,
Breather,"Montreal, Non-U.S.",120,2020-12-16,0.8,Real Estate,https://www.theglobeandmail.com/business/article-breather-hopes-for-second-wind-as-montreal-flexible-workspace-provider/,Series D,131,Canada,2020-12-17T17:19:48.000Z,
Actifio,Boston,54,2020-12-16,,Data,https://www.bizjournals.com/boston/news/2020/12/16/actifio-layoffs-google.html,Acquired,352,United States,2020-12-17T23:04:12.000Z,
OYO,"Gurugram, Non-U.S.",600,2020-12-08,,Travel,https://www.forbesindia.com/news/business/startup/exclusive-oyo-lays-off-another-600-800-employees-as-it-moves-to-a-revenue-sharing-model-6202571.html,Series F,3200,India,2020-12-09T05:22:35.000Z,
Zinier,SF Bay Area,,2020-11-25,,HR,LinkedIn,Series C,120,United States,2020-12-01T16:28:27.000Z,
Aya,"Toronto, Non-U.S.",5,2020-11-19,0.25,Finance,https://betakit.com/fintech-and-healthtech-startup-aya-comes-out-of-stealth-with-3-2-million-cad-in-seed-financing/,Seed,3,Canada,2020-11-19T23:11:29.000Z,
Domio,New York City,,2020-11-18,0.5,Real Estate,https://therealdeal.com/national/2020/11/18/short-term-rental-operator-domio-shuts-down/,Series B,116,United States,2020-11-19T23:01:37.000Z,
Bridge Connector,Nashville,154,2020-11-17,1,Healthcare,https://www.nashvillepost.com/business/health-care/article/21144528/bridge-connector-closing-down,Series B,45,United States,2020-11-19T23:19:46.000Z,
Tidepool,SF Bay Area,18,2020-11-17,0.4,Healthcare,https://www.linkedin.com/posts/tidepoolorg_activity-6734927153630183424-s-x0/,Unknown,,United States,2021-01-09T05:20:30.000Z,
Igenous,Seattle,,2020-11-17,,Data,https://blocksandfiles.com/2020/11/17/igneous-layoffs/,Series C,67,United States,2020-11-19T23:14:53.000Z,
Scoop,SF Bay Area,,2020-11-17,,Transportation,https://layoffs.fyi/2020/12/02/scoop-conducts-second-layoff-in-2020/,Series C,95,United States,2020-12-02T17:28:26.000Z,
Worksmith,Austin,30,2020-11-09,0.5,Retail,https://www.bizjournals.com/austin/inno/stories/profiles/2020/11/09/pandemic-forced-worksmith-to-innovate.html,Unknown,3.8,United States,2020-11-12T20:04:09.000Z,
Rubica,Seattle,,2020-11-05,1,Security,https://www.geekwire.com/2020/seattle-cybersecurity-startup-rubica-shuts-running-cash/,Series A,14,United States,2020-12-23T05:40:56.000Z,
Bossa Nova,SF Bay Area,,2020-11-02,0.5,Retail,https://www.cnbc.com/2020/11/02/walmart-ends-contract-with-robotics-company-bossa-nova-report-says.html,Unknown,101.6,United States,2020-11-05T22:16:21.000Z,
LivePerson,New York City,30,2020-11-01,,Support,https://en.globes.co.il/en/article-liveperson-to-lay-off-30-in-israel-1001347824#,Post-IPO,42,United States,2023-01-21T22:51:20.000Z,
Remedy,Austin,82,2020-10-29,,Healthcare,https://www.bizjournals.com/austin/news/2020/10/29/health-tech-startup-remedy-lays-off-82-employees.html,Series A,12.5,United States,2020-11-03T16:11:13.000Z,
Knotel,New York City,20,2020-10-29,0.08,Real Estate,https://www.businessinsider.com/knotel-layoffs-job-cuts-coworking-fundraise-amol-sarva-office-demand-2020-10,Series C,560,United States,2020-11-03T16:13:56.000Z,
Cheetah,SF Bay Area,,2020-10-25,,Food,https://layoffs.fyi/2020/11/04/cheetah-conducts-layoff-cites-challenges-facing-the-restaurant-industry/,Series B,67,United States,2020-11-04T17:54:10.000Z,
CodeCombat,SF Bay Area,8,2020-10-23,,Education,https://layoffs.fyi/2020/10/23/codecombat-launches-alumni-talent-directory-following-layoff/,Series A,8,United States,2020-10-23T16:33:07.000Z,
Quibi,Los Angeles,,2020-10-21,1,Media,https://layoffs.fyi/2020/11/03/quibi-layoff-list-surfaces-after-company-shuts-down/,Private Equity,1800,United States,2020-10-22T14:11:52.000Z,
Zomato,"Jakarta, Non-U.S.",,2020-10-20,,Food,https://dailysocial.id/post/zomato-to-disband-indonesia-local-operation,Series J,914,Indonesia,2020-10-22T14:50:16.000Z,
GetYourGuide,"Berlin, Non-U.S.",90,2020-10-14,0.17,Travel,https://www.reuters.com/article/tech-getyourguide/german-travel-startup-getyourguide-lets-go-of-a-sixth-of-staff-idUSL8N2H544X,Series E,656,Germany,2020-10-16T19:52:35.000Z,
OLX India,"New Delhi, Non-U.S.",250,2020-10-10,,Marketing,https://inc42.com/buzz/olx-india-lays-off-250-employees-set-to-renew-focus-on-2-verticals/,Acquired,28,India,2020-10-12T17:12:32.000Z,
Chef,Seattle,,2020-10-08,,Infrastructure,https://www.geekwire.com/2020/progress-makes-layoffs-chef-220m-acquisition-says-remains-committed-roadmap/,Acquired,105,United States,2020-10-16T19:54:28.000Z,
Alto Pharmacy,SF Bay Area,47,2020-09-29,0.06,Healthcare,https://layoffs.fyi/2020/10/07/alto-pharmacy-lays-off-47-employees/,Series D,356,United States,2020-10-07T19:46:03.000Z,
TheWrap,Los Angeles,,2020-09-29,,Media,https://nypost.com/2020/09/29/ex-hollywood-reporter-billboard-exec-lynne-segall-lands-at-the-wrap/,Series B,3.5,United States,2020-09-30T18:17:57.000Z,
HumanForest,"London, Non-U.S.",,2020-09-25,,Transportation,https://techcrunch.com/2020/09/25/humanforest-suspends-london-e-bike-sharing-service-cuts-jobs-after-customer-accident/,Private Equity,1.54,United Kingdom,2020-09-28T19:51:42.000Z,
WeWork ,"Shenzen, Non-U.S.",,2020-09-23,,Real Estate,https://techcrunch.com/2020/09/23/wework-sells-majority-stake-in-chinese-entity-seeks-localization/,Series H,19500,China,2020-09-28T19:49:44.000Z,
Air,New York City,,2020-09-16,0.16,Marketing,https://air.inc/blog/series-a,Series A,18,United States,2020-09-21T16:32:53.000Z,
NS8,Las Vegas,240,2020-09-11,0.9500000000000001,Data,https://twitter.com/VitalVegas/status/1304355796008853506,Series A,157.9,United States,2020-09-11T15:08:13.000Z,
Bleacher Report,"London, Non-U.S.",20,2020-09-11,,Media,https://awfulannouncing.com/br/more-layoffs-in-works-at-bleacher-report.html,Acquired,40.5,United Kingdom,2020-09-12T01:52:03.000Z,
HubHaus,SF Bay Area,,2020-09-11,1,Real Estate,https://www.theinformation.com/articles/co-living-startup-hubhaus-plans-to-shut-down,Series A,13.4,United States,2020-09-12T01:54:26.000Z,
Waze,SF Bay Area,30,2020-09-09,0.054000000000000006,Transportation,https://www.theverge.com/2020/9/9/21428907/waze-layoff-pandemic-google-navigation-driving,Acquired,67,United States,2020-09-10T14:30:43.000Z,
Ouster,SF Bay Area,,2020-09-08,0.1,Transportation,https://techcrunch.com/2020/09/08/lidar-startup-ouster-raises-42m-in-push-to-grow-sales-diversify-products/,Series B,132,United States,2020-09-09T16:30:12.000Z,
Swing Education,SF Bay Area,,2020-09-05,,Education,https://www.sfchronicle.com/business/article/Bay-Area-startups-connect-families-teachers-for-15544289.php,Series B,22.8,United States,2020-09-08T17:45:42.000Z,
Akerna,Denver,,2020-09-02,,Logistics,https://mjbizdaily.com/cannabis-tech-platform-akernas-ample-organics-acquisition-spurs-layoffs-leadership-changes/,Post-IPO,,United States,2020-09-04T15:11:34.000Z,
Awok,"Dubai, Non-U.S.",,2020-09-02,1,Retail,https://www.menabytes.com/awok-shuts-down/,Series A,30,United Arab Emirates,2020-09-02T18:23:18.000Z,
Big Fish Games,Seattle,250,2020-09-01,,Media,https://venturebeat.com/2020/09/01/big-fish-games-cuts-250-jobs-and-streamlines-mobile-game-operations/,Acquired,95.2,United States,2020-09-02T18:43:40.000Z,
GoBear,"Singapore, Non-U.S.",22,2020-09-01,0.11,Finance,https://layoffs.fyi/2020/09/13/gobear-launches-talent-directory-after-laying-off-22-employees/,Unknown,97,Singapore,2020-09-02T17:45:46.000Z,
MakeMyTrip,"New Delhi, Non-U.S.",350,2020-08-31,0.1,Travel,https://yourstory.com/2020/08/makemytrip-restructuring-layoffs-deep-kalra,Post-IPO,548,India,2020-09-02T17:45:18.000Z,
Salesforce,SF Bay Area,1000,2020-08-26,0.018500000000000003,Sales,https://www.bloomberg.com/news/articles/2020-08-26/salesforce-cuts-1-000-jobs-after-banner-quarter-stock-surge,Post-IPO,65.4,United States,2020-08-26T20:28:20.000Z,
kununu,Boston,,2020-08-26,,Recruiting,https://www.linkedin.com/posts/dan-sirk-a220902_after-4-years-at-kununu-continuously-improving-activity-6699389550428512256-X2X4/,Acquired,,United States,2020-09-02T18:27:35.000Z,
Superloop,"Brisbane, Non-U.S.",30,2020-08-24,,Infrastructure,https://www.arnnet.com.au/article/682373/superloop-reduces-losses-30-workers-laid-off-amid-covid-19/,Post-IPO,36,Australia,2022-06-26T23:50:08.000Z,
Spaces,Los Angeles,,2020-08-24,,Media,https://www.protocol.com/apple-vr-ar-spaces-acquisition,Acquired,9.5,United States,2020-08-26T02:09:10.000Z,
StreamSets,SF Bay Area,,2020-08-20,,Data,https://www.fastcompany.com/90540630/my-startup-made-difficult-layoffs-heres-how-i-kept-morale-up-and-our-culture-intact,Series C,76.2,United States,2020-08-24T21:47:03.000Z,
Docly,"London, Non-U.S.",8,2020-08-19,0.8,Healthcare,https://sifted.eu/articles/docly-slash-in-uk/,Seed,15.5,United Kingdom,2020-08-20T17:02:35.000Z,
Mapify,"Berlin, Non-U.S.",,2020-08-19,,Travel,https://www.linkedin.com/posts/patrickhaede_yesterday-we-communicated-the-sad-news-that-activity-6702202576349208576-3_BQ/,Seed,1.3,Germany,2020-08-25T19:29:18.000Z,
Lumina Networks,SF Bay Area,,2020-08-18,1,Infrastructure,https://www.luminanetworks.com/newsroom/lumina-networks-to-wind-down/,Series A,10,United States,2020-08-20T17:09:12.000Z,
DJI,"Shenzen, Non-U.S.",,2020-08-17,,Consumer,https://www.reuters.com/article/us-china-tech-dji-focus/chinese-dronemaker-dji-makes-sweeping-cuts-in-long-march-reforms-idUSKCN25D0HF,Unknown,105,China,2020-08-18T21:01:35.000Z,
Shopify,"Ottawa, Non-U.S.",30,2020-08-14,,Retail,https://betakit.com/shopify-cuts-office-staff-amid-remote-work-shift/,Post-IPO,122.3,Canada,2020-08-14T16:28:41.000Z,
InVision,New York City,,2020-08-14,,Product,LinkedIn,Series F,350.2,United States,2020-08-19T15:48:39.000Z,
HopSkipDrive,Los Angeles,,2020-08-12,,Transportation,https://dot.la/hopskipdrive-the-ridesharing-app-for-kids-announces-layoffs-2646963481.html,Unknown,45,United States,2020-08-13T04:50:50.000Z,
Mozilla,SF Bay Area,250,2020-08-11,0.25,Consumer,https://layoffs.fyi/2020/08/12/mozilla-lays-off-250-employees-launches-talent-directory/,Unknown,2.3,United States,2020-08-11T15:32:55.000Z,
Eatsy,"Singapore, Non-U.S.",20,2020-08-08,1,Food,https://www.businesstimes.com.sg/garage/food-ordering-startup-eatsy-shutters-operations-0,Seed,0.9755,Singapore,2020-08-10T18:04:45.000Z,
Glossier,New York City,150,2020-08-07,0.38,Retail,https://www.glossier.com/blog/retail-update-covid19,Series D,186.4,United States,2020-08-19T17:43:26.000Z,
The Appraisal Lane,"Montevideo, Non-U.S.",,2020-08-07,,Transportation,https://layoffs.fyi/2020/08/11/the-appraisal-lane-shuts-down-uruguay-operation-releases-talent-directory/,Seed,1.8,Uruguay,2020-08-11T15:38:50.000Z,
Thriver,"Toronto, Non-U.S.",75,2020-08-06,0.5,Food,https://betakit.com/platterz-raises-43-8-million-cad-series-b-rebrands-to-thriver-as-company-pivots-post-pandemic/,Series B,53,Canada,2020-08-07T17:41:29.000Z,
Vesta,Atlanta,56,2020-08-05,,Sales,https://www.americaninno.com/atlanta/roundups/the-atlanta-tech-layoffs-that-happened-this-summer/,Unknown,20,United States,2020-08-06T21:47:10.000Z,
Booking.com,"Amsterdam, Non-U.S.",4375,2020-07-30,0.25,Travel,https://skift.com/2020/08/04/booking-com-restructuring-will-pare-its-workforce-by-up-to-25-percent/,Acquired,,Netherlands,2020-08-04T15:02:25.000Z,
Buy.com / Rakuten,SF Bay Area,87,2020-07-30,1,Retail,https://techcrunch.com/2020/07/30/rakuten-is-shuttering-the-online-shop-formerly-known-as-buy-com/,Acquired,42.4,United States,2020-07-31T16:36:58.000Z,
tZero,New York City,,2020-07-30,,Finance,https://www.businesswire.com/news/home/20200729005299/en/tZERO-CEO-Saum-Noursalehi-Update-Company-Progress,Acquired,472,United States,2020-07-30T19:25:57.000Z,
Pared,SF Bay Area,,2020-07-29,,Food,https://layoffs.fyi/list/pared/,Unknown,13,United States,2020-07-31T14:13:57.000Z,
Procore,Los Angeles,180,2020-07-28,0.09,Construction,https://www.bloomberg.com/news/articles/2020-07-28/software-startup-procore-said-to-cut-180-jobs-ahead-of-ipo,Unknown,649,United States,2020-07-28T23:43:56.000Z,
Swiggy,"Bengaluru, Non-U.S.",350,2020-07-27,0.05,Food,https://www.livemint.com/companies/news/350-swiggy-employees-lose-their-jobs-in-round-2-of-layoffs-11595951553823.html,Series I,1600,India,2020-07-28T20:25:53.000Z,
Zeitgold,"Berlin, Non-U.S.",75,2020-07-27,0.72,Finance,https://layoffs.fyi/2020/08/04/bookkeeping-startup-zeitgold-lays-off-75-employees-and-pivots-to-tax-prep-software/,Series B,60.18,Germany,2020-08-03T17:27:09.000Z,
Perkbox,"London, Non-U.S.",,2020-07-27,,HR,https://layoffs.fyi/2020/07/27/hr-tech-startup-perkbox-launches-talent-directory-following-layoff/,Unknown,29.7,United Kingdom,2020-07-27T15:46:23.000Z,
Checkr,SF Bay Area,64,2020-07-23,0.12,HR,https://layoffs.fyi/2020/07/28/checkr-lays-off-64-employees/,Series D,309,United States,2020-07-24T15:51:15.000Z,
Sorabel,"Jakarta, Non-U.S.",,2020-07-23,1,Retail,https://e27.co/indonesian-e-commerce-platform-sorabel-to-shut-down-by-end-of-july-20200723/,Series B,27,Indonesia,2020-07-24T16:55:50.000Z,
LinkedIn,SF Bay Area,960,2020-07-21,0.06,Recruiting,https://layoffs.fyi/2020/08/04/linkedin-launches-official-talent-directory-after-laying-off-960-employees/,Acquired,154,United States,2020-07-21T14:44:13.000Z,
Lighter Capital,Seattle,22,2020-07-20,0.49,Finance,https://www.geekwire.com/2020/seattle-based-alternative-vc-firm-lighter-capital-lays-off-employees/,Series B,15,United States,2020-07-20T15:15:06.000Z,
Curefit,"Bengaluru, Non-U.S.",120,2020-07-17,,Fitness,https://tech.economictimes.indiatimes.com/news/internet/curefit-cuts-jobs-furloughs-600-staff-in-second-round-of-layoffs-as-business-suffers-amid-lockdown/77013891,Series D,404.6,India,2020-07-17T22:01:22.000Z,
Snaptravel,"Toronto, Non-U.S.",,2020-07-16,,Travel,https://www.fastcompany.com/90528345/how-this-travel-startup-became-profitable-during-the-pandemic,Series A,22.4,Canada,2020-07-17T03:14:17.000Z,
Optimizely,SF Bay Area,60,2020-07-15,0.15,Marketing,https://techcrunch.com/2020/07/15/benchmark-backed-optimizely-confirms-it-has-laid-off-15-percent-of-staff/,Series D,251.2,United States,2020-07-16T15:38:45.000Z,
Skyscanner,"Edinburgh, Non-U.S.",300,2020-07-14,0.2,Travel,https://layoffs.fyi/2020/08/12/skyscanner-launches-talent-directory-after-laying-off-300-employees/,Acquired,197.2,United Kingdom,2020-07-14T22:41:24.000Z,
Vox Media,Washington D.C.,,2020-07-14,,Media,https://www.cnbc.com/2020/07/14/vox-media-preparing-round-of-layoffs-due-to-coronavirus-business-impact.html,Series F,307.6,United States,2020-07-15T03:35:52.000Z,
Yelp,SF Bay Area,63,2020-07-13,,Consumer,https://www.cnbc.com/2020/07/13/yelp-will-bring-back-most-of-its-1100-furloughed-employees-next-month.html,Post-IPO,56,United States,2020-07-13T21:02:49.000Z,
Bizongo,"Mumbai, Non-U.S.",140,2020-07-10,,Logistics,https://www.startupnews.fyi/post/bizongo-lays-off-140-employees-to-cut-costs,Series C,70,India,2020-07-13T16:54:59.000Z,
Zilingo,"Singapore, Non-U.S.",100,2020-07-09,0.12,Retail,https://zilingotrade.com/en-th/blog/BLGCOMPANYANNOUNCEMENT,Series D,307,Singapore,2020-07-09T19:25:14.000Z,
PaySense,"Mumbai, Non-U.S.",40,2020-07-09,,Finance,https://tech.economictimes.indiatimes.com/news/startups/naspers-owned-payu-lays-off-staff-at-credit-lending-unit-paysense/76872229,Acquired,25.6,India,2020-07-10T02:00:18.000Z,
Funding Circle,SF Bay Area,85,2020-07-08,,Finance,https://www.altfi.com/article/6790_funding-circle-joins-bounce-back-loan-scheme-as-it-cuts-us-headcount-by-85,Post-IPO,746,United States,2020-07-09T17:27:35.000Z,
OnDeck,New York City,,2020-07-08,,Finance,https://debanked.com/2020/07/layoffs-at-ondeck/,Post-IPO,1200,United States,2020-07-13T16:47:40.000Z,
The Wing,New York City,56,2020-07-01,,Real Estate,https://commercialobserver.com/2020/07/the-wing-lays-off-another-56-employees/,Series C,117,United States,2020-07-09T17:33:42.000Z,
Sharethrough,SF Bay Area,18,2020-07-01,,Marketing,https://blog.sharethrough.com/post/adapting-to-covid-19-evolving-to-a-unified-revenue-team-at-sharethrough,Series D,38,United States,2020-07-02T03:34:32.000Z,
Kongregate,SF Bay Area,12,2020-07-01,,Media,https://www.forbes.com/sites/lizlanier/2020/07/01/kongregate-shift-in-focus-brings-layoffs-closes-portal-to-new-games/#148558087323,Series C,19,United States,2020-07-03T01:22:34.000Z,
Havenly,Denver,5,2020-07-01,,Consumer,https://businessden.com/2020/07/01/havenly-begins-to-rehire-after-pandemic-cuts-wont-reopen-retail-locations/,Series C,57.8,United States,2020-07-02T03:38:28.000Z,
G2,Chicago,17,2020-06-30,0.05,Marketing,https://www.americaninno.com/chicago/inno-news-chicago/layoffs-at-g2-as-the-tech-company-cuts-costs-during-covid/,Series C,100.8,United States,2020-07-01T20:00:24.000Z,
Hired,SF Bay Area,,2020-06-30,,Recruiting,https://www.bizjournals.com/sanfrancisco/news/2020/07/08/ppp-loan-startups-laid-off-employees-bay-area-sf.html,Series D,132,United States,2020-07-09T17:31:52.000Z,
Katerra,SF Bay Area,400,2020-06-29,0.07,Construction,https://www.theinformation.com/articles/softbank-backed-katerra-lays-off-more-than-400-employees,Series E,1300,United States,2020-06-30T15:49:37.000Z,
Bounce,"Bengaluru, Non-U.S.",130,2020-06-29,0.22,Transportation,https://inc42.com/buzz/bounce-lays-off-130-employees-as-covid-19-impact-hits-mobility-startup/,Series D,214.2,India,2020-06-30T15:56:18.000Z,
Argo AI,"Munich, Non-U.S.",100,2020-06-29,,Transportation,https://www.theinformation.com/briefings/58401b,Unknown,3600,Germany,2020-06-29T18:01:38.000Z,
Bossa Nova,SF Bay Area,61,2020-06-29,,Retail,https://www.post-gazette.com/business/tech-news/2020/06/29/Bossa-Nova-Robotics-autonomous-robots-layoffs-furloughs-terminations/stories/202006290098,Unknown,101.6,United States,2020-06-30T15:44:23.000Z,
New Relic,Portland,20,2020-06-29,,Infrastructure,https://www.bizjournals.com/portland/news/2020/06/29/layoffs-at-new-relic-as-company-combines-2-enginee.html,Post-IPO,214.5,United States,2020-06-30T16:00:12.000Z,
Engine eCommerce,Fayetteville,,2020-06-28,1,Retail,https://talkbusiness.net/2020/06/after-raising-millions-fayetteville-startup-headed-by-john-james-goes-dark/,Unknown,4,United States,2020-07-09T17:36:00.000Z,
Byton,SF Bay Area,,2020-06-27,,Transportation,https://www.chinatechnews.com/2020/06/27/26636-byton-us-office-to-cut-staff-by-end-of-june,Series C,1200,United States,2020-06-29T17:54:35.000Z,
Sprinklr,New York City,,2020-06-25,,Support,https://layoffs.fyi/2020/06/26/official-sprinklr-layoff-list-surfaces/,Series F,228,United States,2020-06-26T02:42:33.000Z,
GoDaddy,Austin,451,2020-06-24,0.06,Marketing,https://domainnamewire.com/2020/06/24/godaddy-plans-layoffs-and-is-closing-austin-offices/,Post-IPO,,United States,2020-06-25T05:21:17.000Z,
Sonos,New York City,174,2020-06-24,0.12,Consumer,https://www.cnbc.com/2020/06/24/sonos-says-its-cutting-12percent-of-global-employees-because-of-covid-19.html,Post-IPO,455.2,United States,2020-06-25T04:51:19.000Z,
OYO,Dallas,,2020-06-24,,Travel,https://skift.com/2020/06/25/oyo-will-lay-off-most-of-its-furloughed-u-s-employees/,Series F,3200,United States,2020-07-09T17:29:07.000Z,
Gojek,"Jakarta, Non-U.S.",430,2020-06-23,0.09,Transportation,https://layoffs.fyi/2020/08/06/gojek-creates-talent-directory-following-430-person-layoff/,Series F,4800,Indonesia,2020-06-23T22:28:36.000Z,
ScaleFactor,Austin,90,2020-06-23,0.9,Finance,https://www.forbes.com/sites/davidjeans/2020/06/23/scalefactor-fintech-startup-shuts-down-bessemer-coatue-canaan/#2bef45cf4901,Series C,103,United States,2020-06-23T23:45:23.000Z,
Dark,SF Bay Area,6,2020-06-23,1,Product,https://layoffs.fyi/2020/06/29/programming-service-dark-releases-layoff-list/,Seed,3,United States,2020-06-29T14:46:47.000Z,
Intuit,SF Bay Area,715,2020-06-22,0.07,Finance,https://intuitblog.com/news-social/a-message-from-intuit-ceo-sasan-goodarzi-to-intuit-employees/,Post-IPO,18,United States,2020-06-22T22:14:03.000Z,
WeWork,"London, Non-U.S.",200,2020-06-19,,Real Estate,https://www.wired.co.uk/article/wework-redundancies-uk-restructure,Series H,19500,United Kingdom,2020-06-27T18:14:22.000Z,
Atlas Obscura ,New York City,15,2020-06-18,,Media,https://www.poynter.org/?locally=atlas-obscura-laid-off-15-including-five-in-editorial-the-company-confirmed-to-poynter,Series B,32,United States,2020-06-23T20:46:51.000Z,
Navi,"Bengaluru, Non-U.S.",40,2020-06-17,0.25,Finance,https://inc42.com/buzz/sachin-bansals-navi-general-insurance-lays-off-40-employees/,Private Equity,582,India,2020-06-20T22:24:58.000Z,
PaisaBazaar,"Gurugram, Non-U.S.",1500,2020-06-16,0.5,Finance,https://thetechportal.com/2020/06/16/policybazaar-paisabazaar-lay-offs/,Series G,496,India,2020-06-16T23:16:58.000Z,
Grab,"Singapore, Non-U.S.",360,2020-06-16,0.05,Transportation,https://layoffs.fyi/2020/06/24/official-grab-layoff-list-released-following-360-person-layoff/,Series I,9900,Singapore,2020-06-16T13:43:48.000Z,
Splunk,SF Bay Area,70,2020-06-16,0.01,Data,https://www.bloomberg.com/news/articles/2020-06-17/splunk-joins-tech-s-belt-tightening-with-plan-to-shed-staff,Post-IPO,40,United States,2020-06-18T22:48:46.000Z,
Redox,Madison,44,2020-06-16,0.25,Healthcare,https://theredoxpodcast.podbean.com/e/22-layoffs/,Series C,50,United States,2020-06-23T13:59:23.000Z,
Conga,Denver,,2020-06-15,0.11,Data,https://layoffs.fyi/2020/06/23/conga-lays-off-11-following-merger-with-apptus/,Acquired,117,United States,2020-06-23T15:02:23.000Z,
Stockwell AI,SF Bay Area,,2020-06-15,1,Retail,https://layoffs.fyi/2020/06/18/stockwell-ai-is-shutting-down-on-july-1/,Series B,10,United States,2020-06-16T03:47:17.000Z,
Uber,"Amsterdam, Non-U.S.",225,2020-06-12,0.25,Transportation,https://www.dutchnews.nl/news/2020/06/uber-cuts-amsterdam-workforce-by-15-some-200-jobs-to-go/,Post-IPO,24700,Netherlands,2020-06-27T18:25:05.000Z,
SynapseFI,SF Bay Area,63,2020-06-12,0.48,Finance,https://www.forbes.com/sites/jeffkauflin/2020/06/15/fintech-startup-synapse-lays-off-nearly-50-of-full-time-staff/#6a6f57b0300e,Series B,50,United States,2020-06-13T03:44:18.000Z,
ScaleFocus,"Sofia, Non-U.S.",120,2020-06-11,0.1,Infrastructure,https://seenews.com/news/bulgarias-scalefocus-lays-off-10-of-workforce-report-702279,Unknown,,Bulgaria,2020-06-11T23:23:49.000Z,
Branch,New York City,3,2020-06-11,0.27,Retail,https://techcrunch.com/2020/06/11/covid-19-nearly-killed-this-office-furniture-startup-turning-to-home-offices-may-save-it/,Seed,2,United States,2020-06-11T23:18:07.000Z,
Her Campus Media,Boston,10,2020-06-10,0.18,Media,https://www.weny.com/story/42228087/college-life-will-never-be-the-same-this-media-company-is-documenting-the-change,Unknown,,United States,2020-06-10T23:13:19.000Z,
Integrate.ai,"Toronto, Non-U.S.",26,2020-06-09,,Support,https://integrate.ai/blog/integrateai-restructuring-in-response-to-new-market-realities,Unknown,39.6,Canada,2020-06-30T16:09:12.000Z,
The Athletic,SF Bay Area,46,2020-06-05,0.08,Media,https://www.axios.com/the-athletic-layoffs-pay-cuts-fa15a80d-47b7-46a5-a08f-3e7eba558f30.html,Series D,139,United States,2020-06-05T21:06:51.000Z,
Ethos Life,SF Bay Area,18,2020-06-05,0.14,Finance,https://coverager.com/layoffs-at-ethos/,Series C,106,United States,2020-06-06T03:14:59.000Z,
Lastline,SF Bay Area,50,2020-06-04,0.4,Security,https://techcrunch.com/2020/06/04/vmware-lastline-staff-cuts/,Series C,52,United States,2020-06-04T22:28:19.000Z,
Builder,Los Angeles,39,2020-06-04,0.14,Product,https://www.businessinsider.com/engineerai-builderai-layoffs-14-percent-staff-2020-6,Series A,29,United States,2020-06-04T22:26:27.000Z,
Outdoorsy,SF Bay Area,,2020-06-04,,Transportation,https://techcrunch.com/2020/06/04/as-americans-look-to-escape-this-peer-to-peer-rv-rental-startup-is-happy-to-accommodate-them/,Series C,75,United States,2020-06-04T22:47:50.000Z,
Monzo,"London, Non-U.S.",120,2020-06-03,0.08,Finance,https://layoffs.fyi/2020/07/21/monzo-launches-layoff-list-amid-multiple-rounds-of-layoffs/,Series F,324,United Kingdom,2020-06-03T21:53:48.000Z,
Kitty Hawk,SF Bay Area,70,2020-06-03,,Aerospace,https://techcrunch.com/2020/06/03/kitty-hawk-ends-flyer-program-shifts-focus-to-once-secret-autonomous-aircraft/,Unknown,1,United States,2020-06-03T23:28:41.000Z,
SpotHero,Chicago,40,2020-06-03,0.21,Transportation,https://www.americaninno.com/chicago/inno-news-chicago/spothero-cuts-40-employees-in-second-round-of-pandemic-related-layoffs/,Series D,117,United States,2020-06-03T23:23:51.000Z,
Credit Sesame,SF Bay Area,22,2020-06-03,0.14,Finance,https://www.businessinsider.com/credit-sesame-layoffs-credit-business-trouble-2020-6,Series F,120,United States,2020-06-04T17:45:27.000Z,
Circ,"Berlin, Non-U.S.",100,2020-06-02,,Transportation,https://techcrunch.com/2020/06/02/bird-shuts-down-circ-operations-in-middle-east-scraps-as-many-as-10000-scooters/,Acquired,55,Germany,2020-06-03T23:27:10.000Z,
Rivian,Detroit,40,2020-06-02,0.02,Transportation,https://www.theverge.com/2020/6/2/21278019/rivian-layoffs-new-chief-operating-officer-harley-davidson,Private Equity,3100,United States,2020-06-03T13:19:55.000Z,
Fundbox,SF Bay Area,14,2020-06-02,0.15,Finance,https://www.geektime.com/following-layoffs-management-pay-cuts-fundbox-raises-another-20-million/,Series C,453,United States,2020-06-02T22:42:19.000Z,
Descartes Labs,Santa Fe,12,2020-06-02,0.16,Data,https://www.santafenewmexican.com/news/local_news/descartes-labs-seeks-750-000-state-loan-to-make-lease-payments/article_b0f7eeaa-a4e6-11ea-8b9a-f34e580504e1.html,Series B,58,United States,2020-06-03T23:25:29.000Z,
MakerBot,New York City,12,2020-06-02,,Consumer,Internal memo,Acquired,10,United States,2020-06-02T17:25:26.000Z,
Stitch Fix,SF Bay Area,1400,2020-06-01,0.18,Retail,https://www.cnbc.com/2020/06/01/stitch-fix-is-laying-off-1400-in-california-18percent-of-workforce.html,Post-IPO,79,United States,2020-06-02T03:59:18.000Z,
MakeMyTrip,"Gurugram, Non-U.S.",350,2020-06-01,0.1,Travel,https://www.livemint.com/companies/news/covid-19-lockdown-makemytrip-to-lay-off-10-of-its-workforce-as-revenues-hit-11591008074698.html,Post-IPO,548,India,2020-06-03T13:15:29.000Z,
CrowdStreet,Portland,24,2020-06-01,0.22,Real Estate,https://www.oregonlive.com/silicon-forest/2020/06/crowdstreet-portland-real-estate-funding-startup-lays-off-a-fifth-of-its-staff.html,Series C,24,United States,2020-06-02T03:55:41.000Z,
Brex,SF Bay Area,62,2020-05-29,0.15,Finance,https://layoffs.fyi/2020/06/01/brex-laid-off-62-employees-to-prioritize-building-over-growing/,Series C,732,United States,2020-05-29T21:16:18.000Z,
Loftium,Seattle,32,2020-05-29,0.6,Real Estate,https://www.seattletimes.com/business/real-estate/seattle-based-airbnb-rental-startup-loftium-misses-its-own-rent-payments-slashes-staff-as-coronavirus-undercuts-business/,Series A,17,United States,2020-05-29T22:39:07.000Z,
BookMyShow,"Mumbai, Non-U.S.",270,2020-05-28,0.18,Consumer,https://www.cnbctv18.com/business/270-bookmyshow-employees-either-laid-off-or-furloughed-18-of-total-workforce-impacted-worldwide-6022801.htm,Unknown,224,India,2020-05-28T17:49:53.000Z,
TrueCar,Los Angeles,219,2020-05-28,0.3,Transportation,https://labusinessjournal.com/news/2020/jun/01/truecar-lays-30-staff/,Post-IPO,340,United States,2020-05-29T01:55:32.000Z,
StubHub,SF Bay Area,200,2020-05-28,,Consumer,https://layoffs.fyi/2020/06/22/stubhub-shifts-200-of-its-furloughed-employees-into-permanent-layoffs-2/,Acquired,19,United States,2020-06-18T15:31:55.000Z,
Culture Amp,"Melbourne, Non-U.S.",36,2020-05-28,0.08,HR,https://www.smh.com.au/business/small-business/tech-unicorn-culture-amp-lays-off-staff-as-growth-halves-20200528-p54x9d.html,Series E,157,Australia,2020-05-28T22:38:43.000Z,
The Sill,New York City,20,2020-05-28,0.25,Retail,https://www.inc.com/emily-canal/the-sill-houseplants-sales-flourish-coronavirus-pandemic.html,Series A,7,United States,2020-05-29T02:05:34.000Z,
Instructure,Salt Lake City,150,2020-05-27,0.12,Education,https://philonedtech.com/instructure-restructure-significant-layoffs-hitting-canvas-side-of-the-business/,Acquired,89,United States,2020-05-27T21:54:42.000Z,
Ebanx,"Curitiba, Non-U.S.",62,2020-05-27,0.08,Finance,https://exame.com/pme/comeca-uma-era-mais-pe-no-chao-para-as-startups-diz-fundador-do-ebanx/,Unknown,30,Brazil,2020-06-01T03:39:18.000Z,
Uber,Bengaluru,600,2020-05-26,0.23,Transportation,https://www.reuters.com/article/us-india-uber-layoffs/uber-cuts-600-jobs-in-india-as-lockdown-hits-business-idUSKBN2320S3,Post-IPO,24700,India,2020-05-26T13:56:21.000Z,
Bluprint,Denver,137,2020-05-26,1,Education,https://businessden.com/2020/05/27/nbcuniversal-shutting-down-bluprint-formerly-known-as-craftsy/,Acquired,108,United States,2020-05-27T17:07:47.000Z,
Acorns,Portland,50,2020-05-26,,Finance,https://techcrunch.com/2020/05/29/amid-unprecedented-growth-on-its-platform-acorns-cuts-roles-and-shuts-down-an-office/,Unknown,207,United States,2020-05-30T03:45:49.000Z,
CarDekho,"Gurugram, Non-U.S.",200,2020-05-25,,Transportation,https://entrackr.com/2020/05/exclusive-cardekho-lays-off-200-employees-goes-for-pay-cuts/,Series D,247,India,2020-05-26T22:13:20.000Z,
Teamwork,"Cork, Non-U.S.",21,2020-05-22,,Other,https://www.thecurrency.news/articles/17754/not-the-time-for-venture-capital-teamwork-rules-out-raising-vc-money-as-tech-valuations-fall,Unknown,,Ireland,2020-05-24T17:04:37.000Z,
Cvent,Washington D.C.,400,2020-05-21,0.1,Marketing,https://www.eventmanagerblog.com/cvent-layoffs,Acquired,146,United States,2020-05-22T15:16:07.000Z,
PickYourTrail,"Chennai, Non-U.S.",70,2020-05-21,0.35000000000000003,Travel,https://www.cnbctv18.com/travel/pickyourtrail-realigns-business-will-enter-domestic-travel-market-5968711.htm,Series A,3,India,2020-09-14T16:26:06.000Z,
Glitch,New York City,18,2020-05-21,0.36,Product,https://www.theverge.com/2020/5/22/21268007/glitch-layoffs-substantial-number-coding-platform-union,Series A,30,United States,2020-05-22T23:41:32.000Z,
Kapten / Free Now,"Paris, Non-U.S.",,2020-05-21,,Transportation,https://layoffs.fyi/2020/07/22/french-ride-hailing-startup-kapten-releases-layoff-list/,Acquired,100,France,2020-05-28T14:17:33.000Z,
Ola,"Bengaluru, Non-U.S.",1400,2020-05-20,0.35000000000000003,Transportation,https://techcrunch.com/2020/05/20/indian-ride-hailing-firm-ola-cuts-1400-jobs/,Series J,3800,India,2020-05-20T13:48:08.000Z,
Samsara,SF Bay Area,300,2020-05-20,0.18,Logistics,https://layoffs.fyi/2020/05/21/samsara-lays-off-300-employees-launches-public-alumni-directory/,Series F,530,United States,2020-05-20T17:51:28.000Z,
Stay Alfred,Spokane,221,2020-05-20,1,Travel,https://www.spokanejournal.com/local-news/stay-alfred-closes-its-doors-permanently/,Series B,62,United States,2020-05-21T22:42:57.000Z,
SoFi,SF Bay Area,112,2020-05-20,0.07,Finance,https://www.businessinsider.com/sofi-cut-7-percent-staff-quarterely-performance-reviews-2020-5,Private Equity,2500,United States,2020-05-20T21:23:08.000Z,
ShareChat,"Bengaluru, Non-U.S.",101,2020-05-20,0.25,Marketing,https://economictimes.indiatimes.com/small-biz/startups/newsbuzz/sharechat-lays-off-101-employees-as-advertising-market-tanks/articleshow/75838995.cms,Series D,222,India,2020-05-20T13:52:46.000Z,
Intercom,SF Bay Area,39,2020-05-20,0.06,Support,https://layoffs.fyi/2020/07/09/intercom-creates-official-layoff-list-after-laying-off-39/,Series D,240,United States,2020-05-20T23:34:12.000Z,
Livspace,"Bengaluru, Non-U.S.",450,2020-05-19,0.15,Retail,https://tech.economictimes.indiatimes.com/news/startups/livspace-lays-off-450-employees-as-lockdown-hurts-operations/75823519,Series D,157,India,2020-05-19T14:40:12.000Z,
Pollen,"London, Non-U.S.",69,2020-05-19,0.31,Travel,https://techcrunch.com/2020/05/19/pollen-layoffs-and-furloughs/,Series B,88,United Kingdom,2020-05-19T23:18:09.000Z,
Dotscience,"London, Non-U.S.",10,2020-05-19,1,Product,https://layoffs.fyi/2020/05/22/devops-startup-dotscience-shuts-down/,Unknown,,United Kingdom,2020-05-20T17:54:16.000Z,
Divvy,Salt Lake City,,2020-05-19,,Finance,LinkedIn,Series C,252,United States,2020-05-19T21:58:16.000Z,
Uber,SF Bay Area,3000,2020-05-18,0.13,Transportation,https://layoffs.fyi/2020/05/18/uber-lays-off-3000-more-employees-on-top-of-the-3700-laid-off-earlier-this-month/,Post-IPO,24700,United States,2020-05-18T15:28:24.000Z,
Agoda,"Singapore, Non-U.S.",1500,2020-05-18,0.25,Travel,https://layoffs.fyi/2020/05/24/agoda-laid-off-1500-employees-launches-public-alumni-directory/,Acquired,,Singapore,2020-05-19T01:16:07.000Z,
Swiggy,"Bengaluru, Non-U.S.",1100,2020-05-18,0.14,Food,https://www.nytimes.com/reuters/2020/05/18/technology/18reuters-india-swiggy-layoffs.html,Series I,1600,India,2020-05-18T14:15:14.000Z,
WeWork,"New Delhi, Non-U.S.",100,2020-05-18,0.2,Real Estate,https://www.newindianexpress.com/business/2020/may/18/tough-step-needed-for-sustainable-structure-wework-india-lays-off-20-per-cent-staff-amid-covid-19-2144959.html,Series H,19500,India,2020-05-19T04:25:11.000Z,
Rubrik,SF Bay Area,57,2020-05-18,,Infrastructure,https://www.bizjournals.com/sanfrancisco/news/2020/04/16/exclusive-a-comprehensive-guide-to-locallayoffs.html,Series E,553,United States,2020-06-25T02:31:20.000Z,
Intapp,SF Bay Area,45,2020-05-18,0.05,Legal,https://news.bloomberglaw.com/us-law-week/intapp-cuts-5-of-workforce-due-to-coronavirus-crisis,Private Equity,,United States,2020-05-19T04:27:05.000Z,
Checkmarx,"Tel Aviv, Non-U.S.",,2020-05-18,,Security,"https://www.calcalistech.com/ctech/articles/0,7340,L-3824253,00.html",Acquired,92,Israel,2020-05-23T16:06:13.000Z,
Datera,SF Bay Area,,2020-05-18,0.1,Infrastructure,https://blocksandfiles.com/2020/05/18/datera-funding-round-layoffs/,Series C,63,United States,2020-05-18T22:01:52.000Z,
Magicbricks,"Noida, Non-U.S.",250,2020-05-17,,Real Estate,https://www.livemint.com/companies/start-ups/job-losses-mount-in-small-startups-unicorns-11589738073416.html,Unknown,300,India,2020-05-19T14:44:22.000Z,
Zomato,"Gurugram, Non-U.S.",520,2020-05-15,0.13,Food,https://layoffs.fyi/2020/06/18/zomato-layoff-list-continues-trend-of-company-launched-talent-directories/,Series J,914,India,2020-05-15T14:34:57.000Z,
Lendingkart,"Ahmedabad, Non-U.S.",500,2020-05-15,0.5,Finance,https://officechai.com/news/lendingkart-lays-off-500-employees-50-workforce-sources/,Unknown,200,India,2020-05-15T15:37:45.000Z,
Lattice,SF Bay Area,16,2020-05-15,0.1,HR,LinkedIn,Series C,49,United States,2020-05-29T22:26:02.000Z,
Masse,New York City,,2020-05-15,1,Retail,https://shopmasse.com/home/index.html,Seed,3,United States,2020-05-20T22:45:26.000Z,
Cruise,SF Bay Area,150,2020-05-14,0.08,Transportation,https://www.theverge.com/2020/5/14/21259001/cruise-gm-layoff-self-driving-unit-recruiting-product-design,Acquired,5300,United States,2020-05-14T19:22:15.000Z,
Quartz,New York City,80,2020-05-14,0.4,Media,https://www.nytimes.com/2020/05/14/business/media/quartz-to-lay-off-80-employees.html,Acquired,,United States,2020-05-14T20:19:54.000Z,
Integral Ad Science,New York City,70,2020-05-14,0.1,Marketing,https://www.wsj.com/articles/ad-verification-firm-integral-ad-science-laying-off-nearly-10-of-workforce-11589481652,Acquired,116,United States,2020-05-14T22:15:08.000Z,
Ridecell,SF Bay Area,35,2020-05-14,0.15,Transportation,https://layoffs.fyi/2020/05/19/sf-based-ridecell-laid-off-35-employees-half-of-whom-are-engineers/,Series B,73,United States,2020-05-19T06:04:44.000Z,
Veem,SF Bay Area,30,2020-05-14,,Finance,https://www.economist.com/business/2020/05/16/silicon-valley-in-the-pandemic,Unknown,69,United States,2020-05-15T04:00:25.000Z,
Sift,SF Bay Area,,2020-05-14,,Security,LinkedIn,Series D,106,United States,2020-05-29T22:30:26.000Z,
TicketSwap,"Amsterdam, Non-U.S.",,2020-05-14,0.3,Consumer,https://www.iq-mag.net/2020/05/ticketswap-lays-off-30-staff/,Unknown,8,Netherlands,2023-07-13T03:32:52.000Z,
Workfront,Salt Lake City,,2020-05-14,,Marketing,LinkedIn,Series C,375,United States,2020-05-14T21:56:58.000Z,
Deliv,SF Bay Area,669,2020-05-13,1,Retail,https://www.mercurynews.com/2020/05/15/ccalifornia-unemployment-layoff-rock-delivery-startup-ymca-uber-ross-ui-edd-tech-job-economy/,Series C,80,United States,2020-05-07T23:15:15.000Z,
Mercos,"Joinville, Non-U.S.",51,2020-05-13,0.4,Sales,https://www.linkedin.com/pulse/decis%C3%A3o-mais-dif%C3%ADcil-dos-%C3%BAltimos-10-anos-tiago-brandes/,Unknown,2,Brazil,2020-05-13T21:39:50.000Z,
Kickstarter,New York City,25,2020-05-13,0.18,Finance,https://www.theverge.com/2020/5/13/21257585/kickstarter-layoffs-employees-union-negotiations-severance,Unknown,10,United States,2020-05-13T21:38:18.000Z,
Intersect,"Toronto, Non-U.S.",19,2020-05-13,0.11,Product,https://betakit.com/intersect-ceo-departs-company-following-recent-layoffs/,Acquired,,Canada,2020-05-13T21:17:43.000Z,
Mode Analytics,SF Bay Area,17,2020-05-13,,Data,https://www.linkedin.com/posts/dereksteer_today-we-made-the-difficult-decision-to-part-activity-6666425220007628800-Nneq/,Series C,46,United States,2020-05-13T21:09:31.000Z,
BetterCloud,New York City,,2020-05-13,,Security,LinkedIn,Series E,111,United States,2020-05-14T17:55:07.000Z,
WeFit,"Hanoi, Non-U.S.",,2020-05-13,1,Fitness,https://beamstart.com/content/127302/Vietnamese_startup_WeFit_files_for_bankruptcy,Seed,1,Vietnam,2020-05-14T00:12:54.000Z,
Zymergen ,SF Bay Area,,2020-05-13,0.1,Other,LinkedIn,Series C,574,United States,2020-05-29T22:27:49.000Z,
Stone,"Sao Paulo, Non-U.S.",1300,2020-05-12,0.2,Finance,https://www.reuters.com/article/us-stoneco-layoff/brazilian-card-processor-stoneco-lays-off-20-of-workforce-1300-employees-idUSKBN22O31N,Post-IPO,,Brazil,2020-05-13T21:12:23.000Z,
Zeus Living,SF Bay Area,73,2020-05-12,0.5,Real Estate,https://www.businessinsider.com/zeus-living-cuts-50-of-staff-after-raising-a-downround-2020-5,Series B,79,United States,2020-05-12T23:27:18.000Z,
Mixpanel,SF Bay Area,65,2020-05-12,0.19,Data,https://www.bizjournals.com/sanfrancisco/news/2020/05/12/sf-analytics-company-yc-graduate-cuts-65-obs.html?iana=hpmvp_sfbt_news_headline,Series B,77,United States,2020-05-13T21:01:39.000Z,
Hireology,Chicago,36,2020-05-12,0.17,Recruiting,https://www.americaninno.com/chicago/inno-news-chicago/hireology-lays-off-17-of-its-staff/,Series D,52,United States,2020-05-13T17:08:23.000Z,
Top Hat,"Toronto, Non-U.S.",16,2020-05-12,0.03,Education,https://betakit.com/top-hat-restructures-makes-staff-reductions-as-covid-19-affects-higher-education/,Series D,104,Canada,2020-05-12T22:45:07.000Z,
Datto,Norwalk,,2020-05-12,,Infrastructure,https://www.channele2e.com/business/talent/data-protection-staff-cuts/,Acquired,100,United States,2020-05-13T17:06:11.000Z,
Petal,New York City,,2020-05-12,,Finance,https://layoffs.fyi/2020/05/18/credit-card-startup-petal-conducts-layoff/,Series B,47,United States,2020-05-15T04:42:43.000Z,
Revolut,"London, Non-U.S.",60,2020-05-11,0.03,Finance,https://www.fnlondon.com/articles/digital-bank-revolut-just-cut-about-60-workers-as-covid-19-crisis-bites-20200511,Series D,837,United Kingdom,2020-05-20T03:27:35.000Z,
Cadre,New York City,28,2020-05-11,0.25,Real Estate,https://layoffs.fyi/2020/05/19/real-estate-investing-startup-cadre-laid-off-28-employees/,Series C,133,United States,2020-05-11T22:21:03.000Z,
N26,New York City,9,2020-05-08,0.01,Finance,https://financefwd.com/de/n26-usa-kuendigungen/,Series D,782,United States,2020-05-12T15:00:39.000Z,
Jump,New York City,500,2020-05-07,1,Transportation,https://www.nytimes.com/2020/05/07/technology/the-results-are-in-for-the-sharing-economy-they-are-ugly.html,Acquired,11,United States,2020-05-08T14:37:11.000Z,
Glassdoor,SF Bay Area,300,2020-05-07,0.3,Recruiting,https://www.businessinsider.com/glassdoor-lays-off-300-30-staff-due-to-covid-19-2020-5,Acquired,204,United States,2020-05-07T21:09:14.000Z,
Numbrs,"Zurich, Non-U.S.",62,2020-05-07,0.5,Finance,https://financefwd.com/de/finanzierungsrunde-geplatzt-numbrs/,Series B,78,Switzerland,2020-05-08T14:05:29.000Z,
Flywire,Boston,60,2020-05-07,0.12,Finance,https://www.americaninno.com/boston/inno-news-boston/fintech-startup-flywire-downsizes-12-percent-of-workforce/,Series E,263,United States,2020-05-07T22:51:13.000Z,
SalesLoft,Atlanta,55,2020-05-07,,Sales,https://www.protocol.com/salesloft-shot-money-from-guns-layoffs-coronavirus,Series D,145,United States,2020-05-08T14:03:07.000Z,
Tally,SF Bay Area,28,2020-05-07,0.23,Finance,https://layoffs.fyi/2020/05/13/credit-card-automation-startup-tally-laid-off-28-employees/,Series C,92,United States,2020-05-11T14:02:29.000Z,
Airy Rooms,"Jakarta, Non-U.S.",,2020-05-07,1,Travel,https://www.thejakartapost.com/news/2020/05/08/hotel-start-up-airy-closes-permanently-due-to-pandemic.html,Unknown,,Indonesia,2020-06-04T22:23:05.000Z,
Uber,SF Bay Area,3700,2020-05-06,0.14,Transportation,https://layoffs.fyi/2020/05/12/uber-laid-off-3700-employees-with-more-expected/,Post-IPO,24700,United States,2020-05-06T13:49:11.000Z,
Validity,Boston,130,2020-05-06,0.33,Data,https://www.americaninno.com/boston/inno-news-boston/customer-data-quality-startup-validity-lays-off-130/,Private Equity,,United States,2020-05-07T00:30:16.000Z,
Flatiron School,New York City,100,2020-05-06,,Education,https://www.businessinsider.com/weworks-flatiron-school-lays-off-workers-2020-5,Acquired,15,United States,2020-05-07T04:07:08.000Z,
Rubicon Project,Los Angeles,50,2020-05-06,0.08,Marketing,https://www.adexchanger.com/platforms/post-merger-rubicon-project-cuts-8-of-staff/,Post-IPO,60,United States,2020-05-07T03:51:22.000Z,
Segment,SF Bay Area,50,2020-05-06,0.1,Data,https://www.businessinsider.com/segment-10-percent-layoffs-downturn-2020-5,Series D,283,United States,2020-05-07T22:45:16.000Z,
OPay,"Lagos, Non-U.S.",,2020-05-06,0.7000000000000001,Finance,https://weetracker.com/2020/05/06/opay-has-fired-staff-and-lost-top-executives/,Series B,170,Nigeria,2020-05-15T04:03:06.000Z,
ThoughtSpot,SF Bay Area,,2020-05-06,,Data,https://www.businessinsider.com/tech-companies-covid19-layoffs-furloughs-benefits-2020-5,Series E,743,United States,2020-05-08T23:18:42.000Z,
Airbnb,SF Bay Area,1900,2020-05-05,0.25,Travel,https://layoffs.fyi/2020/05/07/airbnb-laid-off-1900-employees/,Private Equity,5400,United States,2020-05-05T19:32:52.000Z,
Juul,SF Bay Area,900,2020-05-05,0.3,Consumer,https://layoffs.fyi/2020/06/03/juul-layoff-list-emerges-1550-employees-have-been-cut-in-the-past-year/,Unknown,1500,United States,2020-05-06T15:23:07.000Z,
Andela,New York City,135,2020-05-05,0.1,Recruiting,https://layoffs.fyi/2020/07/08/andela-layoff-list-emerges/,Series D,181,United States,2020-05-06T15:03:16.000Z,
Stack Overflow,New York City,40,2020-05-05,0.15,Recruiting,https://www.businessinsider.com/stack-overflow-reduces-workforce-furloughs-layoffs-2020-5,Series D,68,United States,2020-05-07T03:54:31.000Z,
Pipedrive,"Tallinn, Non-U.S.",31,2020-05-05,,Sales,https://news.err.ee/1086024/pipedrive-laying-off-14-employees-in-tallinn-tartu-offices,Series C,90,Estonia,2020-05-07T22:42:55.000Z,
Workable,Boston,25,2020-05-05,0.1,Recruiting,https://www.insider.gr/epiheiriseis/tehnologia/136195/se-mazikes-apolyseis-prohora-i-workable,Series C,84,United States,2020-05-06T13:56:58.000Z,
Cloudera,SF Bay Area,,2020-05-05,,Infrastructure,https://www.bizjournals.com/sanjose/news/2020/05/06/cloudera-layoffs-cldr.html,Post-IPO,1000,United States,2020-05-07T14:04:14.000Z,
Handshake,SF Bay Area,,2020-05-05,,Recruiting,LinkedIn,Series C,74,United States,2020-05-10T05:49:57.000Z,
League,"Toronto, Non-U.S.",,2020-05-05,,Healthcare,https://www.linkedin.com/posts/mserbinis_like-so-many-other-businesses-around-the-activity-6663604606347550722-9KUA,Unknown,76,Canada,2020-05-07T00:15:05.000Z,
Curefit,"Bengaluru, Non-U.S.",800,2020-05-04,0.16,Fitness,https://www.reuters.com/article/us-curefit-jobs/fitness-group-cure-fit-lays-off-employees-mulls-all-digital-move-sources-idUSKBN22G1WI,Series D,404,India,2020-05-04T14:34:30.000Z,
Careem,"Dubai, Non-U.S.",536,2020-05-04,0.31,Transportation,https://www.thenational.ae/business/economy/dubai-s-careem-cuts-536-jobs-as-lockdowns-hit-ride-hailing-across-middle-east-1.1014784,Acquired,771,United Arab Emirates,2020-05-04T14:36:22.000Z,
Oriente,"Hong Kong, Non-U.S.",400,2020-05-04,0.2,Finance,https://www.dealstreetasia.com/stories/oriente-lay-off-workforce-187008/,Series B,175,Hong Kong,2020-05-05T23:48:13.000Z,
Veriff,"Tallinn, Non-U.S.",63,2020-05-04,0.21,Security,https://news.err.ee/1085714/estonian-id-verification-company-veriff-to-lay-off-63-staff,Series A,7,Estonia,2020-05-05T14:36:13.000Z,
Element AI,"Montreal, Non-U.S.",62,2020-05-04,0.15,Other,https://www.theglobeandmail.com/business/article-element-ai-cuts-staff-adds-senior-executives-as-it-attempts-to-live/,Series B,257,Canada,2020-05-06T22:57:13.000Z,
Deputy,"Sydney, Non-U.S.",60,2020-05-04,0.3,HR,https://www.afr.com/young-rich/young-rich-lister-shifts-gears-to-survive-20200403-p54gty,Series B,106,Australia,2020-05-18T14:26:39.000Z,
Loopio,"Toronto, Non-U.S.",11,2020-05-04,0.08,Sales,https://betakit.com/loopio-lays-off-11-staff-as-it-sees-increased-scrutiny-from-buyers-during-pandemic/,Series A,11,Canada,2020-05-07T03:57:42.000Z,
Castlight Health,SF Bay Area,,2020-05-04,0.13,Healthcare,LinkedIn,Post-IPO,184,United States,2020-05-10T05:37:36.000Z,
Trivago,"Dusseldorf, Non-U.S.",,2020-05-04,,Travel,https://skift.com/2020/05/04/trivago-looks-to-reorganize-with-significant-job-cuts/,Acquired,55,Germany,2020-05-07T14:15:37.000Z,
Trax,"Tel Aviv, Non-U.S.",120,2020-05-03,0.1,Retail,"https://www.calcalistech.com/ctech/articles/0,7340,L-3815332,00.html",Series D,386,Israel,2020-05-17T14:18:56.000Z,
LiveTiles,New York City,50,2020-05-03,,Other,https://medium.com/@ErikRalston/livetiles-time-to-say-goodbye-d86bfb28a93,Post-IPO,46,United States,2020-05-09T03:48:28.000Z,
OYO,"London, Non-U.S.",150,2020-05-01,,Travel,https://www.yahoo.com/lifestyle/coronavirus-covid-19-oyo-hotels-uk-redundancies-exclusive-155109993.html,Series F,2400,United Kingdom,2020-05-04T23:56:43.000Z,
Namely,New York City,110,2020-05-01,0.4,HR,https://layoffs.fyi/2020/05/11/namely-laid-off-160-employees-citing-challenges-faced-by-its-smb-customers/,Series E,217,United States,2020-05-02T14:14:00.000Z,
Culture Trip,"London, Non-U.S.",95,2020-05-01,0.32,Media,https://www.businessinsider.com/culture-trip-layoffs-2020-5?,Series B,102,United Kingdom,2020-05-01T21:01:44.000Z,
Sandbox VR,SF Bay Area,80,2020-05-01,0.8,Consumer,https://layoffs.fyi/2020/05/08/sandbox-vr-laid-off-its-engineering-team/,Series A,82,United States,2020-05-01T22:19:25.000Z,
Virtudent,Boston,70,2020-05-01,,Healthcare,https://www.americaninno.com/boston/inno-news-boston/teledentisty-startup-virtudent-downsizes-amid-coronavirus-crisis/,Series A,10,United States,2020-05-01T23:22:44.000Z,
Monese,"Lisbon, Non-U.S.",35,2020-05-01,,Finance,https://www.altfi.com/article/6531_exclusive-monese-looking-to-close-lisbon-and-berlin-offices-with-layoffs-across-the-company,Unknown,80,Portugal,2020-06-01T13:11:04.000Z,
TheSkimm,New York City,26,2020-05-01,0.2,Media,https://www.wsj.com/articles/theskimm-cuts-20-of-staff-amid-coronavirus-pandemic-11588362569,Series C,28,United States,2020-05-02T03:21:16.000Z,
Automatic,SF Bay Area,,2020-05-01,1,Transportation,https://techcrunch.com/2020/05/01/smart-driving-assistant-automatic-is-shutting-down/,Acquired,24,United States,2020-05-01T21:07:44.000Z,
Flynote,"Bengaluru, Non-U.S.",,2020-05-01,,Travel,https://www.livemint.com/companies/start-ups/covid-19-impact-sequoia-backed-travel-startup-flynote-lays-off-employees-11588308775639.html,Seed,1,India,2020-05-07T23:26:51.000Z,
Bullhorn,Boston,100,2020-04-30,,Sales,https://layoffs.fyi/2020/05/05/bullhorn-laid-off-100-employees/,Acquired,32,United States,2020-05-02T18:13:58.000Z,
Care.com,Boston,81,2020-04-30,,Consumer,https://www.bloomberg.com/news/articles/2020-04-30/iac-to-cut-81-care-com-employees-in-restructuring-after-deal,Acquired,156,United States,2020-05-01T03:40:19.000Z,
AirMap,Los Angeles,,2020-04-30,,Aerospace,https://layoffs.fyi/2020/05/26/drone-startup-airmap-conducts-layoff/,Unknown,75,United States,2020-05-02T03:23:06.000Z,
Cohesity,SF Bay Area,,2020-04-30,,Data,https://www.bizjournals.com/sanjose/news/2020/05/01/cohesity-job-cuts.html,Series E,660,United States,2020-05-01T20:57:58.000Z,
Fandom,SF Bay Area,,2020-04-30,0.14,Media,https://community.fandom.com/wiki/User_blog:Perkinsmt/Fandom_Staffing_Update,Series E,145,United States,2020-05-01T03:42:32.000Z,
PicoBrew,Seattle,,2020-04-30,1,Food,https://thespoon.tech/rest-in-peace-picobrew/,Series A,15,United States,2020-05-01T23:18:18.000Z,
Lyft,SF Bay Area,982,2020-04-29,0.17,Transportation,https://layoffs.fyi/2020/04/30/lyft-laid-off-982-employees/,Post-IPO,4900,United States,2020-04-29T16:16:49.000Z,
WeWork,SF Bay Area,300,2020-04-29,,Real Estate,https://news.crunchbase.com/news/wework-lays-off-staff-as-part-of-a-realignment/,Series H,2250,United States,2020-04-28T14:35:21.000Z,
Kayak / OpenTable,Stamford,160,2020-04-29,0.08,Travel,https://skift.com/2020/04/29/kayak-and-opentable-layoffs-and-furloughs-impact-400-employees/,Acquired,229,United States,2020-04-30T04:07:09.000Z,
Kitopi,New York City,124,2020-04-29,,Food,https://commercialobserver.com/2020/04/ghost-kitchen-kitopi-cuts-124-new-york-city-employees/,Series B,89,United States,2020-04-29T23:00:21.000Z,
Lime,SF Bay Area,80,2020-04-29,0.13,Transportation,https://layoffs.fyi/2020/05/04/lime-laid-off-80-employees/,Series D,765,United States,2020-04-29T22:26:47.000Z,
Transfix,New York City,24,2020-04-29,0.1,Logistics,https://www.freightwaves.com/news/breaking-transfix-lays-off-10-of-its-staff,Series D,128,United States,2020-04-29T22:58:38.000Z,
Yoco,"Cape Town, Non-U.S.",,2020-04-29,,Finance,https://disrupt-africa.com/2020/04/sa-fintech-startup-yoco-to-retrench-staff-as-covid-19-impacts-revenues/,Series B,23,South Africa,2020-05-15T04:04:15.000Z,
TripAdvisor,Boston,900,2020-04-28,0.25,Travel,https://layoffs.fyi/2020/04/30/tripadvisor-laid-off-900-employees/,Post-IPO,3,United States,2020-04-28T15:28:12.000Z,
Renmoney,"Lagos, Non-U.S.",391,2020-04-28,0.5,Finance,https://techcabal.com/2020/04/28/tech-startups-recession/,Unknown,,Nigeria,2020-05-15T04:06:05.000Z,
Deliveroo,"London, Non-U.S.",367,2020-04-28,0.15,Food,https://layoffs.fyi/2020/06/24/deliveroo-layoff-list-showcases-over-100-of-its-global-employees/,Series G,1500,United Kingdom,2020-04-28T17:46:56.000Z,
App Annie,SF Bay Area,80,2020-04-28,0.18,Data,https://www.gamesindustry.biz/articles/2020-04-28-app-annie-lays-off-a-small-fraction-of-its-workforce,Unknown,156,United States,2020-04-28T14:36:43.000Z,
OpenX,Los Angeles,35,2020-04-28,0.15,Marketing,https://www.adexchanger.com/platforms/openx-cuts-staff-hours-and-executive-pay-in-response-to-reduced-marketer-spend/,Unknown,70,United States,2020-04-29T14:20:19.000Z,
PayJoy,SF Bay Area,27,2020-04-28,0.25,Finance,https://layoffs.fyi/2020/05/27/exclusive-fintech-startup-payjoy-laid-off-23-employees/,Series B,71,United States,2020-05-27T22:09:17.000Z,
Shipsi,Los Angeles,20,2020-04-28,0.5,Retail,https://dot.la/shipsi-los-angeles-layoffs-2645859647.html,Seed,2,United States,2020-04-28T22:17:39.000Z,
Desktop Metal,Boston,,2020-04-28,,Other,https://www.americaninno.com/boston/inno-news-boston/desktop-metal-lays-off-staff-amid-coronavirus-disruption/,Series E,436,United States,2020-04-29T00:27:50.000Z,
Migo,SF Bay Area,,2020-04-28,0.25,Finance,https://www.migo.money/migos-response-to-covid-19/,Series B,37,United States,2020-05-29T21:24:08.000Z,
Automation Anywhere,SF Bay Area,260,2020-04-27,0.1,Other,https://siliconangle.com/2020/04/27/automation-anywhere-lays-off-tenth-workforce-due-covid-19/,Series B,840,United States,2020-04-27T17:38:59.000Z,
JetClosing,Seattle,20,2020-04-27,0.2,Real Estate,https://www.nytimes.com/2020/04/27/technology/startups-sba-loans-backlash.html,Series A,24,United States,2020-04-28T03:55:45.000Z,
Qwick,Phoenix,,2020-04-27,0.7000000000000001,Recruiting,https://www.nytimes.com/2020/04/27/technology/startups-sba-loans-backlash.html,Seed,4,United States,2020-04-28T03:54:40.000Z,
OYO,"Sao Paulo, Non-U.S.",500,2020-04-25,,Travel,https://headtopics.com/br/oyo-demite-centenas-no-brasil-contaazul-enxuga-um-terco-do-time-link-estad-o-12623044,Series F,2400,Brazil,2020-05-11T14:13:14.000Z,
Stoqo,"Jakarta, Non-U.S.",250,2020-04-25,1,Food,https://www.bloomberg.com/news/articles/2020-04-29/indonesian-startup-stoqo-becomes-latest-casualty-of-the-virus,Series A,,Indonesia,2020-04-26T14:40:18.000Z,
Submittable,Missoula,30,2020-04-25,0.2,Other,https://layoffs.fyi/2020/05/15/submittable-laid-off-30-employees-as-university-clients-shut-down-operations/,Series B,17,United States,2020-05-14T22:12:19.000Z,
Divergent 3D,Los Angeles,57,2020-04-24,0.36,Transportation,https://techcrunch.com/2020/04/24/manufacturing-startup-divergent-3d-reduces-staff-by-one-third/,Series B,88,United States,2020-04-24T21:48:15.000Z,
Ada Support,"Toronto, Non-U.S.",36,2020-04-24,0.23,Support,https://betakit.com/ada-support-lays-off-23-percent-of-staff-amid-uncertainty-caused-by-pandemic/,Series B,60,Canada,2020-04-24T21:34:02.000Z,
UPshow,Chicago,19,2020-04-24,0.3,Marketing,https://www.chicagobusiness.com/john-pletz-technology/what-covid-19-means-chicagos-tech-sector,Series A,7,United States,2020-04-25T05:59:47.000Z,
Lighter Capital,Seattle,18,2020-04-24,0.22,Finance,https://www.geekwire.com/2020/seattle-investment-company-lighter-capital-trims-staff-preserve-runway/,Series B,15,United States,2020-04-27T14:22:34.000Z,
Horizn Studios,"Berlin, Non-U.S.",15,2020-04-24,0.25,Travel,https://www.deutsche-startups.de/2020/04/24/horizn-studios-sanierung/,Series B,30,Germany,2020-04-27T14:26:06.000Z,
Welkin Health,SF Bay Area,10,2020-04-24,0.33,Healthcare,https://nypost.com/2020/09/13/welkin-health-startup-cut-staff-three-days-before-ppp-loan/,Series B,29,United States,2020-09-16T18:30:24.000Z,
Jiobit,Chicago,6,2020-04-24,0.21,Consumer,https://www.chicagobusiness.com/john-pletz-technology/what-covid-19-means-chicagos-tech-sector,Unknown,12,United States,2020-04-25T05:58:11.000Z,
TutorMundi,"Sao Paulo, Non-U.S.",4,2020-04-24,1,Education,Company executive,Series A,2,Brazil,2020-05-03T04:35:28.000Z,
Cheddar,New York City,,2020-04-24,,Media,https://www.thewrap.com/cheddar-permanently-shuts-down-los-angeles-studio-amid-mass-layoffs/,Acquired,54,United States,2020-04-30T21:55:36.000Z,
GoCardless,"London, Non-U.S.",,2020-04-24,,Finance,https://medium.com/@hirokitakeuchi/managing-our-costs-through-covid-19-6fe4e0a12e2d,Series E,122,United Kingdom,2020-04-28T18:01:09.000Z,
StockX,Detroit,100,2020-04-23,0.12,Retail,https://www.inputmag.com/style/stockx-layoffs-12-percent-staff-cutting-costs-profit,Series C,160,United States,2020-04-24T04:29:44.000Z,
Zenefits,SF Bay Area,87,2020-04-23,0.15,HR,https://www.businessinsider.com/coronavirus-hr-startup-zenefits-lays-off-15-percent-staff-2020-4,Series C,583,United States,2020-04-24T00:53:18.000Z,
Sisense,New York City,80,2020-04-23,0.09,Data,"https://www.calcalistech.com/ctech/articles/0,7340,L-3810192,00.html?path=5211.Ctech-5220.ctech.News",Series F,274,United States,2020-04-23T22:09:58.000Z,
Oscar Health,New York City,70,2020-04-23,0.05,Healthcare,https://www.bloomberg.com/news/articles/2020-04-24/white-house-linked-oscar-health-laying-off-5-of-staff,Unknown,1300,United States,2020-04-24T00:29:21.000Z,
Simon Data,New York City,6,2020-04-23,,Marketing,Internal memo,Series C,68,United States,2020-05-15T22:59:17.000Z,
Convoy,Seattle,,2020-04-23,0.01,Logistics,https://www.geekwire.com/2020/convoy-leans-technology-seattle-digital-freight-startup-navigates-volatile-trucking-industry/,Series D,665,United States,2020-04-30T21:39:58.000Z,
PowerReviews,Chicago,,2020-04-23,,Retail,LinkedIn,Acquired,78,United States,2020-04-27T04:01:22.000Z,
Singular,SF Bay Area,,2020-04-23,,Marketing,"https://www.calcalistech.com/ctech/articles/0,7340,L-3810192,00.html?path=5211.Ctech-5220.ctech.News",Series B,50,United States,2020-04-23T22:16:40.000Z,
Magic Leap,Miami,1000,2020-04-22,0.5,Consumer,https://layoffs.fyi/2020/04/27/magic-leap-laid-off-1000-employees/,Series E,2600,United States,2020-04-22T16:59:24.000Z,
When I Work,Minneapolis,55,2020-04-22,0.35000000000000003,HR,https://www.americaninno.com/minne/inno-news-minne/after-long-period-of-growth-when-i-work-cuts-35-of-minneapolis-staff/,Series B,24,United States,2020-04-23T14:34:28.000Z,
Ike,SF Bay Area,10,2020-04-22,0.14,Transportation,https://www.theinformation.com/briefings/59d773,Series A,52,United States,2020-04-22T22:53:18.000Z,
Airy Rooms,"Jakarta, Non-U.S.",,2020-04-22,0.7000000000000001,Travel,https://www.techinasia.com/airy-cease-operations,Unknown,,Indonesia,2020-05-10T20:57:58.000Z,
Clearbit,SF Bay Area,,2020-04-22,,Data,https://layoffs.fyi/2020/04/28/clearbit-conducted-a-layoff/,Series A,17,United States,2020-04-25T05:27:20.000Z,
ExtraHop,Seattle,,2020-04-22,,Security,https://www.geekwire.com/2020/tech-startup-layoffs-seattle-based-security-company-extrahop-cuts-staff/,Series C,61,United States,2020-04-23T22:47:13.000Z,
Nearmap,"Sydney, Non-U.S.",,2020-04-22,0.1,Construction,https://www.fnarena.com/index.php/2020/04/22/nearmap-prepares-for-weak-conditions/,Post-IPO,15,Australia,2020-05-10T05:45:40.000Z,
Swiggy,"Bengaluru, Non-U.S.",800,2020-04-21,,Food,https://entrackr.com/2020/04/exclusive-swiggy-to-lay-off-cloud-kitchen-staff-shuts-down-kitchens/,Series I,1600,India,2020-04-22T04:14:08.000Z,
Paytm,"New Delhi, Non-U.S.",500,2020-04-21,,Finance,https://hrnxt.com/news/paytm-to-lay-off-about-500-employees-after-a-performance-review/17875/2020/04/21/,Unknown,2200,India,2020-04-22T04:15:26.000Z,
Lending Club,SF Bay Area,460,2020-04-21,0.3,Finance,https://www.cnbc.com/2020/04/21/lendingclub-cuts-30percent-of-workforce-as-covid-19-dampens-demand-for-loans.html,Post-IPO,392,United States,2020-04-21T21:55:44.000Z,
Houzz,SF Bay Area,155,2020-04-21,0.1,Consumer,https://techcrunch.com/2020/04/21/houzz-lays-off-155-employees-cuts-executive-salaries/,Series E,613,United States,2020-04-21T19:34:23.000Z,
Casper,New York City,78,2020-04-21,0.21,Retail,https://www.fastcompany.com/90494129/breaking-casper-lays-off-78-corporate-employees-winds-down-europe-business,Post-IPO,339,United States,2020-04-21T20:59:26.000Z,
RealSelf,Seattle,40,2020-04-21,0.13,Healthcare,https://www.geekwire.com/2020/cosmetic-treatment-review-startup-realself-cuts-staff-elective-medical-procedures-put-hold/,Series B,42,United States,2020-04-22T00:09:38.000Z,
Freshbooks,"Toronto, Non-U.S.",38,2020-04-21,0.09,Finance,https://betakit.com/freshbooks-reduces-headcount-by-9-ceo-says-company-remains-in-growth-mode-despite-covid-19/,Series B,75,Canada,2020-04-22T17:05:01.000Z,
Patreon,SF Bay Area,30,2020-04-21,0.13,Media,https://techcrunch.com/2020/04/21/patreon-lays-off-13-of-workforce/,Series D,165,United States,2020-04-21T21:58:53.000Z,
Lambda School,SF Bay Area,19,2020-04-21,,Education,https://techcrunch.com/2020/04/22/lambda-school-cuts-staff-and-exec-pay-amid-market-uncertainty/,Series B,48,United States,2020-04-22T04:19:57.000Z,
Politico / Protocol,Washington D.C.,13,2020-04-21,,Media,https://www.niemanlab.org/2020/04/protocol-11-weeks-into-life-is-already-laying-off-a-big-chunk-of-its-staff/,Unknown,,United States,2020-04-22T00:38:31.000Z,
Bringg,"Tel Aviv, Non-U.S.",10,2020-04-21,0.1,Logistics,"https://www.calcalistech.com/ctech/articles/0,7340,L-3809651,00.html",Series D,84,Israel,2020-04-23T22:11:50.000Z,
Klook,"Hong Kong, Non-U.S.",300,2020-04-20,0.15,Travel,https://layoffs.fyi/2020/08/09/asian-travel-startup-klook-releases-talent-directory/,Series D,521,Hong Kong,2020-05-06T03:43:48.000Z,
ConsenSys,New York City,91,2020-04-20,0.14,Crypto,https://www.coindesk.com/new-layoffs-hit-ethereum-incubator-consensys,Unknown,10,United States,2020-04-21T01:48:53.000Z,
GumGum,Los Angeles,90,2020-04-20,0.25,Marketing,https://www.businessinsider.com/gumgum-lays-off-25-of-employees-citing-the-coronavirus-impact-2020-4,Series D,58,United States,2020-04-24T07:13:10.000Z,
Kueski,"Guadalajara, Non-U.S.",90,2020-04-20,0.3,Finance,https://elceo.com/tecnologia/fintech-de-prestamos-en-linea-sufriran-estragos-por-el-covid-19/,Series B,38,Mexico,2020-04-21T02:21:01.000Z,
Movidesk,"Blumenau, Non-U.S.",33,2020-04-20,0.25,Support,https://scinova.com.br/demissoes-a-conta-da-covid-19-bate-as-portas-de-empresas-de-tecnologia-em-santa-catarina/,Seed,1,Brazil,2020-04-27T22:02:31.000Z,
Zum,SF Bay Area,28,2020-04-20,,Transportation,https://layoffs.fyi/2020/04/23/kid-friendly-ride-service-zum-conducts-layoff/,Series C,71,United States,2020-04-23T15:25:28.000Z,
Komodo Health,SF Bay Area,23,2020-04-20,0.09,Healthcare,https://www.businessinsider.com/forward-primary-care-startup-layoffs-amid-coronavirus-pandemic-2020-4,Series C,50,United States,2020-04-21T01:53:50.000Z,
Forward,SF Bay Area,10,2020-04-20,0.03,Healthcare,https://www.businessinsider.com/forward-primary-care-startup-layoffs-amid-coronavirus-pandemic-2020-4,Series C,100,United States,2020-04-21T01:52:14.000Z,
Hipcamp,SF Bay Area,,2020-04-20,0.6,Travel,https://techcrunch.com/2020/08/27/after-early-covid-layoffs-hipcamp-is-buying-competition-hiring/,Series B,40.5,United States,2020-08-27T16:31:37.000Z,
Motif Investing,SF Bay Area,,2020-04-18,1,Finance,https://www.thinkadvisor.com/2020/04/18/investing-platform-motif-to-shut-down/,Series E,126,United States,2020-05-03T21:12:28.000Z,
BlackBuck,"Bengaluru, Non-U.S.",200,2020-04-17,,Logistics,https://www.cnbctv18.com/startup/coronavirus-effect-blackbuck-to-lay-off-over-200-employees-ecom-express-puts-hiring-on-hold-5704301.htm,Series D,293,India,2020-04-19T04:41:40.000Z,
ContaAzul,"Joinville, Non-U.S.",140,2020-04-17,0.35000000000000003,Education,https://www.contxto.com/en/brazil/startups-brazil-confirm-layoffs-covid-cause/,Series D,37,Brazil,2020-04-27T21:59:27.000Z,
Greenhouse,New York City,120,2020-04-17,0.28,Recruiting,https://layoffs.fyi/2020/04/20/greenhouse-lays-off-120-employees/,Series D,110,United States,2020-04-17T16:31:03.000Z,
QuintoAndar,"Sao Paulo, Non-U.S.",88,2020-04-17,0.08,Real Estate,https://labs.ebanx.com/en/notes/brazilian-home-rentals-unicorn-quintoandar-lays-off-8-of-employees/,Series D,335,Brazil,2020-04-18T13:37:34.000Z,
Loft,"Sao Paulo, Non-U.S.",47,2020-04-17,0.1,Real Estate,"https://link.estadao.com.br/noticias/inovacao,quinto-andar-demite-cerca-de-8-do-time-por-conta-do-coronavirus,70003274741",Series C,263,Brazil,2020-04-18T13:41:28.000Z,
Zilingo,"Singapore, Non-U.S.",44,2020-04-17,0.05,Retail,https://www.bloomberg.com/news/articles/2020-04-20/singapore-s-zilingo-cuts-jobs-after-putting-global-push-on-hold,Series D,307,Singapore,2020-04-19T04:43:15.000Z,
Labster,"Copenhagen, Non-U.S.",40,2020-04-17,,Education,LinkedIn,Series B,34,Denmark,2020-04-27T04:21:26.000Z,
Sweetgreen,Los Angeles,35,2020-04-17,0.1,Food,https://dot.la/sweetgreen-layoffs-2645746821.html,Series I,478,United States,2020-04-17T23:26:12.000Z,
People.ai,SF Bay Area,30,2020-04-17,0.18,Marketing,https://techcrunch.com/2020/04/17/sales-startup-people-ai-lays-off-18-of-staff-raises-debt-round-amid-covid-19-uncertainty/,Series C,100,United States,2020-04-17T21:18:04.000Z,
Tor,Boston,13,2020-04-17,0.37,Security,https://blog.torproject.org/covid19-impact-tor,Unknown,1,United States,2020-04-18T16:55:23.000Z,
BitGo,SF Bay Area,,2020-04-17,0.12,Crypto,https://www.theblockcrypto.com/post/62276/crypto-bitgo-layoffs-reorganization,Series B,69,United States,2020-04-30T15:40:19.000Z,
Dispatch,Boston,,2020-04-17,0.38,Other,https://www.americaninno.com/boston/inno-news-boston/boston-startup-dispatch-announces-layoffs-amid-coronavirus-disruption/,Series A,18,United States,2020-04-19T04:36:43.000Z,
Food52,New York City,,2020-04-17,,Food,LinkedIn,Acquired,96,United States,2020-04-27T04:24:03.000Z,
Influitive,"Toronto, Non-U.S.",,2020-04-17,,Marketing,LinkedIn,Unknown,59,Canada,2020-04-27T04:12:47.000Z,
CarGurus,Boston,130,2020-04-16,0.13,Transportation,https://layoffs.fyi/2020/05/04/cargurus-laid-off-130-employees/,Post-IPO,1,United States,2020-04-16T23:46:47.000Z,
Funding Societies,"Singapore, Non-U.S.",65,2020-04-16,0.18,Finance,https://www.techinasia.com/raising-40m-funding-societies-streamlines-business-pandemic,Series B,42,Singapore,2020-04-19T05:16:40.000Z,
CleverTap,"Mumbai, Non-U.S.",60,2020-04-16,0.2,Marketing,https://inc42.com/buzz/startupsvscovid19-indian-startup-layoffs-pay-cut-tracker/,Series C,76,India,2020-04-21T15:07:21.000Z,
CrowdRiff,"Toronto, Non-U.S.",,2020-04-16,,Marketing,LinkedIn,Series A,11,Canada,2020-04-27T04:11:07.000Z,
FullStory,Atlanta,,2020-04-16,,Marketing,LinkedIn,Series C,59,United States,2020-04-27T04:14:46.000Z,
Grailed,New York City,,2020-04-16,,Retail,https://layoffs.fyi/2020/04/24/mens-clothing-marketplace-grailed-conducted-a-layoff/,Series A,16,United States,2020-04-23T16:26:45.000Z,
LumenAd,Missoula,,2020-04-16,,Marketing,https://layoffs.fyi/list/lumenad/,Unknown,,United States,2020-05-03T04:36:49.000Z,
Purse,SF Bay Area,,2020-04-16,1,Crypto,https://www.coindesk.com/bitcoin-startup-purse-to-shut-down-after-6-year-run,Seed,1,United States,2020-04-16T23:35:05.000Z,
SquadVoice,Columbus,,2020-04-16,,Real Estate,https://layoffs.fyi/list/squadvoice/,Series A,2,United States,2020-05-03T04:28:33.000Z,
Opendoor,SF Bay Area,600,2020-04-15,0.35000000000000003,Real Estate,https://layoffs.fyi/2020/04/16/opendoor-lays-off-600-people-amid-declining-real-estate-activity/,Series E,1500,United States,2020-04-15T19:27:35.000Z,
GoPro,SF Bay Area,200,2020-04-15,0.2,Consumer,https://techcrunch.com/2020/04/16/gopro-lays-off-200-employees-representing-20-of-the-company/,Post-IPO,288,United States,2020-04-15T23:42:26.000Z,
Shop101,"Mumbai, Non-U.S.",200,2020-04-15,0.4,Retail,https://inc42.com/buzz/exclusive-shop101-lays-off-200-employees-remaining-to-get-pay-cuts/,Series C,19,India,2020-04-21T06:10:20.000Z,
Zume,SF Bay Area,200,2020-04-15,0.67,Food,https://www.businessinsider.com/zume-employee-layoffs-softbank-robotics-startup-zoom-2020-4,Unknown,423,United States,2020-04-15T20:52:52.000Z,
Carta,SF Bay Area,161,2020-04-15,0.16,Finance,https://layoffs.fyi/2020/04/22/carta-laid-off-161-employees-citing-customer-slowdown/,Series E,447,United States,2020-04-15T17:32:19.000Z,
Akulaku,"Jakarta, Non-U.S.",100,2020-04-15,,Finance,https://www.techinasia.com/indonesia-online-lenders-tighten-credit-cut-jobs,Series D,160,Indonesia,2020-04-20T15:15:00.000Z,
Parsable,SF Bay Area,40,2020-04-15,0.25,HR,Company executive,Series C,72,United States,2020-04-28T17:43:40.000Z,
Kodiak Robotics,SF Bay Area,15,2020-04-15,0.2,Transportation,https://www.freightwaves.com/news/kodiak-robotics-lays-of-20-of-its-staff,Series A,40,United States,2020-04-16T22:41:52.000Z,
Tulip Retail,"Toronto, Non-U.S.",14,2020-04-15,,Retail,https://www.linkedin.com/posts/aliasaria_today-tulip-made-the-difficult-decision-to-activity-6656277826045571072-PEPm,Series B,51,Canada,2020-04-16T06:30:55.000Z,
Trove Recommerce,SF Bay Area,13,2020-04-15,,Retail,https://layoffs.fyi/2020/04/22/trove-recommerce-laid-off-13-employees/,Series C,34,United States,2020-04-22T06:24:02.000Z,
Dude Solutions,Raleigh,,2020-04-15,0.2,Other,https://www.linkedin.com/pulse/some-great-people-impacted-c19-ed-roshitsh/?trackingId=0DmzbwQ3O78ObTV3BiRT9w%3D%3D,Acquired,100,United States,2020-04-16T14:26:43.000Z,
SweetEscape,"Jakarta, Non-U.S.",,2020-04-15,0.3,Consumer,https://dealstreetasia.com/stories/sweetescape-layoffs-184295/,Series A,7,Indonesia,2020-04-20T15:01:46.000Z,
View,SF Bay Area,,2020-04-15,,Energy,https://techcrunch.com/2020/04/15/view-the-dynamic-glass-company-that-raised-1-1-billion-from-softbank-in-2018-is-laying-people-off/,Series H,1800,United States,2020-04-16T14:19:36.000Z,
The RealReal,SF Bay Area,235,2020-04-14,0.1,Retail,https://techcrunch.com/2020/04/14/the-real-real-layoffs-furloughs/,Post-IPO,358,United States,2020-04-15T04:11:39.000Z,
TouchBistro,"Toronto, Non-U.S.",131,2020-04-14,0.23,Food,https://betakit.com/touchbistro-furloughs-131-employees-as-restaurants-hit-hard-by-covid-19-pandemic/,Series E,224,Canada,2020-04-14T21:58:15.000Z,
Envoy,SF Bay Area,58,2020-04-14,0.3,HR,https://www.forbes.com/sites/alexandrawilson1/2020/04/15/smart-office-startup-envoy-furloughs-and-lays-off-30-of-employees-cuts-salaries-of-others/#e0729a7b94cf,Series B,59,United States,2020-04-15T23:16:24.000Z,
VSCO,SF Bay Area,45,2020-04-14,0.35000000000000003,Consumer,https://layoffs.fyi/2020/04/15/vsco-lays-off-45-employees-30/,Series B,90,United States,2020-04-14T22:26:51.000Z,
Skillz,SF Bay Area,21,2020-04-14,,Consumer,https://fortune.com/2020/04/14/coronavirus-layoffs-startup-jobs-tech-industry-covid-19-jobs/,Series D,132,United States,2020-04-24T04:25:38.000Z,
DataStax,SF Bay Area,15,2020-04-14,,Data,https://www.businessinsider.com/967-million-datastax-april-layoffs-third-cuts-under-ceo-kapoor-2020-4,Series E,190,United States,2020-04-15T23:55:23.000Z,
Xerpa,"Sao Paulo, Non-U.S.",10,2020-04-14,,HR,https://www.linkedin.com/posts/nreise_ex-xerpas-incr%C3%ADveis-e-dispon%C3%ADveis-covid-activity-6655927070826221568-kunx/,Unknown,5,Brazil,2020-04-14T22:00:39.000Z,
Aura Financial,SF Bay Area,,2020-04-14,,Finance,LinkedIn,Unknown,584,United States,2020-05-10T14:04:33.000Z,
RedDoorz,"Singapore, Non-U.S.",,2020-04-14,,Travel,https://www.thejakartapost.com/news/2020/04/13/budget-cuts-furloughs-inevitable-for-start-ups-to-survive-pandemic-investors.html,Series C,134,Singapore,2020-04-28T17:49:18.000Z,
Groupon,Chicago,2800,2020-04-13,0.44,Retail,https://layoffs.fyi/2020/04/17/groupon-laid-off-or-furloughed-2800-employees/,Post-IPO,1400,United States,2020-04-13T21:14:40.000Z,
Zoox,SF Bay Area,100,2020-04-13,0.1,Transportation,https://www.theinformation.com/briefings/b836b8,Series B,955,United States,2020-04-14T04:07:36.000Z,
Neon,"Sao Paulo, Non-U.S.",70,2020-04-13,0.1,Finance,"https://link.estadao.com.br/noticias/inovacao,neon-demite-funcionarios-e-eventbrite-fecha-operacoes-no-brasil,70003269607",Series B,120,Brazil,2020-04-14T21:51:39.000Z,
EasyPost,SF Bay Area,50,2020-04-13,0.25,Logistics,LinkedIn,Series A,12,United States,2020-04-14T14:31:24.000Z,
Clearbanc,"Toronto, Non-U.S.",17,2020-04-13,0.08,Finance,https://techcrunch.com/2020/04/13/clearbanc-cuts-number-of-staff-to-navigate-long-term-economic-impact-of-covid-19/,Series B,119,Canada,2020-04-13T21:21:43.000Z,
Meow Wolf,Santa Fe,201,2020-04-10,,Media,https://www.sfreporter.com/news/2020/04/10/meow-wolf-cuts-significant-portion-of-staff/,Unknown,185,United States,2020-04-12T05:45:20.000Z,
Frontdesk,Milwaukee,35,2020-04-10,0.16,Travel,https://www.linkedin.com/posts/jessedepinto_today-was-one-of-the-hardest-days-weve-experienced-activity-6654491888835448832-rAdg/,Unknown,3,United States,2020-04-11T04:59:06.000Z,
BeeTech,"Sao Paulo, Non-U.S.",30,2020-04-10,,Finance,https://valorinveste.globo.com/mercados/brasil-e-politica/noticia/2020/04/10/demisses-em-startups-j-somam-quase-mil-pessoas-no-brasil.ghtml,Series B,14,Brazil,2020-04-29T21:56:07.000Z,
Built In,Chicago,28,2020-04-10,,Recruiting,https://www.americaninno.com/chicago/roundups-chicago/chicago-layoffs-local-tech-companies-that-have-cut-staff-due-to-coronavirus/,Series C,29,United States,2020-05-14T23:13:32.000Z,
NuoDB,Boston,20,2020-04-10,0.29,Data,https://www.americaninno.com/boston/inno-news-boston/cambridge-database-startup-nuodb-lays-off-nearly-one-third-of-its-staff/,Unknown,85,United States,2020-04-11T15:33:55.000Z,
Rhumbix,SF Bay Area,16,2020-04-10,0.27,Construction,Company executive,Series B,35,United States,2020-04-13T21:19:35.000Z,
Atsu,Seattle,6,2020-04-10,1,Infrastructure,Company executive,Unknown,1,United States,2020-04-17T17:55:53.000Z,
Geekwire,Seattle,5,2020-04-10,0.31,Media,https://www.geekwire.com/2020/geekwire-reduces-staff-due-economic-impact-covid-19-pandemic/,Unknown,,United States,2020-04-12T07:49:25.000Z,
FloQast,Los Angeles,,2020-04-10,,Finance,LinkedIn,Series C,119,United States,2020-04-27T04:05:36.000Z,
Yelp,SF Bay Area,1000,2020-04-09,0.17,Consumer,https://layoffs.fyi/2020/04/14/yelp-laid-off-1000-employees-and-furloughed-another-1100/,Post-IPO,56,United States,2020-04-09T13:20:33.000Z,
Monzo,Las Vegas,165,2020-04-09,,Finance,https://techcrunch.com/2020/04/09/monzo-to-shutter-las-vegas/,Series F,324,United States,2020-04-09T21:56:12.000Z,
OneTrust,Atlanta,150,2020-04-09,0.1,Legal,https://www.americaninno.com/atlanta/atlanta-startups/atlanta-privacy-unicorn-onetrust-announces-layoffs/,Series B,410,United States,2020-04-10T04:43:00.000Z,
Omie,"Sao Paulo, Non-U.S.",136,2020-04-09,0.31,Finance,"https://link.estadao.com.br/noticias/inovacao,onda-de-demissoes-em-startups-atinge-getninjas-creditas-e-omie,70003263878",Series B,26,Brazil,2020-04-09T21:59:05.000Z,
Domo,Salt Lake City,90,2020-04-09,0.1,Data,https://www.ksl.com/article/46740514/domo-forced-to-lay-off-10-of-workforce-due-to-economic-impact-caused-by-covid-19,Post-IPO,689,United States,2020-04-11T04:56:24.000Z,
Matterport,SF Bay Area,90,2020-04-09,0.34,Data,https://layoffs.fyi/2020/04/24/matterport-laid-off-90-employees/,Series D,114,United States,2020-04-14T22:16:51.000Z,
Clinc,Ann Arbor,40,2020-04-09,0.32,Support,https://www.mlive.com/news/ann-arbor/2020/04/ann-arbor-ai-startup-clinc-lays-off-32-of-its-workers.html,Series B,59,United States,2020-04-02T21:11:13.000Z,
Mejuri,"Toronto, Non-U.S.",36,2020-04-09,0.15,Retail,https://betakit.com/mejuri-lays-off-15-percent-of-staff-as-its-forced-to-close-all-retail-stores-due-to-pandemic/,Series B,28,Canada,2020-04-10T04:15:08.000Z,
Code42,Minneapolis,25,2020-04-09,0.05,Data,https://www.bizjournals.com/twincities/inno/stories/news/2020/04/09/cuts-at-code42-cybersecurity-company-eliminates-25.html,Series B,137.5,United States,2020-09-08T17:47:34.000Z,
Lighthouse Labs,"Toronto, Non-U.S.",14,2020-04-09,0.07,Education,https://betakit.com/as-lighthouse-labs-faces-staff-cuts-extends-coding-scholarships-to-covid-19-jobless/,Unknown,,Canada,2020-04-10T04:17:23.000Z,
LoopMe,"London, Non-U.S.",8,2020-04-09,0.04,Marketing,https://www.adweek.com/programmatic/multiple-ad-tech-companies-suffer-layoffs-as-unemployment-spikes/,Unknown,32,United Kingdom,2020-04-10T06:08:04.000Z,
CipherTrace,SF Bay Area,,2020-04-09,,Crypto,https://www.theblockcrypto.com/daily/61411/blockchain-analytics-chainalysis-elliptic-ciphertrace-coronavirus,Unknown,18,United States,2020-04-30T16:17:28.000Z,
Elliptic,"London, Non-U.S.",,2020-04-09,0.3,Crypto,https://www.theblockcrypto.com/daily/61411/blockchain-analytics-chainalysis-elliptic-ciphertrace-coronavirus,Series B,40,United Kingdom,2020-04-30T16:16:50.000Z,
Zest AI,Los Angeles,,2020-04-09,,Finance,LinkedIn,Unknown,217,United States,2020-04-12T23:56:43.000Z,
Eventbrite,SF Bay Area,500,2020-04-08,0.45,Consumer,https://layoffs.fyi/2020/04/13/eventbrite-laid-off-500-employees/,Post-IPO,332,United States,2020-04-08T20:36:31.000Z,
Meesho,"Bengaluru, Non-U.S.",200,2020-04-08,0.28,Retail,https://entrackr.com/2020/04/exclusive-meesho-lays-off-over-200-employees-due-to-covid-19/,Series D,215,India,2020-04-10T04:54:31.000Z,
Scoop,SF Bay Area,92,2020-04-08,0.33,Transportation,https://layoffs.fyi/2020/04/10/scoop-announces-layoff/,Series C,95,United States,2020-04-09T04:48:26.000Z,
Unison,SF Bay Area,89,2020-04-08,0.45,Finance,https://www.bizjournals.com/sanfrancisco/news/2020/04/03/exclusive-s-f-proptech-raises-doubts-about-its.html,Series B,40,United States,2020-04-04T04:34:16.000Z,
Lever,SF Bay Area,86,2020-04-08,0.4,Recruiting,https://layoffs.fyi/2020/04/13/lever-laid-off-109-employees/,Series C,72,United States,2020-04-09T00:03:19.000Z,
Unbabel,"Lisbon, Non-U.S.",80,2020-04-08,0.35000000000000003,Support,https://www.time24.news/i/2020/04/unbabel-will-lay-off-35-of-employees-there-are-more-than-80-people-observer.html,Series C,91,Portugal,2020-04-09T21:39:49.000Z,
Button,New York City,48,2020-04-08,0.35000000000000003,Marketing,LinkedIn,Series C,64,United States,2020-04-10T14:31:17.000Z,
Eden / Managed By Q,New York City,40,2020-04-08,0.4,Real Estate,https://layoffs.fyi/2020/04/08/remainder-of-managed-by-q-team-furloughed-or-laid-off-by-eden/,Series B,40,United States,2020-04-08T17:15:35.000Z,
Quantcast,SF Bay Area,30,2020-04-08,0.05,Marketing,https://www.adexchanger.com/platforms/quantcast-lays-off-5-and-cuts-salaries-due-to-economic-impact-of-the-coronavirus/,Series C,65,United States,2020-04-08T15:33:01.000Z,
BVAccel,San Diego,25,2020-04-08,0.25,Marketing,https://www.businessinsider.com/bvaccel-cuts-employees-due-to-coronavirus-impact-on-dtc-brands-2020-4,Unknown,,United States,2020-04-12T06:35:16.000Z,
VideoAmp,Los Angeles,21,2020-04-08,0.1,Marketing,https://www.businessinsider.com/videoamp-cuts-staff-and-2020-revenue-projections-due-to-coronavirus-2020-4,Series C,106,United States,2020-04-10T04:28:51.000Z,
Kenoby,"Sao Paulo, Non-U.S.",18,2020-04-08,0.16,Recruiting,"https://link.estadao.com.br/noticias/inovacao,onda-de-demissoes-em-startups-atinge-getninjas-creditas-e-omie,70003263878",Unknown,23,Brazil,2020-04-12T06:37:34.000Z,
Connected,"Toronto, Non-U.S.",17,2020-04-08,0.1,Product,https://layoffs.fyi/2020/04/13/connected-laid-off-17-employees/,Unknown,,Canada,2020-04-11T06:09:33.000Z,
GetNinjas,"Sao Paulo, Non-U.S.",11,2020-04-08,0.1,Consumer,"https://link.estadao.com.br/noticias/inovacao,onda-de-demissoes-em-startups-atinge-getninjas-creditas-e-omie,70003263878",Series B,16,Brazil,2020-04-12T06:41:02.000Z,
Spyce,Boston,4,2020-04-08,0.12,Food,https://www.americaninno.com/boston/inno-news-boston/robotic-kitchen-spyce-lays-off-staff-amid-coronavirus-crisis/,Series A,26,United States,2020-04-08T23:49:19.000Z,
Creditas,"Sao Paulo, Non-U.S.",,2020-04-08,0.06,Finance,"https://link.estadao.com.br/noticias/inovacao,onda-de-demissoes-em-startups-atinge-getninjas-creditas-e-omie,70003263878",Series D,314,Brazil,2020-04-12T06:39:41.000Z,
Lytics,Portland,,2020-04-08,,Marketing,Internal memo,Series C,58,United States,2020-06-02T03:58:18.000Z,
RedDoorz,"Singapore, Non-U.S.",,2020-04-08,0.1,Travel,https://www.techinasia.com/airy-cease-operations,Series C,134,Singapore,2020-05-10T20:57:00.000Z,
Slice Labs,New York City,,2020-04-08,,Finance,LinkedIn,Series A,35,United States,2020-04-12T06:52:44.000Z,
TechAdvance,"Lagos, Non-U.S.",,2020-04-08,,Finance,https://twitter.com/pyjama_ceo/status/1247881029349543941,Unknown,1,Nigeria,2020-05-15T04:08:58.000Z,
Zola,New York City,,2020-04-08,0.2,Retail,https://www.fastcompany.com/90488160/as-covid-19-kills-wedding-plans-zola-cuts-salaries-and-lays-off-20-of-staff,Series D,140,United States,2020-04-08T23:58:29.000Z,
Toast,Boston,1300,2020-04-07,0.5,Food,https://layoffs.fyi/2020/04/10/toast-cuts-1300-employees/,Series F,902,United States,2020-04-07T21:23:31.000Z,
ezCater,Boston,400,2020-04-07,0.44,Food,https://www.axios.com/ezcater-corporate-catering-unicorn-lays-off-hundreds-084d76ff-45fc-4011-8121-e938924e3819.html,Series D,319,United States,2020-04-07T22:55:49.000Z,
Sage Therapeutics,Boston,340,2020-04-07,0.53,Healthcare, https://www.biopharmadive.com/news/sage-restructuring-layoffs-340-employees/575641/,Post-IPO,438,United States,2020-04-08T22:22:07.000Z,
Redfin,Seattle,236,2020-04-07,0.07,Real Estate,https://www.geekwire.com/2020/redfin-lays-off-7-staff-furloughs-hundreds-agents-due-covid-19-impact-housing-demand/,Post-IPO,319,United States,2020-04-07T21:49:36.000Z,
Branch Metrics,SF Bay Area,100,2020-04-07,0.2,Marketing,https://news.crunchbase.com/news/branch-metrics-lays-off-20-percent-of-employees/,Series E,367,United States,2020-04-09T21:50:48.000Z,
Newfront Insurance,SF Bay Area,94,2020-04-07,,Finance,https://layoffs.fyi/2020/06/15/newfront-insurance-layoff-list-released/,Unknown,,United States,2020-04-08T05:54:37.000Z,
Ibotta,Denver,87,2020-04-07,0.15,Retail,https://businessden.com/2020/04/14/rebate-app-ibotta-cuts-15-percent-of-staff/,Series D,85,United States,2020-04-12T06:44:26.000Z,
Virta Health,SF Bay Area,65,2020-04-07,,Healthcare,https://www.statnews.com/2020/04/07/coronavirus-related-layoffs-hit-health-tech-startups/,Series C,175,United States,2020-04-07T23:40:13.000Z,
Away,New York City,60,2020-04-07,0.1,Retail,https://techcrunch.com/2020/04/07/away-the-high-flying-travel-brand-startup-just-furloughed-half-its-employees-and-laid-off-10/,Series D,181,United States,2020-04-07T21:05:22.000Z,
MediaMath,New York City,53,2020-04-07,0.08,Marketing,https://www.adexchanger.com/platforms/mediamath-cuts-8-of-staff-citing-coronavirus/,Private Equity,607,United States,2020-04-08T04:37:00.000Z,
Group Nine Media,New York City,50,2020-04-07,0.07,Media,https://www.axios.com/group-nine-media-layoffs-76644172-c473-42aa-b9a3-3a7e60b1baed.html,Unknown,190,United States,2020-04-07T23:38:46.000Z,
Payfactors,Boston,46,2020-04-07,,HR,LinkedIn,Unknown,,United States,2020-04-09T05:03:45.000Z,
Nav,Salt Lake City,30,2020-04-07,,Finance,https://layoffs.fyi/2020/04/20/nav-laid-off-30-employees/,Series C,99,United States,2020-04-19T18:10:08.000Z,
AskNicely,Portland,,2020-04-07,,Support,LinkedIn,Series A,15,United States,2020-04-09T05:26:29.000Z,
RainFocus,Salt Lake City,,2020-04-07,,Marketing,LinkedIn,Private Equity,41,United States,2020-04-09T05:35:17.000Z,
Metromile,SF Bay Area,100,2020-04-06,0.33,Finance,https://layoffs.fyi/2020/04/08/metromile-laid-off-100-employees/,Series E,293,United States,2020-04-07T04:50:58.000Z,
Rock Content,"Belo Horizonte, Non-U.S.",100,2020-04-06,0.2,Marketing,"https://link.estadao.com.br/noticias/inovacao,startups-brasileiras-fazem-demissoes-por-conta-do-coronavirus,70003262126",Series A,0.7,Brazil,2020-04-06T21:18:32.000Z,
BounceX,New York City,77,2020-04-06,0.2,Marketing,https://www.adweek.com/programmatic/multiple-ad-tech-companies-suffer-layoffs-as-unemployment-spikes/,Series B,75,United States,2020-04-06T23:03:47.000Z,
C6 Bank,"Sao Paulo, Non-U.S.",60,2020-04-06,0.06,Finance,"https://link.estadao.com.br/noticias/inovacao,startups-brasileiras-fazem-demissoes-por-conta-do-coronavirus,70003262126",Unknown,,Brazil,2020-04-06T21:17:19.000Z,
Wordstream,Boston,26,2020-04-06,0.1,Marketing,https://www.linkedin.com/posts/hkogan_earlier-this-week-our-executive-team-made-activity-6654464027185475585-tEV3,Acquired,28,United States,2020-04-09T05:31:05.000Z,
Cogito,Boston,24,2020-04-06,0.14,Support,https://www.americaninno.com/boston/inno-news-boston/more-coronavirus-layoffs-emotional-ai-startup-cogito-makes-cuts/,Series C,92,United States,2020-04-06T22:01:47.000Z,
BusBud,"Montreal, Non-U.S.",23,2020-04-06,0.32,Transportation,https://www.journaldemontreal.com/2020/04/06/busbud-licencie-le-tiers-de-ses-employes,Series B,21,Canada,2020-04-28T03:56:37.000Z,
Borrowell,"Toronto, Non-U.S.",15,2020-04-06,0.2,Finance,https://betakit.com/borrowell-lays-off-20-percent-of-staff-citing-financial-institutions-pulling-back-amid-covid-19/,Series B,72,Canada,2020-04-06T23:55:30.000Z,
PerkSpot,Chicago,10,2020-04-06,0.1,HR,https://www.americaninno.com/chicago/inno-news-chicago/layoffs-at-hr-tech-company-perkspot-amid-covid-19/,Private Equity,50,United States,2020-04-10T04:44:38.000Z,
Bitfarms,"Quebec, Non-U.S.",,2020-04-06,,Crypto,https://coingeek.com/job-losses-loom-at-bitfarms-due-to-coronavirus/,Post-IPO,25,Canada,2020-04-08T23:53:05.000Z,
Hopper,Boston,,2020-04-06,,Travel,https://www.americaninno.com/boston/inno-news-boston/travel-booking-app-hopper-announces-layoffs-amid-coronavirus-crisis/,Series D,183,United States,2020-04-06T22:05:52.000Z,
Mapbox,Washington D.C.,,2020-04-06,,Data,LinkedIn,Series C,227,United States,2020-05-10T06:05:53.000Z,
Astra,SF Bay Area,40,2020-04-05,0.25,Aerospace,https://www.cnbc.com/2020/04/05/rocket-startup-astra-trims-staff-to-survive-pandemic-until-next-year.html,Unknown,100,United States,2020-04-05T17:55:01.000Z,
Iflix,"Kuala Lumpur, Non-U.S.",50,2020-04-04,0.12,Consumer,https://technode.global/2020/04/07/iflix-job-cuts-coronavirus/,Unknown,348,Malaysia,2020-06-11T23:20:28.000Z,
Gympass,"Sao Paulo, Non-U.S.",467,2020-04-03,0.33,Fitness,https://forbes.com.br/negocios/2020/04/exclusivo-gympass-desliga-um-terco-dos-colaboradores/,Series D,300,Brazil,2020-04-05T21:25:43.000Z,
Sojern,SF Bay Area,300,2020-04-03,0.5,Marketing,https://www.adweek.com/programmatic/sojern-lays-off-50-of-staff-as-coronavirus-cuts-through-the-travel-industry/,Series D,162,United States,2020-04-03T22:12:07.000Z,
MaxMilhas,"Belo Horizonte, Non-U.S.",167,2020-04-03,0.42,Travel,https://revistapegn.globo.com/Startups/noticia/2020/04/por-novo-coronavirus-startups-gympass-e-maxmilhas-cortam-equipes.html,Unknown,,Brazil,2020-04-06T05:08:41.000Z,
Minted,SF Bay Area,147,2020-04-03,0.37,Retail,https://www.theinformation.com/briefings/d4f745,Series E,297,United States,2020-04-05T17:53:20.000Z,
Velodyne Lidar,SF Bay Area,140,2020-04-03,,Transportation,https://www.bloomberg.com/news/articles/2020-04-04/silicon-valley-startup-firings-over-virus-face-early-court-test,Unknown,225,United States,2020-04-05T04:34:31.000Z,
Zoox,SF Bay Area,120,2020-04-03,,Transportation,https://www.theverge.com/2020/4/6/21210000/zoox-layoff-coronavirus-self-driving-car-safety-drivers,Series B,955,United States,2020-04-07T00:03:11.000Z,
Traveloka,"Jakarta, Non-U.S.",100,2020-04-03,0.1,Travel,https://asia.nikkei.com/Business/Startups/Coronavirus-drives-Indonesia-s-Traveloka-to-lay-off-staff,Unknown,,Indonesia,2020-04-07T14:51:54.000Z,
Arrive Logistics,Austin,75,2020-04-03,0.07,Logistics,https://www.freightwaves.com/news/citing-coronavirus-arrive-logistics-cuts-10-of-workforce,Series B,35,United States,2020-04-05T04:41:38.000Z,
Salsify,Boston,60,2020-04-03,0.13,Retail,https://www.americaninno.com/boston/inno-news-boston/salsify-lays-off-60-cuts-executive-pay-amid-coronavirus-driven-uncertainty/,Series D,97,United States,2020-04-04T02:02:44.000Z,
Jetty,New York City,35,2020-04-03,0.4,Finance,https://layoffs.fyi/2020/04/17/jetty-laid-off-40-of-staff-after-pausing-sales-of-new-insurance-policies/,Series B,40,United States,2020-04-06T21:21:41.000Z,
D2iQ,SF Bay Area,34,2020-04-03,0.13,Infrastructure,https://www.businessinsider.com/d2iq-mesosphere-layoffs-34-coronavirus-crisis-2020-4,Series D,247,United States,2020-04-22T23:02:23.000Z,
Bustle Digital Group,New York City,24,2020-04-03,0.08,Media,https://digiday.com/media/bustle-digital-group-g-o-media-announce-layoffs-and-cost-saving-measures/,Series E,80,United States,2020-04-03T21:51:33.000Z,
Bustle Digital Group,New York City,19,2020-04-03,,Media,https://www.adweek.com/media/bdg-input-mic-layoffs/,Series E,80,United States,2022-09-21T04:06:44.000Z,
Opencare,"Toronto, Non-U.S.",18,2020-04-03,0.25,Healthcare,https://betakit.com/opencare-lays-off-one-quarter-of-staff-as-it-prepares-to-weather-the-storm-of-covid-19/,Series A,24,Canada,2020-04-04T04:32:27.000Z,
Anagram,Los Angeles,17,2020-04-03,,Healthcare,https://www.statnews.com/2020/04/07/coronavirus-related-layoffs-hit-health-tech-startups/,Series A,14,United States,2020-04-05T05:21:14.000Z,
G/O Media Group,New York City,14,2020-04-03,0.05,Media,https://digiday.com/media/bustle-digital-group-g-o-media-announce-layoffs-and-cost-saving-measures/,Unknown,,United States,2020-04-08T04:48:14.000Z,
DSCO,Salt Lake City,12,2020-04-03,,Retail,https://www.linkedin.com/posts/claytonperkins_recommendationsoverresumes-c19-activity-6651856309597675520-BGA9/,Series A,4,United States,2020-04-07T00:36:21.000Z,
Tripbam,Dallas,10,2020-04-03,0.25,Travel,https://www.bizjournals.com/dallas/news/2020/04/03/more-travel-tech-companies-reduce-salaries-cut.html,Unknown,,United States,2020-04-04T04:37:21.000Z,
Avantage Entertainment,Minneapolis,5,2020-04-03,0.2,Media,https://www.bizjournals.com/twincities/news/2020/04/03/minnesota-tech-firms-used-to-growth-slam-on-hiring.html,Unknown,,United States,2020-04-04T04:45:52.000Z,
Alegion,Austin,,2020-04-03,,Data,LinkedIn,Series A,16,United States,2020-04-09T05:39:26.000Z,
AllyO,SF Bay Area,,2020-04-03,,HR,LinkedIn,Series B,64,United States,2020-04-14T22:23:52.000Z,
Mews,"Prague, Non-U.S.",,2020-04-03,,Travel,LinkedIn,Series B,41,Czech Republic,2020-04-07T15:03:20.000Z,
PeopleGrove,SF Bay Area,,2020-04-03,,HR,LinkedIn,Series A,7,United States,2020-04-07T14:26:03.000Z,
The Muse,New York City,,2020-04-03,,Recruiting,LinkedIn,Series B,28,United States,2020-04-07T14:42:11.000Z,
The Wing,New York City,,2020-04-03,0.5,Real Estate,https://www.fastcompany.com/90486179/the-wing-announces-mass-layoffs-over-zoom-after-covid-19-causes-revenue-to-dry-up-overnight,Series C,117,United States,2020-04-04T02:17:04.000Z,
MindBody,San Luis Obispo,700,2020-04-02,0.35000000000000003,Fitness,https://www.sanluisobispo.com/news/business/article241730706.html,Post-IPO,114,United States,2020-04-02T22:47:10.000Z,
Katerra,SF Bay Area,240,2020-04-02,0.03,Construction,https://www.constructiondive.com/news/katerra-ceos-salary-cut-to-0-amid-layoffs-operation-shutdowns/575460/,Series D,1200,United States,2020-04-04T16:11:24.000Z,
Ritual,"Toronto, Non-U.S.",196,2020-04-02,0.54,Food,https://layoffs.fyi/2020/04/02/ritual-lays-off-196-employees-due-to-covid-19-impact-on-restaurants/,Series C,112,Canada,2020-04-02T17:07:42.000Z,
ClassPass,New York City,154,2020-04-02,0.22,Fitness,https://layoffs.fyi/2020/04/03/classpass-laid-off-or-furloughed-half-its-staff/,Series E,549,United States,2020-04-02T22:29:06.000Z,
eGym,"Munich, Non-U.S.",100,2020-04-02,0.25,Fitness,https://www.tz.de/muenchen/stadt/muenchen-ort29098/corona-muenchen-kuendigung-video-videocall-start-up-mitarbeiter-erklaerung-firma-13637702.html,Series D,109,Germany,2020-04-20T14:43:02.000Z,
Voi,"Stockholm, Non-U.S.",100,2020-04-02,,Transportation,https://www.businessinsider.com/scooter-startup-voi-layoffs-furloughs-staff-covid-19-2020-4,Series B,167,Sweden,2020-04-02T22:49:31.000Z,
Industrious,New York City,90,2020-04-02,0.2,Real Estate,https://commercialobserver.com/2020/04/industrious-cuts-a-third-of-its-workforce/,Series D,222,United States,2020-04-03T14:21:11.000Z,
1stdibs,New York City,70,2020-04-02,0.17,Retail,https://twitter.com/eringriffith/status/1246147841350762497,Series D,253,United States,2020-04-08T05:51:30.000Z,
ThirdLove,SF Bay Area,65,2020-04-02,0.3,Retail,https://www.businessinsider.com/victorias-secret-challenger-thirdlove-sees-layoffs-due-to-coronavirus-2020-4,Series B,68,United States,2020-04-02T22:24:30.000Z,
Latch,New York City,60,2020-04-02,,Security,LinkedIn,Series B,152,United States,2020-04-04T04:54:20.000Z,
The Predictive Index,Boston,59,2020-04-02,0.25,HR,https://layoffs.fyi/2020/04/06/the-predictive-index-lays-off-59-employees,Acquired,65,United States,2020-04-03T21:49:53.000Z,
Shuttl,"New Delhi, Non-U.S.",40,2020-04-02,,Transportation,https://inc42.com/buzz/startupsvscovid19-startups-choose-layoffs-to-keep-businesses-running/,Series C,122,India,2020-04-10T05:00:15.000Z,
Jobcase,Boston,39,2020-04-02,0.2,Recruiting,LinkedIn,Private Equity,118,United States,2020-04-02T17:11:31.000Z,
Copper,SF Bay Area,35,2020-04-02,,Marketing,LinkedIn,Series C,102,United States,2020-04-07T00:53:19.000Z,
Dynamic Signal,SF Bay Area,35,2020-04-02,0.19,HR,LinkedIn,Series E,114,United States,2020-04-10T04:21:15.000Z,
FiscalNote,Washington D.C.,30,2020-04-02,,Media,https://www.adweek.com/digital/dozens-fired-at-cq-roll-publication-known-for-reporting-inside-washington/,Series D,50,United States,2020-04-15T17:39:10.000Z,
Sauce Labs,SF Bay Area,30,2020-04-02,0.15,Infrastructure,LinkedIn,Unknown,151,United States,2020-04-14T21:56:36.000Z,
Humu,SF Bay Area,26,2020-04-02,,HR,https://www.bloomberg.com/news/articles/2020-04-02/humu-a-startup-run-by-former-google-hr-boss-cuts-jobs,Series B,40,United States,2020-04-03T15:02:40.000Z,
TripleLift,New York City,23,2020-04-02,0.07,Marketing,https://www.adweek.com/programmatic/triplelift-confirms-staff-salary-cuts-amid-wave-of-industry-austerity/,Series B,16,United States,2020-04-10T21:09:47.000Z,
Coding Dojo,Seattle,7,2020-04-02,0.07,Education,https://www.geekwire.com/2020/engineering-bootcamp-coding-dojo-cuts-jobs-launches-volunteer-program-help-small-businesses/,Unknown,2,United States,2020-04-12T21:17:03.000Z,
Instamojo,"Bengaluru, Non-U.S.",6,2020-04-02,0.06,Finance,https://www.business-standard.com/article/companies/covid-19-crisis-consumer-internet-start-ups-brace-for-salary-cuts-layoffs-120040101707_1.html,Unknown,8,India,2020-04-12T05:58:54.000Z,
Synergysuite,Salt Lake City,5,2020-04-02,0.07,Food,https://www.linkedin.com/feed/update/urn:li:activity:6651167936918753280?commentUrn=urn%3Ali%3Acomment%3A%28activity%3A6651167936918753280%2C6651190820756172801%29,Series A,6,United States,2020-04-03T13:29:40.000Z,
Atlanta Tech Village,Atlanta,,2020-04-02,0.5,Real Estate,https://www.bizjournals.com/atlanta/news/2020/04/02/atlanta-tech-village-lays-off-half-of-its-staff.html,Unknown,,United States,2020-04-04T04:28:54.000Z,
Capillary,"Bengaluru, Non-U.S.",,2020-04-02,,Retail,https://inc42.com/buzz/startupsvscovid19-startups-choose-layoffs-to-keep-businesses-running/,Private Equity,102,India,2020-04-12T06:00:00.000Z,
Modsy,SF Bay Area,,2020-04-02,,Retail,https://techcrunch.com/2020/04/02/modsy-confirms-layoffs-10-months-after-announcing-its-37m-series-c/,Series C,70,United States,2020-04-02T22:05:41.000Z,
The Modist,"Dubai, Non-U.S.",,2020-04-02,1,Retail,https://www.menabytes.com/the-modist-shuts-down/,Unknown,,United Arab Emirates,2020-04-05T23:25:47.000Z,
Wonder,New York City,,2020-04-02,,Other,https://layoffs.fyi/list/wonder/,Unknown,,United States,2020-04-23T15:38:42.000Z,
Booksy,SF Bay Area,200,2020-04-01,,Consumer,LinkedIn,Series B,48,United States,2020-04-07T14:32:38.000Z,
Flymya,"Yangon, Non-U.S.",200,2020-04-01,0.33,Travel,https://www.techinasia.com/myanmar-travel-startup-lays-staff-bookings-drop,Unknown,,Myanmar,2020-05-06T03:47:36.000Z,
PatientPop,Los Angeles,100,2020-04-01,0.2,Healthcare,LinkedIn,Series B,75,United States,2020-04-01T21:43:38.000Z,
Showpad,Chicago,52,2020-04-01,0.12,Marketing,https://www.americaninno.com/chicago/inno-news-chicago/showpad-lays-off-52-employees-globally-18-in-chicago/,Series D,159,United States,2020-04-01T21:33:22.000Z,
Highsnobiety,"Berlin, Non-U.S.",51,2020-04-01,0.25,Media,https://digiday.com/media/highsnobiety-closes-commerce-cuts-25-of-staff/,Series A,8.5,Germany,2020-04-08T04:49:58.000Z,
Earnin,SF Bay Area,50,2020-04-01,0.2,Finance,LinkedIn,Series C,190,United States,2020-04-03T13:56:06.000Z,
Wonolo,SF Bay Area,46,2020-04-01,0.13,Recruiting,https://www.bizjournals.com/sanfrancisco/news/2020/04/01/wonolo-cuts-workforce-amid-covid-19-outbreak.html,Series C,52,United States,2020-03-28T20:52:49.000Z,
Acko,"Mumbai, Non-U.S.",45,2020-04-01,0.09,Finance,https://entrackr.com/2020/04/exclusive-acko-insurance-layoff/,Unknown,143,India,2020-04-08T05:56:21.000Z,
Moovel,Portland,28,2020-04-01,0.37,Transportation,https://www.oregonlive.com/silicon-forest/2020/04/transit-tech-company-moovel-says-second-round-of-portland-layoffs-will-reduce-staff-nearly-40.html,Unknown,,United States,2020-04-02T22:08:47.000Z,
Aqua Security,"Tel Aviv, Non-U.S.",24,2020-04-01,0.09,Security,https://www.bizjournals.com/boston/news/2020/04/02/cybersecurity-company-lays-off-workers-via-zoom.html,Series C,100,Israel,2020-04-04T02:15:40.000Z,
Crayon,Boston,20,2020-04-01,0.2,Marketing,LinkedIn,Series A,16,United States,2020-04-07T13:57:52.000Z,
Pana,Denver,18,2020-04-01,,Travel,https://businessden.com/2020/04/01/business-travel-startup-pana-cuts-18-employees/,Series A,11,United States,2020-04-02T04:00:39.000Z,
Sensibill,"Toronto, Non-U.S.",17,2020-04-01,0.2,Finance,https://betakit.com/following-layoffs-sensibill-secures-5-million-in-debt-financing/,Series B,50,Canada,2020-05-22T23:39:37.000Z,
Usermind,Seattle,15,2020-04-01,0.25,Marketing,https://www.geekwire.com/2020/seattle-marketing-software-startup-usermind-lays-off-15-employees/,Series C,46,United States,2020-04-02T04:01:05.000Z,
Incredible Health,SF Bay Area,9,2020-04-01,0.4,Healthcare,https://www.statnews.com/2020/04/07/coronavirus-related-layoffs-hit-health-tech-startups/,Series A,15,United States,2020-04-07T14:18:08.000Z,
Currency,Los Angeles,,2020-04-01,,Finance,LinkedIn,Unknown,,United States,2020-04-05T22:25:14.000Z,
GOAT Group,Los Angeles,,2020-04-01,,Retail,LinkedIn,Series D,197,United States,2020-04-07T05:08:33.000Z,
Le Tote,SF Bay Area,,2020-04-01,0.5,Retail,https://footwearnews.com/2020/business/retail/lord-taylor-mass-layoffs-president-resigns-out-of-business-1202961340/,Series C,62,United States,2020-04-06T14:53:26.000Z,
Levelset,New Orleans,,2020-04-01,,Construction,LinkedIn,Series C,46,United States,2020-04-09T05:41:58.000Z,
Pebblepost,New York City,,2020-04-01,0.6,Marketing,LinkedIn,Series C,81,United States,2020-04-06T23:18:39.000Z,
WhyHotel,Washington D.C.,,2020-04-01,0.5,Travel,https://technical.ly/dc/2020/04/02/whyhotel-layoffs-operational-changes-hospitality-covid19-coronavirus/,Series B,33,United States,2020-04-04T04:32:03.000Z,
KeepTruckin,SF Bay Area,349,2020-03-31,0.18,Logistics,https://layoffs.fyi/2020/03/31/keeptruckin-lays-off-another-149-employees-one-month-after-previous-layoff/,Series D,227,United States,2020-04-01T04:11:33.000Z,
AdRoll,Salt Lake City,210,2020-03-31,0.3,Marketing,https://www.adexchanger.com/online-advertising/nextroll-lays-off-30-institutes-20-paycuts/,Series C,89,United States,2020-04-01T05:33:52.000Z,
Rover,Seattle,194,2020-03-31,0.41000000000000003,Consumer,https://www.geekwire.com/2020/pet-care-startup-rover-lays-off-41-workforce-194-employees-due-covid-19-impact/,Series G,310,United States,2020-03-31T20:59:42.000Z,
Turo,SF Bay Area,108,2020-03-31,0.3,Transportation,https://layoffs.fyi/2020/04/21/turo-laid-off-108-employees/,Series E,467,United States,2020-04-01T05:44:11.000Z,
uShip,Austin,65,2020-03-31,0.37,Logistics,https://www.bizjournals.com/austin/news/2020/03/31/austin-layoffs-rounded-up-incredibly-talented.html,Series D,69,United States,2020-04-01T00:51:48.000Z,
SkySlope,Sacramento,50,2020-03-31,0.25,Real Estate,https://www.bizjournals.com/sacramento/news/2020/04/03/skyslope-said-to-cut-sacramento-staff-as-housing.html,Acquired,,United States,2020-05-14T00:15:38.000Z,
Siteimprove,Minneapolis,40,2020-03-31,,Marketing,https://www.bizjournals.com/twincities/news/2020/04/03/minnesota-tech-firms-used-to-growth-slam-on-hiring.html,Unknown,55,United States,2020-04-04T04:44:01.000Z,
AngelList,SF Bay Area,20,2020-03-31,,Recruiting,https://techcrunch.com/2020/04/06/angellist-lays-off-a-number-of-staff-and-cuts-executive-salaries/,Series B,26,United States,2020-04-06T15:00:40.000Z,
Zenoti,Seattle,17,2020-03-31,0.04,Fitness,https://www.geekwire.com/2020/spa-salon-software-startup-zenoti-makes-small-layoff-beauty-industry-faces-covid-19-upheaval/,Series C,91,United States,2020-03-31T21:10:35.000Z,
DialSource,Sacramento,5,2020-03-31,0.14,Marketing,Company executive,Series B,26,United States,2020-04-07T17:25:45.000Z,
Adara,SF Bay Area,,2020-03-31,,Travel,https://www.linkedin.com/posts/hongchengmi_grateful-activity-6650855887563030528-O3sC,Series C,67,United States,2020-04-06T23:13:31.000Z,
Claravine,Salt Lake City,,2020-03-31,,Marketing,LinkedIn,Seed,4,United States,2020-04-07T15:11:03.000Z,
Domio,New York City,,2020-03-31,0.3,Travel,LinkedIn,Series B,116,United States,2020-04-07T14:38:45.000Z,
Kazoo,Austin,,2020-03-31,0.35000000000000003,HR,https://www.americaninno.com/austin/inno-news/austin-hr-platform-company-kazoo-lays-off-35-of-its-workforce/,Series A,8,United States,2020-04-01T00:50:59.000Z,
Snap Finance,Salt Lake City,,2020-03-31,,Finance,LinkedIn,Unknown,,United States,2020-04-01T21:37:18.000Z,
Zerto,Boston,,2020-03-31,,Infrastructure,https://blocksandfiles.com/2020/03/31/zerto-makes-layoffs-to-survive-pandemic-economic-storm/,Series E,130,United States,2020-04-01T00:52:31.000Z,
Thumbtack,SF Bay Area,250,2020-03-30,0.3,Consumer,https://layoffs.fyi/2020/04/06/thumbtack-laid-off-250-employees/,Series F,423,United States,2020-03-30T21:20:55.000Z,
RigUp,Austin,120,2020-03-30,0.25,Energy,https://www.americaninno.com/austin/inno-news/austin-tech-unicorn-rigup-sheds-100-plus-jobs/,Series D,423,United States,2020-03-31T21:00:51.000Z,
FabHotels,"New Delhi, Non-U.S.",80,2020-03-30,0.2,Travel,https://entrackr.com/2020/04/exclusive-fabhotels-lays-off-80-employees-slashes-salary/,Series B,48,India,2020-04-10T05:04:32.000Z,
Hibob,"Tel Aviv, Non-U.S.",70,2020-03-30,0.3,HR,https://www.teamblind.com/post/Hibob-layoffs---70-ppl-org-wide-5BmyRsoZ,Series A,45,Israel,2020-03-31T03:54:56.000Z,
PeerStreet,Los Angeles,51,2020-03-30,0.3,Finance,https://layoffs.fyi/2020/03/31/breaking-la-based-peerstreet-lays-off-50-employees/,Series C,110,United States,2020-03-31T21:41:47.000Z,
Maven,Seattle,31,2020-03-30,0.09,Media,https://www.businesswire.com/news/home/20200330005734/en/Maven-Announces-Broad-Cost-Containment-Initiative-Including-9,Post-IPO,77,United States,2020-04-08T04:50:39.000Z,
Blume Global,SF Bay Area,30,2020-03-30,0.1,Logistics,LinkedIn,Unknown,,United States,2020-04-01T05:29:59.000Z,
Catalant,Boston,30,2020-03-30,,Other,https://www.americaninno.com/boston/inno-news-boston/catalant-technologies-cuts-workforce-amid-coronavirus-uncertainty/,Series E,110,United States,2020-03-31T21:09:44.000Z,
Starship Technologies,"Tallinn, Non-U.S.",30,2020-03-30,,Transportation,https://digi.geenius.ee/rubriik/uudis/karmid-numbrid-robotkullerite-tootja-starshipi-pohiari-kukkus-sisuliselt-kokku/,Series A,82,Estonia,2020-04-08T04:33:36.000Z,
Loftsmart,New York City,25,2020-03-30,0.75,Real Estate,https://www.linkedin.com/posts/swbernstein_founder-operator-and-investor-friends-activity-6647864445718585344-4i-K,Series A,18,United States,2020-04-06T14:35:39.000Z,
Caliva,SF Bay Area,20,2020-03-30,,Retail,https://www.businessinsider.com/cannabis-startup-caliva-laid-off-20-corporate-employees-2020-5,Series A,75,United States,2020-05-29T22:37:29.000Z,
Iris Nova,New York City,9,2020-03-30,0.5,Food,https://www.businessinsider.com/coca-cola-backed-startup-iris-nova-layoffs-due-to-coronavirus-2020-3,Seed,15,United States,2020-04-01T00:45:36.000Z,
Cuyana,SF Bay Area,,2020-03-30,,Retail,https://www.instagram.com/p/B-YJi1UJVoC/,Series C,31,United States,2020-04-10T22:15:32.000Z,
ZipRecruiter,Los Angeles,400,2020-03-29,0.39,Recruiting,https://www.wsj.com/articles/ziprecruiter-downsizes-as-employers-scale-back-hiring-11585498957,Series B,219,United States,2020-03-29T22:32:22.000Z,
Amplero,Seattle,17,2020-03-29,1,Marketing,https://www.geekwire.com/2020/canary-coal-mine-seattle-marketing-tech-startup-amplero-shuts-lays-off-17-employees/,Series B,25,United States,2020-04-01T00:44:13.000Z,
Polarr,SF Bay Area,10,2020-03-29,,Consumer,https://medium.com/@derekzhyan/drawing-a-blank-18068b4aff1d,Series A,13,United States,2020-04-08T05:53:45.000Z,
TravelTriangle,"Gurugram, Non-U.S.",250,2020-03-28,0.5,Travel,https://entrackr.com/2020/03/exclusive-traveltriangle-lays-off-250-employees-covid-crisis/,Series D,47,India,2020-04-01T00:58:22.000Z,
WeWork,New York City,250,2020-03-28,,Real Estate,https://www.reuters.com/article/wework-layoffs/wework-cuts-about-250-more-jobs-to-reduce-costs-source-idUSL4N2BL0DJ,Series H,2250,United States,2020-03-29T22:30:34.000Z,
Rent the Runway,New York City,,2020-03-28,,Retail,https://www.theverge.com/2020/3/28/21198042/rent-the-runway-lays-off-all-retail-employees-due-to-coronavirus-uncertainty,Series F,541,United States,2020-03-29T22:31:57.000Z,
OneWeb,"London, Non-U.S.",451,2020-03-27,0.85,Aerospace,https://spacenews.com/oneweb-files-for-chapter-11-bankruptcy/,Unknown,3000,United Kingdom,2020-03-28T20:52:49.000Z,
Bird,Los Angeles,406,2020-03-27,0.3,Transportation,https://layoffs.fyi/2020/03/30/bird-lays-off-over-400-employees,Series D,623,United States,2020-03-28T20:52:49.000Z,
HOOQ,"Singapore, Non-U.S.",250,2020-03-27,1,Consumer,https://techcrunch.com/2020/03/27/streaming-service-hooq-files-for-liquidation/,Unknown,95,Singapore,2020-04-18T13:33:15.000Z,
Everlane,SF Bay Area,227,2020-03-27,,Retail,https://www.vice.com/en_ca/article/akw9ej/everlane-reassures-workers-then-lays-off-and-furloughs-hundreds,Unknown,18,United States,2020-03-29T22:31:11.000Z,
DataRobot,Boston,200,2020-03-27,,Data,https://www.americaninno.com/boston/inno-news-boston/datarobot-cuts-workforce-as-coronavirus-roils-the-startup-economy/,Series E,430,United States,2020-03-28T20:52:49.000Z,
Restaurant365,Los Angeles,175,2020-03-27,,Food,https://news.crunchbase.com/news/restaurant365-confirms-coronavirus-related-layoffs/,Series C,127,United States,2020-03-28T20:52:49.000Z,
Blueground,New York City,130,2020-03-27,0.25,Real Estate,https://layoffs.fyi/2020/04/08/blueground-laid-off-130-employees/,Series B,77,United States,2020-03-30T14:19:23.000Z,
Knotel,New York City,127,2020-03-27,0.3,Real Estate,https://commercialobserver.com/2020/03/knotel-cuts-half-of-its-staff-amid-coronavirus-pandemic/,Series C,560,United States,2020-03-28T20:52:49.000Z,
Getaround,SF Bay Area,100,2020-03-27,0.25,Transportation,https://www.bizjournals.com/sanfrancisco/news/2020/03/27/getaround-issues-another-layoff-round-as-it-seeks.html,Series D,403,United States,2020-03-29T22:30:11.000Z,
Zipcar,Boston,100,2020-03-27,0.2,Transportation,https://layoffs.fyi/2020/04/03/zipcar-laid-off-20-of-staff-amid-widescale-travel-disruption,Acquired,107,United States,2020-03-28T20:52:49.000Z,
Mogo,"Vancouver, Non-U.S.",78,2020-03-27,0.3,Finance,https://betakit.com/mogo-lays-off-30-percent-of-staff-makes-company-wide-cuts-citing-covid-19-uncertainty/,Post-IPO,201,Canada,2020-04-03T14:40:07.000Z,
DISCO,Austin,75,2020-03-27,,Legal,https://www.americaninno.com/austin/inno-news/layoffs-at-fast-rising-austin-startup-disco/,Series E,133,United States,2020-03-28T20:52:49.000Z,
Raken,San Diego,60,2020-03-27,,Construction,LinkedIn,Series A,12,United States,2020-04-05T21:21:50.000Z,
Bench,"Vancouver, Non-U.S.",47,2020-03-27,0.1,Finance,https://betakit.com/bench-re-hires-workers-as-sales-rebound-following-shift-to-helping-us-businesses-with-covid-relief/,Series B,49,Canada,2020-06-23T01:22:09.000Z,
Loft,"Sao Paulo, Non-U.S.",47,2020-03-27,,Real Estate,https://br.financas.yahoo.com/noticias/startup-loft-demitiu-47-antes-165500949.html,Series C,263,Brazil,2020-04-08T20:43:37.000Z,
Oh My Green,SF Bay Area,40,2020-03-27,,Food,https://finance.yahoo.com/news/tech-startups-ask-workers-trade-110029332.html,Seed,20,United States,2020-03-29T23:31:27.000Z,
Bevi,Boston,30,2020-03-27,0.2,Food,https://www.americaninno.com/boston/inno-news-boston/boston-hospitality-startups-downsize-as-the-coronavirus-disruption-continues/,Series C,60,United States,2020-03-28T20:52:49.000Z,
Textio,Seattle,30,2020-03-27,0.2,Recruiting,https://www.geekwire.com/2020/textio-lays-off-30-amid-covid-19-seattle-startup-hopes-ai-writing-tech-will-aid-job-seekers/,Unknown,41,United States,2020-03-28T20:52:49.000Z,
Opal,Portland,20,2020-03-27,,Marketing,https://www.oregonlive.com/silicon-forest/2020/03/portland-marketing-technology-startup-opal-lays-off-20-amid-coronavirus-outbreak.html,Series B,25,United States,2020-03-28T20:52:49.000Z,
ThirdLove,New York City,10,2020-03-27,,Retail,https://www.vox.com/the-goods/2020/3/27/21195664/coronavirus-layoffs-furlough-severance,Series B,68,United States,2020-04-02T04:05:59.000Z,
Bcredi,"Curitiba, Non-U.S.",,2020-03-27,,Finance,https://layoffs.fyi/list/bcredi/,Series A,,Brazil,2020-04-25T15:28:59.000Z,
Make School,SF Bay Area,,2020-03-27,,Education,https://www.makeschool.com/blog/a-message-of-solidarity-to-our-community,Unknown,,United States,2020-04-16T14:29:10.000Z,
Pivot3,Austin,,2020-03-27,,Infrastructure,https://blocksandfiles.com/2020/03/27/hci-shop-pivot3-makes-significant-layoffs/,Series H,273,United States,2020-03-28T20:52:49.000Z,
B8ta,SF Bay Area,250,2020-03-26,0.5,Retail,https://www.retaildive.com/news/b8ta-announces-corporate-layoffs-and-store-associate-furloughs/574955/,Series C,88,United States,2020-03-29T22:31:33.000Z,
Fareportal,"Gurugram, Non-U.S.",200,2020-03-26,,Travel,https://hrnxt.com/news/exclusive-travel-tech-firm-fareportal-lays-off-employees/16389/2020/03/26/,Unknown,,India,2020-03-30T14:02:41.000Z,
Puppet,Portland,50,2020-03-26,0.1,Infrastructure,https://www.oregonlive.com/silicon-forest/2020/03/portland-marketing-technology-startup-opal-lays-off-20-amid-coronavirus-outbreak.html,Series F,149,United States,2020-03-28T20:52:49.000Z,
Ecobee,"Toronto, Non-U.S.",47,2020-03-26,0.1,Energy,https://layoffs.fyi/2020/04/10/ecobee-laid-off-47-employees/,Series C,149,Canada,2020-03-28T20:52:49.000Z,
Passport,Charlotte,44,2020-03-26,,Transportation,https://layoffs.fyi/2020/04/09/passport-lays-off-employees-and-furloughs-others/,Series D,123,United States,2020-03-28T20:52:49.000Z,
Peerspace,SF Bay Area,41,2020-03-26,0.75,Real Estate,https://www.peerspace.com/blog/ceo-letter-to-the-peerspace-community/,Series B,34,United States,2020-03-31T13:33:10.000Z,
GoSpotCheck,Denver,23,2020-03-26,0.2,Retail,https://businessden.com/2020/03/26/software-firm-gospotcheck-cuts-23-employees-in-bid-to-extend-runway/,Series B,47,United States,2020-03-28T20:52:49.000Z,
Consider.co,SF Bay Area,13,2020-03-26,1,Other,https://www.consider.co/,Seed,5,United States,2020-03-28T20:52:49.000Z,
Nativo,Los Angeles,,2020-03-26,0.4,Marketing,LinkedIn,Series B,35,United States,2020-04-03T13:49:34.000Z,
TripActions,SF Bay Area,300,2020-03-25,0.25,Travel,https://layoffs.fyi/2020/03/31/tripactions-laid-off-300-employees-via-a-group-zoom-call/,Series D,981,United States,2020-03-28T20:52:49.000Z,
Lyric,SF Bay Area,100,2020-03-25,,Real Estate,https://therealdeal.com/2020/03/25/another-bloodbath-lyric-to-slash-jobs-drop-units/,Series B,179.1,United States,2020-07-04T03:10:31.000Z,
Rangle,"Toronto, Non-U.S.",78,2020-03-25,0.3,Product,https://betakit.com/rangle-temporarily-lays-off-78-employees-as-financial-pressures-from-pandemic-hit-cdntech/,Unknown,,Canada,2020-03-28T20:52:49.000Z,
O'Reilly Media,SF Bay Area,75,2020-03-25,0.15,Media,https://www.businessinsider.com/oreilly-media-layoffs-events-business-2020-3,Unknown,,United States,2020-03-30T14:03:56.000Z,
WanderJaunt,SF Bay Area,56,2020-03-25,0.23,Travel,https://www.nytimes.com/2020/04/01/technology/virus-start-ups-pummeled-layoffs-unwinding.html,Series B,26,United States,2020-04-01T21:08:37.000Z,
OutboundEngine,Austin,52,2020-03-25,0.28,Marketing,https://www.bizjournals.com/austin/news/2020/03/25/outbound-engine-lays-off-dozens-amid-coronavirus.html,Series C,48,United States,2020-03-28T20:52:49.000Z,
Wonderschool,SF Bay Area,50,2020-03-25,0.75,Education,https://layoffs.fyi/2020/03/26/wonderschool-lays-off-75-of-employees/,Series A,24,United States,2020-03-28T20:52:49.000Z,
Overtime,New York City,30,2020-03-25,0.23,Media,https://frntofficesport.com/overtime-coronavirus-job-cuts/,Series B,35,United States,2020-04-02T22:27:38.000Z,
Jama,Portland,12,2020-03-25,0.05,Product,https://www.oregonlive.com/silicon-forest/2020/03/jama-software-will-lay-off-a-dozen-but-says-business-is-solid-during-coronavirus-outbreak.html,Unknown,233,United States,2020-03-28T20:52:49.000Z,
Element Analytics,SF Bay Area,10,2020-03-25,,Data,Company executive,Series A,22,United States,2020-04-18T18:20:15.000Z,
Clever Real Estate,St. Louis,,2020-03-25,,Real Estate,https://www.bizjournals.com/stlouis/news/2020/03/25/this-sucks-st-louis-real-estate-startup-lays-off.html,Series A,5,United States,2020-04-08T05:48:08.000Z,
Clutter,Los Angeles,,2020-03-25,0.3,Consumer,https://www.teamblind.com/post/Corona-based-layoffs-tracker-sHaHz6KO,Series D,296,United States,2020-03-30T14:07:32.000Z,
Divvy Homes,SF Bay Area,,2020-03-25,0.08,Real Estate,https://www.teamblind.com/post/Corona-based-layoffs-tracker-sHaHz6KO,Series B,180,United States,2020-03-30T14:10:44.000Z,
Universal Standard,New York City,,2020-03-25,,Retail,https://www.modernretail.co/startups/coronavirus-fallout-tracking-the-layoffs-furloughs-and-cuts-at-retail-startups/,Series A,8,United States,2020-04-01T00:50:06.000Z,
Sonder,SF Bay Area,400,2020-03-24,0.33,Travel,https://layoffs.fyi/2020/03/27/sonder-lays-off-400-employees-bookings-down-20/,Series D,359,United States,2020-03-28T20:52:49.000Z,
Takl,Nashville,130,2020-03-24,,Consumer,https://www.bizjournals.com/nashville/news/2020/03/24/hours-before-nashville-company-laid-off-staff-it.html,Unknown,,United States,2020-04-02T21:07:32.000Z,
Foodsby,Minneapolis,87,2020-03-24,0.67,Food,https://www.americaninno.com/minne/inno-news-minne/layoffs-at-foodsby-after-drop-in-business-from-coronavirus/,Series B,20,United States,2020-03-28T20:52:49.000Z,
Zeus Living,SF Bay Area,80,2020-03-24,0.3,Real Estate,https://layoffs.fyi/2020/03/30/zeus-living-laid-off-80-employees,Series B,79,United States,2020-03-28T20:52:49.000Z,
TravelBank,SF Bay Area,20,2020-03-24,,Travel,https://www.teamblind.com/post/TravelBank-had-layoffs-t0kHoLwb,Series B,35,United States,2020-04-01T17:24:19.000Z,
Flowr,"Toronto, Non-U.S.",,2020-03-24,0.25,Retail,https://www.benzinga.com/markets/cannabis/20/03/15650740/cannabis-startups-flowr-and-leafly-cite-covid-19-fears-for-layoffs,Unknown,,Canada,2020-03-28T20:52:49.000Z,
Peerfit,Tampa Bay,,2020-03-24,0.4,HR,https://www.americaninno.com/tampabay/newsletters/tech-org-local-startup-team-up-for-virtual-event-peerfit-layoffs-newsletter/,Unknown,47,United States,2020-03-30T13:59:33.000Z,
SpotHero,Chicago,,2020-03-24,,Transportation,https://americaninno.com/chicago/inno-news-chicago/layoffs-at-spothero-as-demand-drops-due-to-coronavirus/,Series D,117,United States,2020-03-28T20:52:49.000Z,
Compass,New York City,375,2020-03-23,0.15,Real Estate,https://layoffs.fyi/2020/04/14/compass-laid-off-375-employees-showings-have-dropped-by-60/,Series G,1600,United States,2020-03-28T20:52:49.000Z,
Convene,New York City,150,2020-03-23,0.18,Real Estate,https://layoffs.fyi/2020/04/08/convene-laid-off-150-employees/,Series D,280,United States,2020-03-28T20:52:49.000Z,
Leafly,Seattle,91,2020-03-23,0.5,Retail,https://www.geekwire.com/2020/leafly-lays-off-additional-91-employees-eliminating-50-percent-staff-2020/,Acquired,2,United States,2020-03-28T20:52:49.000Z,
The Guild,Austin,38,2020-03-23,0.22,Travel,https://www.americaninno.com/austin/inno-news/report-austin-startup-the-guild-lays-off-38-people/,Series B,36,United States,2020-03-28T20:52:49.000Z,
Drip,Salt Lake City,20,2020-03-23,,Marketing,LinkedIn,Acquired,0,United States,2020-04-01T21:32:19.000Z,
GrayMeta,Los Angeles,20,2020-03-23,0.4,Data,LinkedIn,Unknown,7,United States,2020-04-01T05:31:34.000Z,
Triplebyte,SF Bay Area,15,2020-03-23,0.17,Recruiting,https://layoffs.fyi/2020/03/26/triplebyte-lays-off-15-talent-managers-and-technical-writers/,Series B,48,United States,2020-03-28T20:52:49.000Z,
Ladder Life,SF Bay Area,13,2020-03-23,0.25,Finance,LinkedIn,Series C,94,United States,2020-04-07T13:49:37.000Z,
Cabin,SF Bay Area,,2020-03-23,0.2,Travel,https://www.theinformation.com/articles/layoffs-accelerate-across-silicon-valley-startups,Seed,3,United States,2020-03-28T20:52:49.000Z,
Eight Sleep,New York City,,2020-03-23,0.2,Retail,https://www.theinformation.com/articles/layoffs-accelerate-across-silicon-valley-startups,Series C,70,United States,2020-03-28T20:52:49.000Z,
Zwift,Los Angeles,,2020-03-23,,Fitness,https://www.dcrainmaker.com/2020/03/zwift-lays-off-employees-in-move-to-focus-on-developing-new-hardware.html,Series B,164,United States,2020-04-02T22:05:25.000Z,
Flywheel Sports,New York City,784,2020-03-20,0.98,Fitness,https://stayfit305.com/solidcore-and-flywheel-announce-layoffs-as-a-result-of-covid-19/,Acquired,120,United States,2020-04-09T21:45:39.000Z,
Peek,Salt Lake City,45,2020-03-20,,Travel,https://layoffs.fyi/2020/04/06/peek-conducted-a-mass-layoff/,Series B,39,United States,2020-04-03T14:42:45.000Z,
CTO.ai,"Vancouver, Non-U.S.",30,2020-03-20,0.5,Infrastructure,LinkedIn,Seed,7,Canada,2020-04-02T04:13:56.000Z,
Yonder,Austin,18,2020-03-20,,Media,https://www.americaninno.com/austin/inno-news/austin-startup-yonder-lays-off-18-employees-citing-coronavirus-disruptions/,Series A,16,United States,2020-03-28T20:52:49.000Z,
Service,Los Angeles,,2020-03-20,1,Travel,https://techcrunch.com/2020/03/16/travel-savings-tool-service-shuts-down-citing-covid-19-downturn/,Seed,5,United States,2020-04-01T21:17:10.000Z,
Vacasa,Portland,,2020-03-20,,Travel,https://www.bizjournals.com/portland/news/2020/03/20/vacasa-announces-large-scale-layoffs-slashes.html,Series C,526,United States,2020-03-28T20:52:49.000Z,
Bounce,"Bengaluru, Non-U.S.",120,2020-03-19,,Transportation,https://www.cqai520.com/tech/scooter-rental-startup-bounce-lays-off-120-employees-amid-coronavirus-scare-report/#more-18179,Series D,214,India,2020-03-28T20:52:49.000Z,
Ejento,SF Bay Area,84,2020-03-19,1,Recruiting,https://layoffs.fyi/list/ejento/,Unknown,,United States,2020-03-28T20:52:49.000Z,
Remote Year,Chicago,50,2020-03-19,0.5,Travel,https://techcrunch.com/2020/03/19/remote-year-which-helps-you-work-while-traveling-the-world-lays-off-50-of-staff/,Series B,17,United States,2020-03-28T20:52:49.000Z,
Lola,Boston,34,2020-03-19,,Travel,https://layoffs.fyi/2020/03/19/lola-lays-off-34-employees-due-to-impact-of-the-coronavirus/,Series C,81,United States,2020-03-28T20:52:49.000Z,
Anyvision,"Tel Aviv, Non-U.S.",,2020-03-19,,Security,https://ipvm.com/reports/anyvision-20-layoffs,Series A,74,Israel,2020-03-30T13:58:13.000Z,
Popin,New York City,,2020-03-19,1,Fitness,https://www.businessinsider.com/fitness-app-popin-shut-down-email-to-users-2020-3?r=startups-layoff-lp,Unknown,13,United States,2020-04-06T23:47:12.000Z,
Tuft & Needle,Phoenix,,2020-03-19,,Retail,https://www.theverge.com/2020/3/19/21185840/tuft-needle-coronavirus-firing-retail-staff-closing-stores,Acquired,0,United States,2020-04-05T23:23:24.000Z,
Flytedesk,Boulder,4,2020-03-18,0.2,Marketing,https://businessden.com/2020/03/18/boulder-advertising-startup-flytedesk-lays-off-staff-amid-coronavirus/,Seed,4,United States,2020-04-01T00:56:54.000Z,
Inspirato,Denver,130,2020-03-16,0.22,Travel,https://businessden.com/2020/03/16/inspirato-cuts-20-of-workforce/,Series C,79,United States,2020-03-31T14:45:56.000Z,
Help.com,Austin,16,2020-03-16,1,Support,LinkedIn,Seed,6,United States,2020-04-16T06:36:06.000Z,
Service,Los Angeles,,2020-03-16,1,Travel,https://techcrunch.com/2020/03/16/travel-savings-tool-service-shuts-down-citing-covid-19-downturn/?utm_source=feedburner&utm_medium=feed&utm_campaign=Feed%3A+techcrunch%2Fstartups+%28TechCrunch+%C2%BB+Startups%29,Seed,5.1,United States,2020-08-31T15:17:26.000Z,
HopSkipDrive,Los Angeles,8,2020-03-13,0.1,Transportation,https://layoffs.fyi/2020/04/02/hopskipdrive-laid-off-10-of-team-due-to-school-closures/,Unknown,45,United States,2020-04-03T04:47:03.000Z,
Panda Squad,SF Bay Area,6,2020-03-13,0.75,Consumer,https://twitter.com/danielsinger/status/1238545571092160514,Seed,1,United States,2020-04-17T00:12:49.000Z,
Tamara Mellon,Los Angeles,20,2020-03-12,0.4,Retail,https://layoffs.fyi/list/tamara-mellon/,Series C,90,United States,2020-03-31T16:04:23.000Z,
EasyPost,Salt Lake City,75,2020-03-11,,Logistics,https://www.bizjournals.com/louisville/news/2020/03/11/logistics-company-ceasing-operations-planning.html,Series A,12,United States,2020-03-31T13:21:54.000Z,
